date_utc,krw_open,krw_src,korbit_age_min,upbit_close,usdkrw_0000
2014-01-01,775000,korbit_last_trade_0000,58.5667,,1055.25
2014-01-02,766000,korbit_last_trade_0000,16.5,,1055.25
2014-01-03,800000,korbit_last_trade_0000,3.41667,,1050.3
2014-01-04,840000,korbit_last_trade_0000,170.833,,1055
2014-01-05,880000,korbit_last_trade_0000,53.0833,,1055
2014-01-06,970000,korbit_last_trade_0000,18.4167,,1055
2014-01-07,980000,korbit_last_trade_0000,7.48333,,1065.01
2014-01-08,842000,korbit_last_trade_0000,0.8,,1068.5
2014-01-09,890000,korbit_last_trade_0000,0.0666667,,1065.45
2014-01-10,940000,korbit_last_trade_0000,23.9,,1062.89
2014-01-11,910000,korbit_last_trade_0000,25.4833,,1061.32
2014-01-12,925000,korbit_last_trade_0000,1.43333,,1061.32
2014-01-13,900001,korbit_last_trade_0000,14.4833,,1061.32
2014-01-14,900000,korbit_last_trade_0000,12.7667,,1056.7
2014-01-15,895000,korbit_last_trade_0000,2.05,,1059.43
2014-01-16,923000,korbit_last_trade_0000,4.88333,,1062.6
2014-01-17,911000,korbit_last_trade_0000,1.5,,1063
2014-01-18,890000,korbit_last_trade_0000,6.43333,,1060.8
2014-01-19,890000,korbit_last_trade_0000,4.65,,1060.8
2014-01-20,920000,korbit_last_trade_0000,1.7,,1060.8
2014-01-21,905000,korbit_last_trade_0000,4.98333,,1060.8
2014-01-22,900000,korbit_last_trade_0000,3.88333,,1065.05
2014-01-23,895000,korbit_last_trade_0000,13.3167,,1067.3
2014-01-24,891000,korbit_last_trade_0000,17.9833,,1073.1
2014-01-25,870000,korbit_last_trade_0000,15.5167,,1080.1
2014-01-26,873500,korbit_last_trade_0000,20.7,,1080.1
2014-01-27,903800,korbit_last_trade_0000,89.05,,1080.1
2014-01-28,888000,korbit_last_trade_0000,8.3,,1083.7
2014-01-29,880000,korbit_last_trade_0000,34.55,,1079.14
2014-01-30,870000,korbit_last_trade_0000,25.9667,,1069.8
2014-01-31,883000,korbit_last_trade_0000,10.1667,,1080.11
2014-02-01,889900,korbit_last_trade_0000,471.283,,1080.36
2014-02-02,899000,korbit_last_trade_0000,201.633,,1080.36
2014-02-03,892204,korbit_last_trade_0000,37.3667,,1080.36
2014-02-04,899999,korbit_last_trade_0000,343.467,,1084.25
2014-02-05,897400,korbit_last_trade_0000,91.4667,,1083.7
2014-02-06,880000,korbit_last_trade_0000,14.75,,1077.6
2014-02-07,870000,korbit_last_trade_0000,25.4667,,1078.8
2014-02-08,822220,korbit_last_trade_0000,12.8333,,1073.83
2014-02-09,790000,korbit_last_trade_0000,0.433333,,1073.83
2014-02-10,804000,korbit_last_trade_0000,5.93333,,1073.83
2014-02-11,794000,korbit_last_trade_0000,1.56667,,1072.3
2014-02-12,763600,korbit_last_trade_0000,3.41667,,1070.8
2014-02-13,723000,korbit_last_trade_0000,45.2167,,1062.14
2014-02-14,680000,korbit_last_trade_0000,0.1,,1066.2
2014-02-15,713000,korbit_last_trade_0000,47.6167,,1062.9
2014-02-16,681500,korbit_last_trade_0000,66.4167,,1062.9
2014-02-17,670000,korbit_last_trade_0000,9.01667,,1062.9
2014-02-18,678300,korbit_last_trade_0000,2.03333,,1062.9
2014-02-19,685000,korbit_last_trade_0000,13.0667,,1065.54
2014-02-20,690000,korbit_last_trade_0000,82.6167,,1065.25
2014-02-21,638000,korbit_last_trade_0000,9.2,,1072
2014-02-22,623000,korbit_last_trade_0000,1.43333,,1072.15
2014-02-23,655900,korbit_last_trade_0000,3.03333,,1072.15
2014-02-24,655000,korbit_last_trade_0000,47.4833,,1072.15
2014-02-25,618000,korbit_last_trade_0000,0.0166667,,1074
2014-02-26,608100,korbit_last_trade_0000,0.1,,1072.78
2014-02-27,610000,korbit_last_trade_0000,0.55,,1065.72
2014-02-28,615690,korbit_last_trade_0000,48.65,,1068.85
2014-03-01,595100,korbit_last_trade_0000,2.21667,,1066.01
2014-03-02,605000,korbit_last_trade_0000,21.8167,,1066.01
2014-03-03,599900,korbit_last_trade_0000,5.93333,,1066.01
2014-03-04,695000,korbit_last_trade_0000,8.9,,1069.9
2014-03-05,705000,korbit_last_trade_0000,9.06667,,1071.2
2014-03-06,696000,korbit_last_trade_0000,25.2167,,1070.85
2014-03-07,695000,korbit_last_trade_0000,51.2333,,1064.1
2014-03-08,649000,korbit_last_trade_0000,73.45,,1064.2
2014-03-09,641002,korbit_last_trade_0000,13.1,,1064.2
2014-03-10,670000,korbit_last_trade_0000,0.35,,1064.2
2014-03-11,650000,korbit_last_trade_0000,30.4667,,1066.5
2014-03-12,649100,korbit_last_trade_0000,5.48333,,1065.13
2014-03-13,665233,korbit_last_trade_0000,151.983,,1070.2
2014-03-14,670234,korbit_last_trade_0000,26.9,,1068.35
2014-03-15,666666,korbit_last_trade_0000,151.567,,1071.33
2014-03-16,670000,korbit_last_trade_0000,54.7,,1071.33
2014-03-17,680000,korbit_last_trade_0000,10.0167,,1071.33
2014-03-18,670899,korbit_last_trade_0000,98.4333,,1067.15
2014-03-19,652500,korbit_last_trade_0000,5.35,,1068.5
2014-03-20,651002,korbit_last_trade_0000,9.48333,,1070.53
2014-03-21,640000,korbit_last_trade_0000,14.9833,,1076.28
2014-03-22,621100,korbit_last_trade_0000,7.6,,1079.6
2014-03-23,605000,korbit_last_trade_0000,4.23333,,1079.6
2014-03-24,620000,korbit_last_trade_0000,13.8333,,1079.6
2014-03-25,620000,korbit_last_trade_0000,158.6,,1077.7
2014-03-26,620000,korbit_last_trade_0000,15.8667,,1078.67
2014-03-27,620001,korbit_last_trade_0000,5.58333,,1074.97
2014-03-28,510000,korbit_last_trade_0000,2.63333,,1071.65
2014-03-29,550000,korbit_last_trade_0000,87,,1068.85
2014-03-30,525000,korbit_last_trade_0000,9.91667,,1068.85
2014-03-31,470000,korbit_last_trade_0000,4.25,,1068.85
2014-04-01,480000,korbit_last_trade_0000,3.05,,1064.65
2014-04-02,513400,korbit_last_trade_0000,15.25,,1058.3
2014-04-03,499000,korbit_last_trade_0000,7.56667,,1057.2
2014-04-04,456000,korbit_last_trade_0000,6.75,,1057.5
2014-04-05,452100,korbit_last_trade_0000,187.6,,1053.85
2014-04-06,470000,korbit_last_trade_0000,4.96667,,1053.85
2014-04-07,466200,korbit_last_trade_0000,248.417,,1053.85
2014-04-08,470000,korbit_last_trade_0000,1.43333,,1055.17
2014-04-09,467000,korbit_last_trade_0000,294.067,,1052.1
2014-04-10,467500,korbit_last_trade_0000,8.16667,,1041.25
2014-04-11,386000,korbit_last_trade_0000,7.55,,1039.9
2014-04-12,430000,korbit_last_trade_0000,16.3667,,1035.4
2014-04-13,444000,korbit_last_trade_0000,5.96667,,1035.4
2014-04-14,455000,korbit_last_trade_0000,56.8,,1035.4
2014-04-15,500001,korbit_last_trade_0000,0.5,,1039.29
2014-04-16,555000,korbit_last_trade_0000,0.35,,1041.07
2014-04-17,570004,korbit_last_trade_0000,5.31667,,1038.2
2014-04-18,518002,korbit_last_trade_0000,3.4,,1038
2014-04-19,516000,korbit_last_trade_0000,311.067,,1037.35
2014-04-20,530000,korbit_last_trade_0000,52.8833,,1037.35
2014-04-21,525500,korbit_last_trade_0000,2.58333,,1037.35
2014-04-22,530000,korbit_last_trade_0000,41.4667,,1038.56
2014-04-23,528200,korbit_last_trade_0000,8.95,,1037.45
2014-04-24,523000,korbit_last_trade_0000,7.03333,,1039.35
2014-04-25,529900,korbit_last_trade_0000,4.1,,1039.5
2014-04-26,491900,korbit_last_trade_0000,56.2167,,1040.95
2014-04-27,482900,korbit_last_trade_0000,483.467,,1040.95
2014-04-28,452000,korbit_last_trade_0000,0.466667,,1040.95
2014-04-29,459100,korbit_last_trade_0000,11.2333,,1034.9
2014-04-30,465020,korbit_last_trade_0000,1.1,,1029.83
2014-05-01,463000,korbit_last_trade_0000,107.45,,1032.85
2014-05-02,473500,korbit_last_trade_0000,5.51667,,1032.75
2014-05-03,461002,korbit_last_trade_0000,1.06667,,1029.55
2014-05-04,459000,korbit_last_trade_0000,143.65,,1029.55
2014-05-05,459997,korbit_last_trade_0000,426.433,,1029.55
2014-05-06,448502,korbit_last_trade_0000,100.617,,1029.5
2014-05-07,446501,korbit_last_trade_0000,61.0833,,1029.5
2014-05-08,463000,korbit_last_trade_0000,5.81667,,1022.46
2014-05-09,462160,korbit_last_trade_0000,10.2167,,1022.6
2014-05-10,479000,korbit_last_trade_0000,41.1667,,1024.23
2014-05-11,470001,korbit_last_trade_0000,7.61667,,1024.23
2014-05-12,460000,korbit_last_trade_0000,4.4,,1024.23
2014-05-13,455000,korbit_last_trade_0000,20.8167,,1024.29
2014-05-14,452000,korbit_last_trade_0000,46.0833,,1021.85
2014-05-15,454000,korbit_last_trade_0000,16.05,,1027.5
2014-05-16,465000,korbit_last_trade_0000,6.11667,,1025.1
2014-05-17,465001,korbit_last_trade_0000,26.95,,1023.42
2014-05-18,466000,korbit_last_trade_0000,1.7,,1023.42
2014-05-19,465000,korbit_last_trade_0000,3.71667,,1023.42
2014-05-20,463000,korbit_last_trade_0000,67.8333,,1021.87
2014-05-21,499900,korbit_last_trade_0000,3.03333,,1025
2014-05-22,511999,korbit_last_trade_0000,4.38333,,1026.7
2014-05-23,550000,korbit_last_trade_0000,0,,1024.3
2014-05-24,545000,korbit_last_trade_0000,10.75,,1024.45
2014-05-25,547000,korbit_last_trade_0000,38.1667,,1024.45
2014-05-26,596000,korbit_last_trade_0000,67.3833,,1024.45
2014-05-27,613000,korbit_last_trade_0000,22.75,,1024.45
2014-05-28,600000,korbit_last_trade_0000,44.3167,,1022.95
2014-05-29,602000,korbit_last_trade_0000,2.85,,1021.7
2014-05-30,593399,korbit_last_trade_0000,47.1833,,1020.5
2014-05-31,633000,korbit_last_trade_0000,21,,1020.3
2014-06-01,640000,korbit_last_trade_0000,18.9167,,1020.3
2014-06-02,650000,korbit_last_trade_0000,0.183333,,1020.3
2014-06-03,682000,korbit_last_trade_0000,4.6,,1024
2014-06-04,708000,korbit_last_trade_0000,4.01667,,1023
2014-06-05,679000,korbit_last_trade_0000,11.8833,,1023
2014-06-06,690000,korbit_last_trade_0000,14.0667,,1019.7
2014-06-07,680100,korbit_last_trade_0000,59.1667,,1019.7
2014-06-08,678000,korbit_last_trade_0000,131.9,,1019.7
2014-06-09,682000,korbit_last_trade_0000,17.55,,1019.7
2014-06-10,673000,korbit_last_trade_0000,6.26667,,1016.35
2014-06-11,677000,korbit_last_trade_0000,11.8333,,1016.95
2014-06-12,660101,korbit_last_trade_0000,4.68333,,1015.6
2014-06-13,611100,korbit_last_trade_0000,2.16667,,1017.6
2014-06-14,623503,korbit_last_trade_0000,15.1,,1017.8
2014-06-15,604000,korbit_last_trade_0000,6.85,,1017.8
2014-06-16,617999,korbit_last_trade_0000,0.833333,,1017.8
2014-06-17,610000,korbit_last_trade_0000,1.63333,,1020
2014-06-18,617000,korbit_last_trade_0000,14.6667,,1022.3
2014-06-19,621000,korbit_last_trade_0000,11.9167,,1021.85
2014-06-20,617999,korbit_last_trade_0000,11.9667,,1018.37
2014-06-21,613000,korbit_last_trade_0000,96.4667,,1020.81
2014-06-22,610202,korbit_last_trade_0000,30.1333,,1020.81
2014-06-23,618000,korbit_last_trade_0000,73.8833,,1020.81
2014-06-24,610000,korbit_last_trade_0000,11.4667,,1018.1
2014-06-25,604000,korbit_last_trade_0000,2.2,,1018.05
2014-06-26,585000,korbit_last_trade_0000,24.3167,,1019.55
2014-06-27,610000,korbit_last_trade_0000,1.78333,,1016
2014-06-28,628000,korbit_last_trade_0000,1.85,,1013.3
2014-06-29,617000,korbit_last_trade_0000,0.516667,,1013.3
2014-06-30,623000,korbit_last_trade_0000,2.01667,,1013.3
2014-07-01,655305,korbit_last_trade_0000,24.6167,,1011.6
2014-07-02,668200,korbit_last_trade_0000,0.583333,,1010.7
2014-07-03,673000,korbit_last_trade_0000,1.01667,,1009.1
2014-07-04,666000,korbit_last_trade_0000,20.1,,1008.85
2014-07-05,652000,korbit_last_trade_0000,1.16667,,1008.85
2014-07-06,652000,korbit_last_trade_0000,2.75,,1008.85
2014-07-07,651101,korbit_last_trade_0000,0.05,,1008.85
2014-07-08,640000,korbit_last_trade_0000,11.3167,,1011.1
2014-07-09,640000,korbit_last_trade_0000,7.26667,,1011.5
2014-07-10,640000,korbit_last_trade_0000,3.15,,1012.1
2014-07-11,638502,korbit_last_trade_0000,0.283333,,1013.1
2014-07-12,650000,korbit_last_trade_0000,3.16667,,1018.6
2014-07-13,649999,korbit_last_trade_0000,13.4667,,1018.6
2014-07-14,645500,korbit_last_trade_0000,2.08333,,1018.6
2014-07-15,633500,korbit_last_trade_0000,32.8667,,1018.95
2014-07-16,642997,korbit_last_trade_0000,5.31667,,1026.75
2014-07-17,637201,korbit_last_trade_0000,38.4667,,1031.9
2014-07-18,645001,korbit_last_trade_0000,14.6167,,1028.95
2014-07-19,653500,korbit_last_trade_0000,0.95,,1029.1
2014-07-20,652450,korbit_last_trade_0000,65.2667,,1029.1
2014-07-21,649993,korbit_last_trade_0000,1.73333,,1029.1
2014-07-22,648899,korbit_last_trade_0000,1.31667,,1026.65
2014-07-23,643000,korbit_last_trade_0000,1.25,,1024.2
2014-07-24,643400,korbit_last_trade_0000,11.9,,1023.5
2014-07-25,621000,korbit_last_trade_0000,8.58333,,1029.05
2014-07-26,620000,korbit_last_trade_0000,2.16667,,1025.6
2014-07-27,612701,korbit_last_trade_0000,8.9,,1025.6
2014-07-28,610602,korbit_last_trade_0000,20.7333,,1025.6
2014-07-29,608999,korbit_last_trade_0000,8.21667,,1026.1
2014-07-30,595001,korbit_last_trade_0000,6.5,,1024.65
2014-07-31,585000,korbit_last_trade_0000,22.45,,1024.55
2014-08-01,602800,korbit_last_trade_0000,14.7667,,1027.75
2014-08-02,621000,korbit_last_trade_0000,141.183,,1036.85
2014-08-03,609999,korbit_last_trade_0000,41.55,,1036.85
2014-08-04,603001,korbit_last_trade_0000,15.5333,,1036.85
2014-08-05,603699,korbit_last_trade_0000,32.2833,,1032.95
2014-08-06,602000,korbit_last_trade_0000,7.76667,,1027.9
2014-08-07,610000,korbit_last_trade_0000,11.5167,,1033.75
2014-08-08,611500,korbit_last_trade_0000,20.5833,,1036.75
2014-08-09,615999,korbit_last_trade_0000,0.716667,,1036.4
2014-08-10,612800,korbit_last_trade_0000,26.4167,,1036.4
2014-08-11,612000,korbit_last_trade_0000,12.5,,1036.4
2014-08-12,600002,korbit_last_trade_0000,15.9333,,1029.8
2014-08-13,596999,korbit_last_trade_0000,6.06667,,1026.9
2014-08-14,571000,korbit_last_trade_0000,2.25,,1029.35
2014-08-15,525000,korbit_last_trade_0000,25.3333,,1026.9
2014-08-16,502000,korbit_last_trade_0000,27.25,,1020.95
2014-08-17,545000,korbit_last_trade_0000,12.8833,,1020.95
2014-08-18,512988,korbit_last_trade_0000,18.9,,1020.95
2014-08-19,469200,korbit_last_trade_0000,2.1,,1017.35
2014-08-20,491000,korbit_last_trade_0000,0.65,,1017.35
2014-08-21,519000,korbit_last_trade_0000,3.56667,,1022.6
2014-08-22,526102,korbit_last_trade_0000,0.1,,1023.4
2014-08-23,520000,korbit_last_trade_0000,0.683333,,1017.8
2014-08-24,512000,korbit_last_trade_0000,22.8667,,1017.8
2014-08-25,523000,korbit_last_trade_0000,10.3667,,1017.8
2014-08-26,518999,korbit_last_trade_0000,10.55,,1019.65
2014-08-27,518200,korbit_last_trade_0000,0.0166667,,1016.25
2014-08-28,521000,korbit_last_trade_0000,17.4333,,1013.95
2014-08-29,515000,korbit_last_trade_0000,9.45,,1014.85
2014-08-30,520779,korbit_last_trade_0000,48.2667,,1013.85
2014-08-31,512000,korbit_last_trade_0000,44.4333,,1013.85
2014-09-01,486000,korbit_last_trade_0000,0.916667,,1013.85
2014-09-02,480020,korbit_last_trade_0000,2.63333,,1013.85
2014-09-03,490899,korbit_last_trade_0000,41.1167,,1018.2
2014-09-04,488000,korbit_last_trade_0000,39.0333,,1019.55
2014-09-05,494800,korbit_last_trade_0000,42.1833,,1018.7
2014-09-06,487700,korbit_last_trade_0000,38.3667,,1024.25
2014-09-07,487600,korbit_last_trade_0000,10.1167,,1024.25
2014-09-08,489400,korbit_last_trade_0000,36.7333,,1024.25
2014-09-09,476000,korbit_last_trade_0000,51.5833,,1024
2014-09-10,482000,korbit_last_trade_0000,11.2167,,1034.05
2014-09-11,482100,korbit_last_trade_0000,77.4167,,1034.2
2014-09-12,482000,korbit_last_trade_0000,3.08333,,1035.9
2014-09-13,485000,korbit_last_trade_0000,31.75,,1034.9
2014-09-14,488800,korbit_last_trade_0000,94.2167,,1034.9
2014-09-15,486100,korbit_last_trade_0000,29.4,,1034.9
2014-09-16,483000,korbit_last_trade_0000,3.98333,,1037.8
2014-09-17,470000,korbit_last_trade_0000,4.46667,,1035.95
2014-09-18,462900,korbit_last_trade_0000,28.45,,1034.55
2014-09-19,431000,korbit_last_trade_0000,8.65,,1043.3
2014-09-20,416000,korbit_last_trade_0000,0.483333,,1043.55
2014-09-21,428100,korbit_last_trade_0000,133.45,,1043.55
2014-09-22,416900,korbit_last_trade_0000,2.96667,,1043.55
2014-09-23,413900,korbit_last_trade_0000,7.5,,1040.75
2014-09-24,442900,korbit_last_trade_0000,18.7667,,1039.9
2014-09-25,423200,korbit_last_trade_0000,0.716667,,1039.77
2014-09-26,419700,korbit_last_trade_0000,22.1,,1042.6
2014-09-27,417500,korbit_last_trade_0000,36.4,,1044.1
2014-09-28,413200,korbit_last_trade_0000,113.033,,1044.1
2014-09-29,408600,korbit_last_trade_0000,7.68333,,1044.1
2014-09-30,389700,korbit_last_trade_0000,0.35,,1053.15
2014-10-01,400000,korbit_last_trade_0000,26.8,,1054.55
2014-10-02,405900,korbit_last_trade_0000,3.13333,,1062.7
2014-10-03,384300,korbit_last_trade_0000,76.4333,,1061.1
2014-10-04,376100,korbit_last_trade_0000,3.33333,,1061.1
2014-10-05,353800,korbit_last_trade_0000,31.85,,1061.1
2014-10-06,350000,korbit_last_trade_0000,7.78333,,1061.1
2014-10-07,345000,korbit_last_trade_0000,0.233333,,1068.75
2014-10-08,350900,korbit_last_trade_0000,9.1,,1069.4
2014-10-09,382000,korbit_last_trade_0000,3.3,,1074.4
2014-10-10,393000,korbit_last_trade_0000,24.5,,1062.6
2014-10-11,379100,korbit_last_trade_0000,1.11667,,1073.1
2014-10-12,384000,korbit_last_trade_0000,103.35,,1073.1
2014-10-13,393900,korbit_last_trade_0000,79,,1073.1
2014-10-14,396000,korbit_last_trade_0000,9.98333,,1073.1
2014-10-15,418500,korbit_last_trade_0000,36.4,,1064.62
2014-10-16,406000,korbit_last_trade_0000,10.65,,1058.9
2014-10-17,390000,korbit_last_trade_0000,149.217,,1060.16
2014-10-18,401000,korbit_last_trade_0000,46.65,,1063.62
2014-10-19,408000,korbit_last_trade_0000,107.917,,1063.62
2014-10-20,403400,korbit_last_trade_0000,9.76667,,1063.62
2014-10-21,398900,korbit_last_trade_0000,3,,1057.58
2014-10-22,402900,korbit_last_trade_0000,23.9667,,1054.69
2014-10-23,401500,korbit_last_trade_0000,56.4,,1052.47
2014-10-24,380000,korbit_last_trade_0000,0.433333,,1057.87
2014-10-25,379900,korbit_last_trade_0000,46.9,,1055.58
2014-10-26,370000,korbit_last_trade_0000,25.55,,1055.58
2014-10-27,371000,korbit_last_trade_0000,20.6833,,1055.58
2014-10-28,369300,korbit_last_trade_0000,439.55,,1050.99
2014-10-29,370000,korbit_last_trade_0000,51.6667,,1047
2014-10-30,361000,korbit_last_trade_0000,0.516667,,1043.89
2014-10-31,364000,korbit_last_trade_0000,5.26667,,1053.8
2014-11-01,357000,korbit_last_trade_0000,13.3833,,1073.07
2014-11-02,345600,korbit_last_trade_0000,143.167,,1073.07
2014-11-03,341000,korbit_last_trade_0000,12.7333,,1073.07
2014-11-04,345200,korbit_last_trade_0000,1.66667,,1077.63
2014-11-05,348700,korbit_last_trade_0000,119.367,,1076.99
2014-11-06,357700,korbit_last_trade_0000,99.1833,,1089.38
2014-11-07,374700,korbit_last_trade_0000,0.933333,,1084
2014-11-08,368500,korbit_last_trade_0000,38.25,,1086.5
2014-11-09,371500,korbit_last_trade_0000,23.5333,,1086.5
2014-11-10,385000,korbit_last_trade_0000,9.25,,1086.5
2014-11-11,384500,korbit_last_trade_0000,11.25,,1089.28
2014-11-12,389700,korbit_last_trade_0000,0.766667,,1089.28
2014-11-13,449500,korbit_last_trade_0000,1.35,,1093.62
2014-11-14,455000,korbit_last_trade_0000,13.5167,,1093.61
2014-11-15,440000,korbit_last_trade_0000,55.2,,1102.23
2014-11-16,416000,korbit_last_trade_0000,39.9,,1102.23
2014-11-17,420000,korbit_last_trade_0000,0.466667,,1102.23
2014-11-18,424900,korbit_last_trade_0000,72.5667,,1098.12
2014-11-19,410000,korbit_last_trade_0000,12.4667,,1096.64
2014-11-20,422000,korbit_last_trade_0000,2.81667,,1112.04
2014-11-21,393100,korbit_last_trade_0000,0.0166667,,1111.96
2014-11-22,389900,korbit_last_trade_0000,139.817,,1111.05
2014-11-23,394000,korbit_last_trade_0000,4.95,,1111.05
2014-11-24,400100,korbit_last_trade_0000,0.333333,,1111.05
2014-11-25,415000,korbit_last_trade_0000,5.68333,,1114.66
2014-11-26,410000,korbit_last_trade_0000,0.783333,,1108.68
2014-11-27,405600,korbit_last_trade_0000,42.3667,,1103.26
2014-11-28,408000,korbit_last_trade_0000,10.4833,,1103.26
2014-11-29,419900,korbit_last_trade_0000,6.25,,1112.06
2014-11-30,413500,korbit_last_trade_0000,11.55,,1112.06
2014-12-01,414000,korbit_last_trade_0000,6,,1112.06
2014-12-02,420700,korbit_last_trade_0000,19.6167,,1108.36
2014-12-03,426000,korbit_last_trade_0000,118.85,,1115.35
2014-12-04,420000,korbit_last_trade_0000,4.75,,1114.57
2014-12-05,416900,korbit_last_trade_0000,25.4333,,1110.89
2014-12-06,416000,korbit_last_trade_0000,64.85,,1117.74
2014-12-07,415200,korbit_last_trade_0000,53.2667,,1117.74
2014-12-08,414000,korbit_last_trade_0000,23.9,,1117.74
2014-12-09,405100,korbit_last_trade_0000,7.31667,,1112.52
2014-12-10,392000,korbit_last_trade_0000,6.25,,1102.31
2014-12-11,383200,korbit_last_trade_0000,0.75,,1103.75
2014-12-12,386000,korbit_last_trade_0000,30.5167,,1101.83
2014-12-13,390600,korbit_last_trade_0000,41.9833,,1103.01
2014-12-14,387500,korbit_last_trade_0000,125.233,,1103.01
2014-12-15,391900,korbit_last_trade_0000,187.017,,1103.01
2014-12-16,384000,korbit_last_trade_0000,15.2333,,1098.24
2014-12-17,368300,korbit_last_trade_0000,0.733333,,1080.83
2014-12-18,359800,korbit_last_trade_0000,10.3667,,1094.59
2014-12-19,347100,korbit_last_trade_0000,25.65,,1101.75
2014-12-20,355000,korbit_last_trade_0000,19.4833,,1099.21
2014-12-21,365000,korbit_last_trade_0000,26.3833,,1099.21
2014-12-22,358900,korbit_last_trade_0000,0.233333,,1099.21
2014-12-23,366500,korbit_last_trade_0000,34.85,,1097.77
2014-12-24,374000,korbit_last_trade_0000,2.11667,,1104.84
2014-12-25,362000,korbit_last_trade_0000,7.08333,,1103.22
2014-12-26,354800,korbit_last_trade_0000,7.38333,,1103.22
2014-12-27,361300,korbit_last_trade_0000,20.2167,,1103.22
2014-12-28,351500,korbit_last_trade_0000,0.85,,1103.22
2014-12-29,349900,korbit_last_trade_0000,20.3167,,1103.22
2014-12-30,347900,korbit_last_trade_0000,17.7833,,1097.34
2014-12-31,338000,korbit_last_trade_0000,4.63333,,1096.06
2015-01-01,349000,korbit_last_trade_0000,5.08333,,1090.89
2015-01-02,344800,korbit_last_trade_0000,38.95,,1090.89
2015-01-03,346900,korbit_last_trade_0000,14.25,,1103.73
2015-01-04,311000,korbit_last_trade_0000,2,,1103.73
2015-01-05,291000,korbit_last_trade_0000,10.55,,1103.73
2015-01-06,302000,korbit_last_trade_0000,43.0833,,1109.07
2015-01-07,310000,korbit_last_trade_0000,7.91667,,1098.14
2015-01-08,320000,korbit_last_trade_0000,0.216667,,1101.51
2015-01-09,307200,korbit_last_trade_0000,44.85,,1096.19
2015-01-10,312900,korbit_last_trade_0000,11.5667,,1086.14
2015-01-11,303000,korbit_last_trade_0000,33.5833,,1086.14
2015-01-12,296000,korbit_last_trade_0000,42.55,,1086.14
2015-01-13,292000,korbit_last_trade_0000,27.1,,1083.25
2015-01-14,241500,korbit_last_trade_0000,1.9,,1080.42
2015-01-15,186000,korbit_last_trade_0000,5.51667,,1080.45
2015-01-16,221000,korbit_last_trade_0000,1.05,,1077.94
2015-01-17,221200,korbit_last_trade_0000,24.7167,,1076.68
2015-01-18,222000,korbit_last_trade_0000,4.75,,1076.68
2015-01-19,231000,korbit_last_trade_0000,60.4667,,1076.68
2015-01-20,227500,korbit_last_trade_0000,4.91667,,1076.68
2015-01-21,225900,korbit_last_trade_0000,2.73333,,1087.17
2015-01-22,240000,korbit_last_trade_0000,4.98333,,1081.94
2015-01-23,251000,korbit_last_trade_0000,9.56667,,1081.75
2015-01-24,248000,korbit_last_trade_0000,59.55,,1075.75
2015-01-25,267000,korbit_last_trade_0000,2.85,,1075.75
2015-01-26,271000,korbit_last_trade_0000,12.1,,1075.75
2015-01-27,293200,korbit_last_trade_0000,0.333333,,1079.42
2015-01-28,286000,korbit_last_trade_0000,2.38333,,1075.31
2015-01-29,259000,korbit_last_trade_0000,3.31667,,1084.84
2015-01-30,255500,korbit_last_trade_0000,16.1,,1098.6
2015-01-31,252600,korbit_last_trade_0000,5.56667,,1104.3
2015-02-01,239000,korbit_last_trade_0000,0.916667,,1104.3
2015-02-02,248500,korbit_last_trade_0000,1.5,,1104.3
2015-02-03,262000,korbit_last_trade_0000,4.76667,,1099.61
2015-02-04,251000,korbit_last_trade_0000,6.4,,1096.06
2015-02-05,249200,korbit_last_trade_0000,5.25,,1086.79
2015-02-06,242500,korbit_last_trade_0000,2.68333,,1087.05
2015-02-07,248000,korbit_last_trade_0000,29.2333,,1097.26
2015-02-08,249600,korbit_last_trade_0000,41.4667,,1097.26
2015-02-09,241500,korbit_last_trade_0000,32.85,,1097.26
2015-02-10,242600,korbit_last_trade_0000,0.133333,,1096.4
2015-02-11,237100,korbit_last_trade_0000,2.16667,,1098.61
2015-02-12,243500,korbit_last_trade_0000,11.85,,1108.19
2015-02-13,244900,korbit_last_trade_0000,6.61667,,1100.87
2015-02-14,256500,korbit_last_trade_0000,0.05,,1097.2
2015-02-15,279000,korbit_last_trade_0000,0.166667,,1097.2
2015-02-16,255500,korbit_last_trade_0000,2.85,,1097.2
2015-02-17,258300,korbit_last_trade_0000,17.9833,,1097.2
2015-02-18,264500,korbit_last_trade_0000,47.1333,,1107.33
2015-02-19,261900,korbit_last_trade_0000,10.3333,,1112.82
2015-02-20,270000,korbit_last_trade_0000,9.56667,,1110.69
2015-02-21,269200,korbit_last_trade_0000,10.7,,1110.06
2015-02-22,271100,korbit_last_trade_0000,0.216667,,1110.06
2015-02-23,262500,korbit_last_trade_0000,2.46667,,1110.06
2015-02-24,269500,korbit_last_trade_0000,5.11667,,1108.25
2015-02-25,266800,korbit_last_trade_0000,58.6833,,1108.05
2015-02-26,263500,korbit_last_trade_0000,30.0667,,1101.53
2015-02-27,263000,korbit_last_trade_0000,29.3833,,1100.33
2015-02-28,276900,korbit_last_trade_0000,0.05,,1100.65
2015-03-01,276000,korbit_last_trade_0000,1.21667,,1100.65
2015-03-02,279000,korbit_last_trade_0000,1.15,,1100.65
2015-03-03,300000,korbit_last_trade_0000,0.866667,,1101.46
2015-03-04,306100,korbit_last_trade_0000,0.0333333,,1095.65
2015-03-05,302000,korbit_last_trade_0000,2.33333,,1100.2
2015-03-06,303000,korbit_last_trade_0000,12.9167,,1100.11
2015-03-07,300100,korbit_last_trade_0000,0.766667,,1110.36
2015-03-08,301000,korbit_last_trade_0000,7.63333,,1110.36
2015-03-09,301000,korbit_last_trade_0000,4.86667,,1110.36
2015-03-10,318400,korbit_last_trade_0000,1.91667,,1114.18
2015-03-11,325500,korbit_last_trade_0000,1.56667,,1123.32
2015-03-12,330000,korbit_last_trade_0000,0.466667,,1131.33
2015-03-13,328000,korbit_last_trade_0000,17.3667,,1120.13
2015-03-14,322500,korbit_last_trade_0000,0.566667,,1135.7
2015-03-15,315000,korbit_last_trade_0000,175.483,,1135.7
2015-03-16,319500,korbit_last_trade_0000,6.23333,,1135.7
2015-03-17,324000,korbit_last_trade_0000,5.68333,,1129.62
2015-03-18,318900,korbit_last_trade_0000,0.583333,,1127.69
2015-03-19,286200,korbit_last_trade_0000,11.8833,,1127.09
2015-03-20,286000,korbit_last_trade_0000,104.7,,1121.21
2015-03-21,287700,korbit_last_trade_0000,0.0166667,,1113.87
2015-03-22,288100,korbit_last_trade_0000,283.067,,1113.87
2015-03-23,293500,korbit_last_trade_0000,4.2,,1113.87
2015-03-24,291500,korbit_last_trade_0000,6.26667,,1106.68
2015-03-25,270200,korbit_last_trade_0000,0.766667,,1104.2
2015-03-26,271000,korbit_last_trade_0000,5.75,,1099.72
2015-03-27,275900,korbit_last_trade_0000,38.9833,,1103.59
2015-03-28,273800,korbit_last_trade_0000,29.8667,,1103.6
2015-03-29,277500,korbit_last_trade_0000,3.75,,1103.6
2015-03-30,269900,korbit_last_trade_0000,55.7,,1103.6
2015-03-31,273000,korbit_last_trade_0000,28.4,,1106.39
2015-04-01,272000,korbit_last_trade_0000,26.2667,,1107.71
2015-04-02,271000,korbit_last_trade_0000,0.783333,,1098.1
2015-04-03,273200,korbit_last_trade_0000,4.43333,,1089.49
2015-04-04,276300,korbit_last_trade_0000,1.35,,1085.65
2015-04-05,276000,korbit_last_trade_0000,17.6333,,1085.65
2015-04-06,282900,korbit_last_trade_0000,1.35,,1085.65
2015-04-07,277000,korbit_last_trade_0000,20.3667,,1083.38
2015-04-08,278700,korbit_last_trade_0000,13.3,,1093.76
2015-04-09,269000,korbit_last_trade_0000,17.0833,,1093.77
2015-04-10,266800,korbit_last_trade_0000,1.13333,,1093.8
2015-04-11,260000,korbit_last_trade_0000,4.68333,,1093.13
2015-04-12,260000,korbit_last_trade_0000,4.48333,,1093.13
2015-04-13,259900,korbit_last_trade_0000,9.78333,,1093.13
2015-04-14,252000,korbit_last_trade_0000,5.71667,,1100.41
2015-04-15,239700,korbit_last_trade_0000,11.5667,,1090.76
2015-04-16,244100,korbit_last_trade_0000,2.58333,,1095.07
2015-04-17,249900,korbit_last_trade_0000,19.95,,1086.89
2015-04-18,243000,korbit_last_trade_0000,3.21667,,1081.99
2015-04-19,242500,korbit_last_trade_0000,1.98333,,1081.99
2015-04-20,241500,korbit_last_trade_0000,0.9,,1081.99
2015-04-21,242900,korbit_last_trade_0000,0.1,,1081.27
2015-04-22,253900,korbit_last_trade_0000,0.55,,1081.54
2015-04-23,254000,korbit_last_trade_0000,19.4167,,1080.64
2015-04-24,255300,korbit_last_trade_0000,14.3833,,1080
2015-04-25,250000,korbit_last_trade_0000,5.4,,1075.85
2015-04-26,248000,korbit_last_trade_0000,46.05,,1075.85
2015-04-27,237500,korbit_last_trade_0000,12.8833,,1075.85
2015-04-28,242100,korbit_last_trade_0000,21.1167,,1071.01
2015-04-29,243700,korbit_last_trade_0000,10.6167,,1063.03
2015-04-30,242400,korbit_last_trade_0000,4.91667,,1066.48
2015-05-01,253600,korbit_last_trade_0000,10.8167,,1076.74
2015-05-02,251000,korbit_last_trade_0000,55.35,,1080.22
2015-05-03,253000,korbit_last_trade_0000,143.6,,1080.22
2015-05-04,260000,korbit_last_trade_0000,0.316667,,1080.22
2015-05-05,261000,korbit_last_trade_0000,261.85,,1081.19
2015-05-06,256000,korbit_last_trade_0000,1.08333,,1080.46
2015-05-07,250100,korbit_last_trade_0000,27.1333,,1077.23
2015-05-08,259000,korbit_last_trade_0000,7.43333,,1093.55
2015-05-09,266000,korbit_last_trade_0000,73.5333,,1087.28
2015-05-10,264500,korbit_last_trade_0000,50.2,,1087.28
2015-05-11,262800,korbit_last_trade_0000,5.48333,,1087.28
2015-05-12,264600,korbit_last_trade_0000,8.53333,,1095.39
2015-05-13,264600,korbit_last_trade_0000,11.1,,1093.81
2015-05-14,258200,korbit_last_trade_0000,36.1,,1089.72
2015-05-15,260500,korbit_last_trade_0000,9.6,,1089.46
2015-05-16,258200,korbit_last_trade_0000,14.05,,1083.05
2015-05-17,257000,korbit_last_trade_0000,4.45,,1083.05
2015-05-18,257300,korbit_last_trade_0000,5.4,,1083.05
2015-05-19,256500,korbit_last_trade_0000,22.9167,,1088.19
2015-05-20,257000,korbit_last_trade_0000,67.3167,,1093.94
2015-05-21,257100,korbit_last_trade_0000,3.9,,1097.62
2015-05-22,258000,korbit_last_trade_0000,109.583,,1092.41
2015-05-23,261000,korbit_last_trade_0000,78.3333,,1093.46
2015-05-24,262000,korbit_last_trade_0000,23.2167,,1093.46
2015-05-25,264800,korbit_last_trade_0000,60.5333,,1093.46
2015-05-26,260700,korbit_last_trade_0000,10.4333,,1093.46
2015-05-27,262700,korbit_last_trade_0000,15.3167,,1106.06
2015-05-28,263000,korbit_last_trade_0000,24.7667,,1107.84
2015-05-29,264600,korbit_last_trade_0000,1.31667,,1109.86
2015-05-30,263200,korbit_last_trade_0000,60,,1111.99
2015-05-31,258400,korbit_last_trade_0000,21.3833,,1111.99
2015-06-01,257000,korbit_last_trade_0000,24.0167,,1111.99
2015-06-02,250000,korbit_last_trade_0000,26.85,,1115.61
2015-06-03,251200,korbit_last_trade_0000,2.15,,1109.34
2015-06-04,251100,korbit_last_trade_0000,5.33333,,1104.33
2015-06-05,250000,korbit_last_trade_0000,2.78333,,1112.56
2015-06-06,251400,korbit_last_trade_0000,10.3333,,1121.18
2015-06-07,251700,korbit_last_trade_0000,36.6,,1121.18
2015-06-08,249500,korbit_last_trade_0000,0.683333,,1121.18
2015-06-09,254600,korbit_last_trade_0000,7.55,,1121.95
2015-06-10,256300,korbit_last_trade_0000,0.266667,,1119.38
2015-06-11,254400,korbit_last_trade_0000,13.45,,1110.32
2015-06-12,254200,korbit_last_trade_0000,3.18333,,1113.24
2015-06-13,258000,korbit_last_trade_0000,1.5,,1111.63
2015-06-14,259200,korbit_last_trade_0000,3.41667,,1111.63
2015-06-15,259500,korbit_last_trade_0000,2.48333,,1111.63
2015-06-16,265000,korbit_last_trade_0000,53.55,,1114.94
2015-06-17,280000,korbit_last_trade_0000,3.48333,,1118.08
2015-06-18,281000,korbit_last_trade_0000,0.7,,1122.83
2015-06-19,279900,korbit_last_trade_0000,51.5167,,1101.55
2015-06-20,274300,korbit_last_trade_0000,5.53333,,1102.64
2015-06-21,274900,korbit_last_trade_0000,16.3333,,1102.64
2015-06-22,276200,korbit_last_trade_0000,7.76667,,1102.64
2015-06-23,278000,korbit_last_trade_0000,8.75,,1098.85
2015-06-24,276900,korbit_last_trade_0000,2.25,,1104.54
2015-06-25,273200,korbit_last_trade_0000,6.65,,1110.67
2015-06-26,274900,korbit_last_trade_0000,23.6833,,1111.05
2015-06-27,273700,korbit_last_trade_0000,23.5167,,1122.31
2015-06-28,285900,korbit_last_trade_0000,1.61667,,1122.31
2015-06-29,281000,korbit_last_trade_0000,34.5333,,1122.31
2015-06-30,290000,korbit_last_trade_0000,7.1,,1119.09
2015-07-01,296200,korbit_last_trade_0000,18.5167,,1117.34
2015-07-02,289600,korbit_last_trade_0000,4.66667,,1123.89
2015-07-03,285100,korbit_last_trade_0000,27.5333,,1119.95
2015-07-04,288700,korbit_last_trade_0000,1.31667,,1119.95
2015-07-05,293800,korbit_last_trade_0000,4.1,,1119.95
2015-07-06,307300,korbit_last_trade_0000,0.7,,1119.95
2015-07-07,305200,korbit_last_trade_0000,3.28333,,1125.58
2015-07-08,304300,korbit_last_trade_0000,6.51667,,1133.75
2015-07-09,311000,korbit_last_trade_0000,9.3,,1131.75
2015-07-10,310800,korbit_last_trade_0000,15.5333,,1133.69
2015-07-11,329200,korbit_last_trade_0000,39.85,,1127.29
2015-07-12,343000,korbit_last_trade_0000,10.2667,,1127.29
2015-07-13,363500,korbit_last_trade_0000,0.883333,,1127.29
2015-07-14,337000,korbit_last_trade_0000,1.11667,,1133.93
2015-07-15,335000,korbit_last_trade_0000,14.9,,1142.75
2015-07-16,328000,korbit_last_trade_0000,4.18333,,1146.42
2015-07-17,319500,korbit_last_trade_0000,13.5167,,1145.24
2015-07-18,323000,korbit_last_trade_0000,6.46667,,1148.48
2015-07-19,318000,korbit_last_trade_0000,8.18333,,1148.48
2015-07-20,313000,korbit_last_trade_0000,3,,1148.48
2015-07-21,319800,korbit_last_trade_0000,2.38333,,1156.38
2015-07-22,316600,korbit_last_trade_0000,1.28333,,1148.33
2015-07-23,319500,korbit_last_trade_0000,2.08333,,1156.49
2015-07-24,318600,korbit_last_trade_0000,15.7333,,1160.64
2015-07-25,334000,korbit_last_trade_0000,9.51667,,1169.02
2015-07-26,334400,korbit_last_trade_0000,2.03333,,1169.02
2015-07-27,335000,korbit_last_trade_0000,8.06667,,1169.02
2015-07-28,339100,korbit_last_trade_0000,2.13333,,1167.75
2015-07-29,341000,korbit_last_trade_0000,10.4167,,1161.09
2015-07-30,337000,korbit_last_trade_0000,1.05,,1158.49
2015-07-31,336700,korbit_last_trade_0000,0.566667,,1173.42
2015-08-01,332000,korbit_last_trade_0000,2.58333,,1159.7
2015-08-02,325600,korbit_last_trade_0000,0.166667,,1159.7
2015-08-03,328000,korbit_last_trade_0000,11.0167,,1159.7
2015-08-04,327000,korbit_last_trade_0000,2.85,,1168.63
2015-08-05,331400,korbit_last_trade_0000,9.01667,,1161.2
2015-08-06,330000,korbit_last_trade_0000,18.9,,1174.4
2015-08-07,327000,korbit_last_trade_0000,3.38333,,1163.25
2015-08-08,328400,korbit_last_trade_0000,22.75,,1164
2015-08-09,312000,korbit_last_trade_0000,6.03333,,1164
2015-08-10,313500,korbit_last_trade_0000,3.86667,,1164
2015-08-11,310100,korbit_last_trade_0000,0.983333,,1161.69
2015-08-12,319400,korbit_last_trade_0000,1.15,,1181.36
2015-08-13,316000,korbit_last_trade_0000,7.25,,1175.03
2015-08-14,311900,korbit_last_trade_0000,20.6167,,1176.02
2015-08-15,311000,korbit_last_trade_0000,19.0167,,1177.62
2015-08-16,312200,korbit_last_trade_0000,0.666667,,1177.62
2015-08-17,305700,korbit_last_trade_0000,9.56667,,1177.62
2015-08-18,304900,korbit_last_trade_0000,0.45,,1181.53
2015-08-19,275000,korbit_last_trade_0000,4.01667,,1185.85
2015-08-20,274100,korbit_last_trade_0000,7.35,,1184.35
2015-08-21,281100,korbit_last_trade_0000,3.4,,1185.63
2015-08-22,278500,korbit_last_trade_0000,1.85,,1194.6
2015-08-23,279400,korbit_last_trade_0000,3.11667,,1194.6
2015-08-24,277800,korbit_last_trade_0000,30.9333,,1194.6
2015-08-25,261200,korbit_last_trade_0000,2.16667,,1191.13
2015-08-26,265000,korbit_last_trade_0000,1.43333,,1195.25
2015-08-27,267200,korbit_last_trade_0000,0.616667,,1185.52
2015-08-28,266600,korbit_last_trade_0000,2.28333,,1170.49
2015-08-29,273500,korbit_last_trade_0000,2.8,,1180.93
2015-08-30,269700,korbit_last_trade_0000,4.25,,1180.93
2015-08-31,269900,korbit_last_trade_0000,0.383333,,1180.93
2015-09-01,271900,korbit_last_trade_0000,20.7167,,1182.54
2015-09-02,269900,korbit_last_trade_0000,6.31667,,1179.78
2015-09-03,270500,korbit_last_trade_0000,33.4167,,1183.46
2015-09-04,270100,korbit_last_trade_0000,0.4,,1188.07
2015-09-05,274400,korbit_last_trade_0000,8.4,,1196.4
2015-09-06,281100,korbit_last_trade_0000,1.8,,1196.4
2015-09-07,288300,korbit_last_trade_0000,0.933333,,1196.4
2015-09-08,288000,korbit_last_trade_0000,3.7,,1196.4
2015-09-09,291100,korbit_last_trade_0000,5.35,,1195.57
2015-09-10,286900,korbit_last_trade_0000,31.7833,,1186.52
2015-09-11,285600,korbit_last_trade_0000,2.36667,,1184.87
2015-09-12,288200,korbit_last_trade_0000,18.6833,,1182.25
2015-09-13,284500,korbit_last_trade_0000,8.43333,,1182.25
2015-09-14,280000,korbit_last_trade_0000,7.76667,,1182.25
2015-09-15,279800,korbit_last_trade_0000,26.6667,,1181.17
2015-09-16,276900,korbit_last_trade_0000,5.2,,1178.69
2015-09-17,274200,korbit_last_trade_0000,2.05,,1169.77
2015-09-18,276300,korbit_last_trade_0000,7.58333,,1163.11
2015-09-19,277900,korbit_last_trade_0000,11.9167,,1164.13
2015-09-20,276800,korbit_last_trade_0000,0.516667,,1164.13
2015-09-21,276100,korbit_last_trade_0000,0.0166667,,1164.13
2015-09-22,273800,korbit_last_trade_0000,4.66667,,1179.24
2015-09-23,277400,korbit_last_trade_0000,8.3,,1186.1
2015-09-24,278600,korbit_last_trade_0000,0.433333,,1193.96
2015-09-25,282200,korbit_last_trade_0000,0,,1195.48
2015-09-26,284700,korbit_last_trade_0000,11.7,,1190.14
2015-09-27,283700,korbit_last_trade_0000,11.9667,,1190.14
2015-09-28,283900,korbit_last_trade_0000,19.3667,,1190.14
2015-09-29,293300,korbit_last_trade_0000,32.3667,,1193.32
2015-09-30,288400,korbit_last_trade_0000,1.15,,1194.28
2015-10-01,286600,korbit_last_trade_0000,0.783333,,1184.62
2015-10-02,288600,korbit_last_trade_0000,2.88333,,1180.04
2015-10-03,289000,korbit_last_trade_0000,3.53333,,1175.48
2015-10-04,290900,korbit_last_trade_0000,11.55,,1175.48
2015-10-05,288300,korbit_last_trade_0000,1.7,,1175.48
2015-10-06,290200,korbit_last_trade_0000,29.6167,,1158.54
2015-10-07,297400,korbit_last_trade_0000,3.35,,1160.7
2015-10-08,294000,korbit_last_trade_0000,9.58333,,1153.72
2015-10-09,291600,korbit_last_trade_0000,0.316667,,1155.57
2015-10-10,292700,korbit_last_trade_0000,13.9,,1145.67
2015-10-11,292100,korbit_last_trade_0000,5.31667,,1145.67
2015-10-12,295600,korbit_last_trade_0000,0.583333,,1145.67
2015-10-13,293000,korbit_last_trade_0000,27.8,,1145.67
2015-10-14,294500,korbit_last_trade_0000,7.86667,,1147.42
2015-10-15,296300,korbit_last_trade_0000,1.55,,1140.39
2015-10-16,298900,korbit_last_trade_0000,7.46667,,1120.9
2015-10-17,313900,korbit_last_trade_0000,8.35,,1130.73
2015-10-18,324800,korbit_last_trade_0000,5.43333,,1130.73
2015-10-19,313000,korbit_last_trade_0000,4.65,,1130.73
2015-10-20,315000,korbit_last_trade_0000,5.16667,,1130.57
2015-10-21,316400,korbit_last_trade_0000,1.51667,,1128.64
2015-10-22,313600,korbit_last_trade_0000,29.65,,1137.09
2015-10-23,321700,korbit_last_trade_0000,7.41667,,1131.48
2015-10-24,323100,korbit_last_trade_0000,12.4333,,1135
2015-10-25,327900,korbit_last_trade_0000,11.35,,1135
2015-10-26,335000,korbit_last_trade_0000,9.53333,,1135
2015-10-27,341000,korbit_last_trade_0000,7.63333,,1127.47
2015-10-28,344400,korbit_last_trade_0000,1.26667,,1134.57
2015-10-29,362500,korbit_last_trade_0000,1.9,,1130.31
2015-10-30,373300,korbit_last_trade_0000,5.98333,,1142.39
2015-10-31,397800,korbit_last_trade_0000,0.75,,1140.5
2015-11-01,383100,korbit_last_trade_0000,9.73333,,1140.5
2015-11-02,398000,korbit_last_trade_0000,1.58333,,1140.5
2015-11-03,428700,korbit_last_trade_0000,0.666667,,1140.5
2015-11-04,490000,korbit_last_trade_0000,0.766667,,1140.5
2015-11-05,522700,korbit_last_trade_0000,4.13333,,1136.45
2015-11-06,468200,korbit_last_trade_0000,3.28333,,1140.5
2015-11-07,450200,korbit_last_trade_0000,10.4333,,1140.5
2015-11-08,465000,korbit_last_trade_0000,40.9167,,1140.5
2015-11-09,448100,korbit_last_trade_0000,2.45,,1140.5
2015-11-10,452000,korbit_last_trade_0000,9.7,,1160.42
2015-11-11,387000,korbit_last_trade_0000,1.45,,1158.34
2015-11-12,366500,korbit_last_trade_0000,0.15,,1158.34
2015-11-13,404300,korbit_last_trade_0000,4.85,,1158.6
2015-11-14,398000,korbit_last_trade_0000,28.8667,,1169.79
2015-11-15,388800,korbit_last_trade_0000,50.3667,,1169.79
2015-11-16,378000,korbit_last_trade_0000,0.0333333,,1169.79
2015-11-17,383300,korbit_last_trade_0000,3.83333,,1172.67
2015-11-18,394500,korbit_last_trade_0000,11.9833,,1169.08
2015-11-19,393500,korbit_last_trade_0000,1.3,,1167.89
2015-11-20,381300,korbit_last_trade_0000,0.55,,1156.08
2015-11-21,380700,korbit_last_trade_0000,23.3,,1151.63
2015-11-22,381500,korbit_last_trade_0000,37.45,,1151.63
2015-11-23,380400,korbit_last_trade_0000,49.2167,,1151.63
2015-11-24,380500,korbit_last_trade_0000,14.8833,,1159.14
2015-11-25,376400,korbit_last_trade_0000,11.65,,1149.39
2015-11-26,380000,korbit_last_trade_0000,2.91667,,1140.67
2015-11-27,415000,korbit_last_trade_0000,4.96667,,1140.67
2015-11-28,422000,korbit_last_trade_0000,14.5833,,1154.43
2015-11-29,421900,korbit_last_trade_0000,0.166667,,1154.43
2015-11-30,436000,korbit_last_trade_0000,8.91667,,1154.43
2015-12-01,450000,korbit_last_trade_0000,9.61667,,1149.39
2015-12-02,427500,korbit_last_trade_0000,1.51667,,1149.39
2015-12-03,429000,korbit_last_trade_0000,13.65,,1149.39
2015-12-04,432500,korbit_last_trade_0000,12.7833,,1149.39
2015-12-05,430000,korbit_last_trade_0000,16.1333,,1149.39
2015-12-06,450300,korbit_last_trade_0000,3.15,,1149.39
2015-12-07,459300,korbit_last_trade_0000,0.1,,1149.39
2015-12-08,472000,korbit_last_trade_0000,1.51667,,1172.68
2015-12-09,505000,korbit_last_trade_0000,0.166667,,1179.6
2015-12-10,511000,korbit_last_trade_0000,0.0333333,,1181.75
2015-12-11,503500,korbit_last_trade_0000,1.85,,1176.39
2015-12-12,546000,korbit_last_trade_0000,2.08333,,1188
2015-12-13,526000,korbit_last_trade_0000,0.966667,,1188
2015-12-14,532200,korbit_last_trade_0000,10.75,,1188
2015-12-15,541600,korbit_last_trade_0000,1.93333,,1186.2
2015-12-16,566500,korbit_last_trade_0000,1.71667,,1176.66
2015-12-17,550300,korbit_last_trade_0000,3.65,,1177.19
2015-12-18,553000,korbit_last_trade_0000,13.7333,,1187.7
2015-12-19,557600,korbit_last_trade_0000,7.43333,,1178.04
2015-12-20,559400,korbit_last_trade_0000,65.8333,,1178.04
2015-12-21,544100,korbit_last_trade_0000,1,,1178.04
2015-12-22,535500,korbit_last_trade_0000,44.8667,,1173.87
2015-12-23,530600,korbit_last_trade_0000,5.33333,,1169.26
2015-12-24,534800,korbit_last_trade_0000,13.4833,,1140.67
2015-12-25,546800,korbit_last_trade_0000,14.7333,,1167.94
2015-12-26,548000,korbit_last_trade_0000,3.16667,,1167.94
2015-12-27,496300,korbit_last_trade_0000,2.75,,1167.94
2015-12-28,509000,korbit_last_trade_0000,16.7333,,1167.94
2015-12-29,505400,korbit_last_trade_0000,25.4,,1169.26
2015-12-30,516100,korbit_last_trade_0000,1.18333,,1169.26
2015-12-31,507500,korbit_last_trade_0000,0.466667,,1177.53
2016-01-01,513700,korbit_last_trade_0000,23.5167,,1169.26
2016-01-02,518000,korbit_last_trade_0000,1.25,,1169.26
2016-01-03,519100,korbit_last_trade_0000,1.91667,,1169.26
2016-01-04,516200,korbit_last_trade_0000,22.4,,1169.26
2016-01-05,524600,korbit_last_trade_0000,12.2,,1191.46
2016-01-06,518700,korbit_last_trade_0000,9.36667,,1190.43
2016-01-07,516600,korbit_last_trade_0000,13.5,,1200.16
2016-01-08,554600,korbit_last_trade_0000,0.65,,1193.05
2016-01-09,549100,korbit_last_trade_0000,0.1,,1206.97
2016-01-10,540100,korbit_last_trade_0000,5.16667,,1206.97
2016-01-11,541000,korbit_last_trade_0000,8.1,,1206.97
2016-01-12,542000,korbit_last_trade_0000,14.1667,,1206.55
2016-01-13,530100,korbit_last_trade_0000,0.0666667,,1208.95
2016-01-14,524900,korbit_last_trade_0000,16.1833,,1208.95
2016-01-15,521100,korbit_last_trade_0000,18.5,,1211.28
2016-01-16,441000,korbit_last_trade_0000,0.6,,1216.95
2016-01-17,480000,korbit_last_trade_0000,0.0666667,,1216.95
2016-01-18,470100,korbit_last_trade_0000,0.966667,,1216.95
2016-01-19,469000,korbit_last_trade_0000,0.333333,,1216.95
2016-01-20,463600,korbit_last_trade_0000,0.0666667,,1205.61
2016-01-21,511000,korbit_last_trade_0000,1.23333,,1215.4
2016-01-22,501600,korbit_last_trade_0000,26.2667,,1204.31
2016-01-23,462100,korbit_last_trade_0000,8.76667,,1195.66
2016-01-24,468200,korbit_last_trade_0000,0.683333,,1195.66
2016-01-25,484600,korbit_last_trade_0000,1.48333,,1195.66
2016-01-26,478100,korbit_last_trade_0000,0.183333,,1194.3
2016-01-27,478000,korbit_last_trade_0000,28.65,,1199.64
2016-01-28,482900,korbit_last_trade_0000,24.0167,,1199.25
2016-01-29,469900,korbit_last_trade_0000,10.9667,,1204.08
2016-01-30,468300,korbit_last_trade_0000,19.1167,,1210.04
2016-01-31,468900,korbit_last_trade_0000,1.7,,1210.04
2016-02-01,458000,korbit_last_trade_0000,8.76667,,1210.04
2016-02-02,462300,korbit_last_trade_0000,9.15,,1203.19
2016-02-03,463000,korbit_last_trade_0000,2.63333,,1212.01
2016-02-04,455800,korbit_last_trade_0000,1.21667,,1211.33
2016-02-05,470000,korbit_last_trade_0000,0.316667,,1186.11
2016-02-06,472000,korbit_last_trade_0000,6.81667,,1204.69
2016-02-07,469800,korbit_last_trade_0000,1.71667,,1204.69
2016-02-08,470100,korbit_last_trade_0000,19.6167,,1204.69
2016-02-09,468300,korbit_last_trade_0000,38.2333,,1205.1
2016-02-10,470900,korbit_last_trade_0000,29.9333,,1200.39
2016-02-11,475000,korbit_last_trade_0000,19.4167,,1189.69
2016-02-12,474000,korbit_last_trade_0000,3.68333,,1196.89
2016-02-13,479800,korbit_last_trade_0000,9.48333,,1205.13
2016-02-14,489700,korbit_last_trade_0000,1.3,,1205.13
2016-02-15,509000,korbit_last_trade_0000,3.63333,,1205.13
2016-02-16,503100,korbit_last_trade_0000,1.18333,,1205.13
2016-02-17,505700,korbit_last_trade_0000,0.333333,,1219.44
2016-02-18,513800,korbit_last_trade_0000,2.38333,,1222.32
2016-02-19,522700,korbit_last_trade_0000,7.28333,,1231.15
2016-02-20,521500,korbit_last_trade_0000,10.95,,1231.09
2016-02-21,539800,korbit_last_trade_0000,5.73333,,1231.09
2016-02-22,537600,korbit_last_trade_0000,24.8167,,1231.09
2016-02-23,537000,korbit_last_trade_0000,13.0167,,1223.32
2016-02-24,519300,korbit_last_trade_0000,12.9833,,1230.05
2016-02-25,522800,korbit_last_trade_0000,1.26667,,1234.6
2016-02-26,520000,korbit_last_trade_0000,19.5,,1237.39
2016-02-27,525000,korbit_last_trade_0000,0.15,,1242.59
2016-02-28,525800,korbit_last_trade_0000,20.85,,1242.59
2016-02-29,526600,korbit_last_trade_0000,12.4333,,1242.59
2016-03-01,537900,korbit_last_trade_0000,9.61667,,1238.09
2016-03-02,534400,korbit_last_trade_0000,8.53333,,1229.56
2016-03-03,522000,korbit_last_trade_0000,0.7,,1227.59
2016-03-04,517000,korbit_last_trade_0000,95.4833,,1209.55
2016-03-05,502100,korbit_last_trade_0000,2.41667,,1195.09
2016-03-06,492400,korbit_last_trade_0000,2.35,,1195.09
2016-03-07,501000,korbit_last_trade_0000,1.61667,,1195.09
2016-03-08,506000,korbit_last_trade_0000,17.6167,,1200.08
2016-03-09,501900,korbit_last_trade_0000,2.36667,,1206.19
2016-03-10,503000,korbit_last_trade_0000,39.4167,,1206.82
2016-03-11,502400,korbit_last_trade_0000,3.65,,1204.09
2016-03-12,507800,korbit_last_trade_0000,5.31667,,1184.56
2016-03-13,499700,korbit_last_trade_0000,12.2333,,1184.56
2016-03-14,498200,korbit_last_trade_0000,27.6333,,1184.56
2016-03-15,498800,korbit_last_trade_0000,6.2,,1187.39
2016-03-16,499500,korbit_last_trade_0000,28.8167,,1194.99
2016-03-17,498600,korbit_last_trade_0000,26.7833,,1190.59
2016-03-18,495000,korbit_last_trade_0000,17.5833,,1155.83
2016-03-19,481200,korbit_last_trade_0000,4.63333,,1160.11
2016-03-20,480300,korbit_last_trade_0000,4.06667,,1160.11
2016-03-21,485900,korbit_last_trade_0000,7.58333,,1160.11
2016-03-22,485900,korbit_last_trade_0000,0.833333,,1157.33
2016-03-23,490800,korbit_last_trade_0000,10.1333,,1154.58
2016-03-24,492500,korbit_last_trade_0000,11.1833,,1166.59
2016-03-25,491200,korbit_last_trade_0000,4.3,,1168.09
2016-03-26,493400,korbit_last_trade_0000,0.3,,1168.19
2016-03-27,492000,korbit_last_trade_0000,14.3167,,1168.19
2016-03-28,501000,korbit_last_trade_0000,8.85,,1168.19
2016-03-29,500000,korbit_last_trade_0000,18.5333,,1163.39
2016-03-30,489000,korbit_last_trade_0000,4.9,,1164.69
2016-03-31,482500,korbit_last_trade_0000,5.18333,,1142.02
2016-04-01,484000,korbit_last_trade_0000,1.81667,,1138.86
2016-04-02,485600,korbit_last_trade_0000,2.28333,,1147.15
2016-04-03,486900,korbit_last_trade_0000,52.15,,1147.15
2016-04-04,487000,korbit_last_trade_0000,3.66667,,1147.15
2016-04-05,487700,korbit_last_trade_0000,12.6833,,1151.35
2016-04-06,493300,korbit_last_trade_0000,14.6833,,1158.39
2016-04-07,494600,korbit_last_trade_0000,1.26667,,1155.28
2016-04-08,489300,korbit_last_trade_0000,65.8167,,1156.81
2016-04-09,490500,korbit_last_trade_0000,2.21667,,1148.89
2016-04-10,487100,korbit_last_trade_0000,7.66667,,1148.89
2016-04-11,490000,korbit_last_trade_0000,9.55,,1148.89
2016-04-12,489000,korbit_last_trade_0000,15.5,,1141.97
2016-04-13,493300,korbit_last_trade_0000,26.1833,,1144.53
2016-04-14,493200,korbit_last_trade_0000,12.5833,,1146.29
2016-04-15,493200,korbit_last_trade_0000,9.21667,,1151.99
2016-04-16,495200,korbit_last_trade_0000,23.7833,,1144.83
2016-04-17,499500,korbit_last_trade_0000,177.533,,1144.83
2016-04-18,497900,korbit_last_trade_0000,7.45,,1144.83
2016-04-19,498700,korbit_last_trade_0000,19.4333,,1144.48
2016-04-20,500300,korbit_last_trade_0000,2.75,,1126.01
2016-04-21,507400,korbit_last_trade_0000,15.1167,,1130.48
2016-04-22,518800,korbit_last_trade_0000,0.15,,1135.49
2016-04-23,516900,korbit_last_trade_0000,3.4,,1147.85
2016-04-24,519900,korbit_last_trade_0000,7.76667,,1147.85
2016-04-25,528400,korbit_last_trade_0000,0.633333,,1147.85
2016-04-26,532000,korbit_last_trade_0000,0.966667,,1147.76
2016-04-27,535900,korbit_last_trade_0000,8.46667,,1146.66
2016-04-28,515500,korbit_last_trade_0000,2.78333,,1151.5
2016-04-29,516300,korbit_last_trade_0000,2.73333,,1139.93
2016-04-30,522400,korbit_last_trade_0000,23.8333,,1144.09
2016-05-01,516100,korbit_last_trade_0000,4.23333,,1144.09
2016-05-02,518600,korbit_last_trade_0000,10.5,,1144.09
2016-05-03,515000,korbit_last_trade_0000,17.45,,1138.45
2016-05-04,518500,korbit_last_trade_0000,4.8,,1148.69
2016-05-05,519400,korbit_last_trade_0000,18.8167,,1164.59
2016-05-06,518900,korbit_last_trade_0000,8.98333,,1165.93
2016-05-07,529400,korbit_last_trade_0000,7.8,,1167.29
2016-05-08,528000,korbit_last_trade_0000,30.7333,,1167.29
2016-05-09,526700,korbit_last_trade_0000,0.633333,,1167.29
2016-05-10,532900,korbit_last_trade_0000,5.83333,,1174.25
2016-05-11,528000,korbit_last_trade_0000,16.8,,1169.89
2016-05-12,529100,korbit_last_trade_0000,4.31667,,1162.47
2016-05-13,529300,korbit_last_trade_0000,1.8,,1168.7
2016-05-14,531600,korbit_last_trade_0000,6.31667,,1176.85
2016-05-15,531600,korbit_last_trade_0000,6.55,,1176.85
2016-05-16,533600,korbit_last_trade_0000,1.7,,1176.85
2016-05-17,535400,korbit_last_trade_0000,0.3,,1177.21
2016-05-18,532500,korbit_last_trade_0000,6.01667,,1173.67
2016-05-19,536000,korbit_last_trade_0000,16.8167,,1185.77
2016-05-20,524600,korbit_last_trade_0000,0.15,,1189.25
2016-05-21,530500,korbit_last_trade_0000,12.7833,,1186.93
2016-05-22,528400,korbit_last_trade_0000,37.3833,,1186.93
2016-05-23,526300,korbit_last_trade_0000,6.55,,1186.93
2016-05-24,529400,korbit_last_trade_0000,5.98333,,1183.39
2016-05-25,532000,korbit_last_trade_0000,1.21667,,1186.39
2016-05-26,534200,korbit_last_trade_0000,5.11667,,1182.21
2016-05-27,538400,korbit_last_trade_0000,3.01667,,1178.09
2016-05-28,577500,korbit_last_trade_0000,0.4,,1180.59
2016-05-29,680000,korbit_last_trade_0000,0.05,,1180.59
2016-05-30,655600,korbit_last_trade_0000,3.8,,1180.59
2016-05-31,669700,korbit_last_trade_0000,1.15,,1180.59
2016-06-01,649500,korbit_last_trade_0000,0.816667,,1188.99
2016-06-02,651000,korbit_last_trade_0000,1.26667,,1192.09
2016-06-03,646000,korbit_last_trade_0000,0.35,,1186.69
2016-06-04,668000,korbit_last_trade_0000,4.25,,1167.79
2016-06-05,679200,korbit_last_trade_0000,12.1333,,1167.79
2016-06-06,677500,korbit_last_trade_0000,36.5667,,1167.79
2016-06-07,691000,korbit_last_trade_0000,3.88333,,1162.28
2016-06-08,684500,korbit_last_trade_0000,1.81667,,1154.8
2016-06-09,690000,korbit_last_trade_0000,1.15,,1153.83
2016-06-10,688600,korbit_last_trade_0000,0.7,,1159.29
2016-06-11,693600,korbit_last_trade_0000,11.0667,,1167.61
2016-06-12,723400,korbit_last_trade_0000,1.93333,,1167.61
2016-06-13,843500,korbit_last_trade_0000,0.866667,,1167.61
2016-06-14,870500,korbit_last_trade_0000,0.133333,,1169.74
2016-06-15,858000,korbit_last_trade_0000,2.46667,,1176.78
2016-06-16,843100,korbit_last_trade_0000,14.3167,,1167.53
2016-06-17,924000,korbit_last_trade_0000,0.366667,,1176.49
2016-06-18,912400,korbit_last_trade_0000,5.75,,1171.77
2016-06-19,912700,korbit_last_trade_0000,5.8,,1171.77
2016-06-20,919600,korbit_last_trade_0000,0.933333,,1171.77
2016-06-21,873000,korbit_last_trade_0000,5.73333,,1156.8
2016-06-22,785500,korbit_last_trade_0000,1.31667,,1154.35
2016-06-23,714000,korbit_last_trade_0000,1.45,,1147.99
2016-06-24,748700,korbit_last_trade_0000,2.13333,,1143.27
2016-06-25,799600,korbit_last_trade_0000,3.86667,,1167.56
2016-06-26,800900,korbit_last_trade_0000,4.86667,,1167.56
2016-06-27,760500,korbit_last_trade_0000,6.23333,,1167.56
2016-06-28,781800,korbit_last_trade_0000,0.166667,,1181.24
2016-06-29,774300,korbit_last_trade_0000,1.96667,,1169.31
2016-06-30,760000,korbit_last_trade_0000,0.116667,,1153.09
2016-07-01,790500,korbit_last_trade_0000,3.96667,,1154.15
2016-07-02,798600,korbit_last_trade_0000,1.15,,1146.49
2016-07-03,832000,korbit_last_trade_0000,0.15,,1146.49
2016-07-04,780000,korbit_last_trade_0000,1.83333,,1146.49
2016-07-05,807800,korbit_last_trade_0000,0.85,,1146.49
2016-07-06,800000,korbit_last_trade_0000,4.45,,1156.79
2016-07-07,811800,korbit_last_trade_0000,2.45,,1160.59
2016-07-08,772100,korbit_last_trade_0000,10.5667,,1154.89
2016-07-09,787200,korbit_last_trade_0000,14.55,,1148.71
2016-07-10,770000,korbit_last_trade_0000,2.96667,,1148.71
2016-07-11,771600,korbit_last_trade_0000,15.8,,1148.71
2016-07-12,765500,korbit_last_trade_0000,16.65,,1148.97
2016-07-13,773600,korbit_last_trade_0000,9.61667,,1146.47
2016-07-14,768000,korbit_last_trade_0000,1.96667,,1145.01
2016-07-15,766600,korbit_last_trade_0000,3.2,,1130.65
2016-07-16,772500,korbit_last_trade_0000,4.78333,,1135.49
2016-07-17,771700,korbit_last_trade_0000,1.98333,,1135.49
2016-07-18,784400,korbit_last_trade_0000,2.36667,,1135.49
2016-07-19,783500,korbit_last_trade_0000,10.1833,,1134.39
2016-07-20,782300,korbit_last_trade_0000,3.56667,,1140.56
2016-07-21,776000,korbit_last_trade_0000,3.5,,1142.33
2016-07-22,773400,korbit_last_trade_0000,0.65,,1137.31
2016-07-23,757000,korbit_last_trade_0000,2.26667,,1137.49
2016-07-24,762500,korbit_last_trade_0000,16.9833,,1137.49
2016-07-25,768500,korbit_last_trade_0000,5.13333,,1137.49
2016-07-26,761500,korbit_last_trade_0000,5.35,,1140.8
2016-07-27,755500,korbit_last_trade_0000,1.3,,1137.59
2016-07-28,754900,korbit_last_trade_0000,1.8,,1135.09
2016-07-29,754000,korbit_last_trade_0000,25.4833,,1124.79
2016-07-30,751200,korbit_last_trade_0000,25.8333,,1112.89
2016-07-31,747500,korbit_last_trade_0000,3.2,,1112.89
2016-08-01,705500,korbit_last_trade_0000,1.58333,,1112.89
2016-08-02,693000,korbit_last_trade_0000,5.65,,1106.15
2016-08-03,619900,korbit_last_trade_0000,1.48333,,1108.35
2016-08-04,642100,korbit_last_trade_0000,4.08333,,1116.21
2016-08-05,652000,korbit_last_trade_0000,5.66667,,1111.99
2016-08-06,649400,korbit_last_trade_0000,2.48333,,1114.54
2016-08-07,663000,korbit_last_trade_0000,5.36667,,1114.54
2016-08-08,676500,korbit_last_trade_0000,4.63333,,1114.54
2016-08-09,672500,korbit_last_trade_0000,12.5333,,1108.24
2016-08-10,669500,korbit_last_trade_0000,0.2,,1101.45
2016-08-11,674400,korbit_last_trade_0000,5.3,,1095.84
2016-08-12,669100,korbit_last_trade_0000,1.91667,,1097.39
2016-08-13,668900,korbit_last_trade_0000,21.7667,,1100.79
2016-08-14,667500,korbit_last_trade_0000,12.85,,1100.79
2016-08-15,655100,korbit_last_trade_0000,27,,1100.79
2016-08-16,647500,korbit_last_trade_0000,20,,1095.83
2016-08-17,651000,korbit_last_trade_0000,1.05,,1093.95
2016-08-18,650000,korbit_last_trade_0000,3.86667,,1114.25
2016-08-19,650500,korbit_last_trade_0000,3.76667,,1107.41
2016-08-20,651800,korbit_last_trade_0000,12.9667,,1116.37
2016-08-21,660000,korbit_last_trade_0000,10.5833,,1116.37
2016-08-22,656500,korbit_last_trade_0000,12.9833,,1116.37
2016-08-23,666800,korbit_last_trade_0000,2.1,,1120.93
2016-08-24,661000,korbit_last_trade_0000,28.4333,,1116.91
2016-08-25,657600,korbit_last_trade_0000,8.46667,,1121.34
2016-08-26,652000,korbit_last_trade_0000,4.21667,,1115.23
2016-08-27,654500,korbit_last_trade_0000,3.46667,,1111.47
2016-08-28,643500,korbit_last_trade_0000,4.9,,1111.47
2016-08-29,651400,korbit_last_trade_0000,12.5,,1111.47
2016-08-30,650500,korbit_last_trade_0000,12.0667,,1121.53
2016-08-31,652000,korbit_last_trade_0000,8.3,,1118.27
2016-09-01,647400,korbit_last_trade_0000,3.16667,,1115.98
2016-09-02,647000,korbit_last_trade_0000,4.61667,,1116.89
2016-09-03,646700,korbit_last_trade_0000,20.4667,,1114.87
2016-09-04,676000,korbit_last_trade_0000,0.8,,1114.87
2016-09-05,686500,korbit_last_trade_0000,6.58333,,1114.87
2016-09-06,680500,korbit_last_trade_0000,2.56667,,1114.87
2016-09-07,686400,korbit_last_trade_0000,11.3167,,1093.04
2016-09-08,685000,korbit_last_trade_0000,5.05,,1090.03
2016-09-09,693500,korbit_last_trade_0000,5,,1095.27
2016-09-10,696300,korbit_last_trade_0000,3.1,,1106.83
2016-09-11,699100,korbit_last_trade_0000,3.3,,1106.83
2016-09-12,685000,korbit_last_trade_0000,0.233333,,1106.83
2016-09-13,681700,korbit_last_trade_0000,4.03333,,1112.03
2016-09-14,692500,korbit_last_trade_0000,2.86667,,1124.61
2016-09-15,694400,korbit_last_trade_0000,63.4833,,1123.81
2016-09-16,690200,korbit_last_trade_0000,4.45,,1122.83
2016-09-17,691500,korbit_last_trade_0000,37.6167,,1127.37
2016-09-18,691000,korbit_last_trade_0000,6.36667,,1127.37
2016-09-19,696500,korbit_last_trade_0000,5.55,,1127.37
2016-09-20,691500,korbit_last_trade_0000,3.36667,,1117.44
2016-09-21,687100,korbit_last_trade_0000,0.05,,1117.34
2016-09-22,674900,korbit_last_trade_0000,12.5667,,1112.17
2016-09-23,666100,korbit_last_trade_0000,3.21667,,1100.59
2016-09-24,677500,korbit_last_trade_0000,21.1833,,1102.21
2016-09-25,676500,korbit_last_trade_0000,22.3167,,1102.21
2016-09-26,672000,korbit_last_trade_0000,16.0833,,1102.21
2016-09-27,677500,korbit_last_trade_0000,1.8,,1106.99
2016-09-28,677500,korbit_last_trade_0000,0.883333,,1099.22
2016-09-29,674000,korbit_last_trade_0000,2.96667,,1096.73
2016-09-30,676000,korbit_last_trade_0000,22.5667,,1097.39
2016-10-01,680500,korbit_last_trade_0000,0.0166667,,1097.98
2016-10-02,685000,korbit_last_trade_0000,61.15,,1097.98
2016-10-03,684500,korbit_last_trade_0000,3.98333,,1097.98
2016-10-04,684000,korbit_last_trade_0000,5.95,,1104.79
2016-10-05,685000,korbit_last_trade_0000,6.66667,,1110.77
2016-10-06,688500,korbit_last_trade_0000,7.58333,,1114.53
2016-10-07,691500,korbit_last_trade_0000,0.433333,,1114.53
2016-10-08,697000,korbit_last_trade_0000,0.216667,,1115.95
2016-10-09,696000,korbit_last_trade_0000,1.61667,,1115.95
2016-10-10,691500,korbit_last_trade_0000,6.73333,,1115.95
2016-10-11,695500,korbit_last_trade_0000,0.533333,,1115.95
2016-10-12,724000,korbit_last_trade_0000,0.1,,1124.21
2016-10-13,727500,korbit_last_trade_0000,0.3,,1127.23
2016-10-14,728500,korbit_last_trade_0000,23.8167,,1133.31
2016-10-15,729000,korbit_last_trade_0000,11.2833,,1133.13
2016-10-16,730000,korbit_last_trade_0000,13.1667,,1133.13
2016-10-17,736000,korbit_last_trade_0000,0.1,,1133.13
2016-10-18,736500,korbit_last_trade_0000,1.56667,,1137.61
2016-10-19,729000,korbit_last_trade_0000,39.3833,,1123.75
2016-10-20,718000,korbit_last_trade_0000,1.23333,,1120.01
2016-10-21,720500,korbit_last_trade_0000,2.73333,,1128.39
2016-10-22,725500,korbit_last_trade_0000,8.63333,,1137.17
2016-10-23,754500,korbit_last_trade_0000,3.06667,,1137.17
2016-10-24,752000,korbit_last_trade_0000,11.5833,,1137.17
2016-10-25,752000,korbit_last_trade_0000,0.216667,,1135.4
2016-10-26,761000,korbit_last_trade_0000,5.68333,,1129.89
2016-10-27,786500,korbit_last_trade_0000,1.13333,,1134.94
2016-10-28,795500,korbit_last_trade_0000,0.85,,1145.85
2016-10-29,794000,korbit_last_trade_0000,6.63333,,1146.49
2016-10-30,828000,korbit_last_trade_0000,7.18333,,1146.49
2016-10-31,812500,korbit_last_trade_0000,5.41667,,1146.49
2016-11-01,812000,korbit_last_trade_0000,0.35,,1145.37
2016-11-02,837000,korbit_last_trade_0000,0.5,,1142.68
2016-11-03,854000,korbit_last_trade_0000,0.05,,1148.39
2016-11-04,815000,korbit_last_trade_0000,0.833333,,1142.68
2016-11-05,812500,korbit_last_trade_0000,5.86667,,1142.68
2016-11-06,804000,korbit_last_trade_0000,3.53333,,1142.68
2016-11-07,814500,korbit_last_trade_0000,18.5667,,1142.68
2016-11-08,807000,korbit_last_trade_0000,9.35,,1141.27
2016-11-09,811500,korbit_last_trade_0000,5.98333,,1131.39
2016-11-10,833000,korbit_last_trade_0000,0.0666667,,1150.64
2016-11-11,832500,korbit_last_trade_0000,7.41667,,1162.11
2016-11-12,837000,korbit_last_trade_0000,0.95,,1162.11
2016-11-13,828000,korbit_last_trade_0000,1.71667,,1162.11
2016-11-14,825500,korbit_last_trade_0000,6.46667,,1162.11
2016-11-15,830000,korbit_last_trade_0000,1.46667,,1171.25
2016-11-16,833500,korbit_last_trade_0000,4.26667,,1170.21
2016-11-17,875500,korbit_last_trade_0000,0.716667,,1172.41
2016-11-18,889500,korbit_last_trade_0000,0.166667,,1176.03
2016-11-19,907000,korbit_last_trade_0000,0.133333,,1177.71
2016-11-20,909500,korbit_last_trade_0000,1.83333,,1177.71
2016-11-21,886500,korbit_last_trade_0000,0.116667,,1177.71
2016-11-22,889500,korbit_last_trade_0000,8.41667,,1178.51
2016-11-23,900500,korbit_last_trade_0000,0.633333,,1173.25
2016-11-24,895000,korbit_last_trade_0000,1.18333,,1181.57
2016-11-25,888500,korbit_last_trade_0000,0.316667,,1181.57
2016-11-26,885500,korbit_last_trade_0000,0.55,,1174.99
2016-11-27,881000,korbit_last_trade_0000,19.8,,1174.99
2016-11-28,876500,korbit_last_trade_0000,5.4,,1174.99
2016-11-29,881500,korbit_last_trade_0000,1.91667,,1170.53
2016-11-30,873000,korbit_last_trade_0000,4.53333,,1169.99
2016-12-01,885500,korbit_last_trade_0000,2.63333,,1175.87
2016-12-02,897500,korbit_last_trade_0000,11.2833,,1167.31
2016-12-03,914500,korbit_last_trade_0000,2.66667,,1167.7
2016-12-04,907000,korbit_last_trade_0000,4.4,,1167.7
2016-12-05,917000,korbit_last_trade_0000,1.35,,1167.7
2016-12-06,906000,korbit_last_trade_0000,0.566667,,1168.11
2016-12-07,907500,korbit_last_trade_0000,6.88333,,1171.5
2016-12-08,906500,korbit_last_trade_0000,25.1333,,1161.67
2016-12-09,909000,korbit_last_trade_0000,0.666667,,1162.49
2016-12-10,916500,korbit_last_trade_0000,0.95,,1171.88
2016-12-11,922000,korbit_last_trade_0000,0.0166667,,1171.88
2016-12-12,916000,korbit_last_trade_0000,1.56667,,1171.88
2016-12-13,929000,korbit_last_trade_0000,1.55,,1164.37
2016-12-14,935500,korbit_last_trade_0000,0.633333,,1164.65
2016-12-15,934000,korbit_last_trade_0000,2.2,,1165.13
2016-12-16,935500,korbit_last_trade_0000,10.1333,,1185.35
2016-12-17,944500,korbit_last_trade_0000,3.08333,,1183.72
2016-12-18,962500,korbit_last_trade_0000,26.05,,1183.72
2016-12-19,966500,korbit_last_trade_0000,1.91667,,1183.72
2016-12-20,965000,korbit_last_trade_0000,0.55,,1187.71
2016-12-21,979000,korbit_last_trade_0000,4.75,,1192.13
2016-12-22,1010500,korbit_last_trade_0000,0.383333,,1193.91
2016-12-23,1066500,korbit_last_trade_0000,1.55,,1204.65
2016-12-24,1166500,korbit_last_trade_0000,2.96667,,1201.51
2016-12-25,1136000,korbit_last_trade_0000,0.1,,1201.51
2016-12-26,1121500,korbit_last_trade_0000,2.38333,,1201.51
2016-12-27,1126500,korbit_last_trade_0000,4.63333,,1201.51
2016-12-28,1148000,korbit_last_trade_0000,2.4,,1207.68
2016-12-29,1198000,korbit_last_trade_0000,0.0166667,,1212.22
2016-12-30,1202000,korbit_last_trade_0000,0.85,,1207.05
2016-12-31,1195000,korbit_last_trade_0000,1.66667,,1203.73
2017-01-01,1197000,korbit_last_trade_0000,5,,1203.73
2017-01-02,1254500,korbit_last_trade_0000,0.316667,,1203.73
2017-01-03,1328000,korbit_last_trade_0000,1.58333,,1203.73
2017-01-04,1390500,korbit_last_trade_0000,1.8,,1207.23
2017-01-05,1516500,korbit_last_trade_0000,1.2,,1198.07
2017-01-06,1429000,korbit_last_trade_0000,0.566667,,1182.46
2017-01-07,1192000,korbit_last_trade_0000,2.8,,1198.85
2017-01-08,1146000,korbit_last_trade_0000,0.0666667,,1198.85
2017-01-09,1169000,korbit_last_trade_0000,1.06667,,1198.85
2017-01-10,1128000,korbit_last_trade_0000,1.7,,1200.51
2017-01-11,1121000,korbit_last_trade_0000,0.316667,,1196.96
2017-01-12,951500,korbit_last_trade_0000,0.183333,,1197.59
2017-01-13,967500,korbit_last_trade_0000,1.28333,,1170.93
2017-01-14,976000,korbit_last_trade_0000,0.55,,1177.81
2017-01-15,981000,korbit_last_trade_0000,1.25,,1177.81
2017-01-16,978000,korbit_last_trade_0000,2.73333,,1177.81
2017-01-17,989000,korbit_last_trade_0000,0.55,,1177.81
2017-01-18,1097000,korbit_last_trade_0000,0.05,,1161.61
2017-01-19,1066000,korbit_last_trade_0000,0.05,,1170.73
2017-01-20,1073000,korbit_last_trade_0000,0.516667,,1177.03
2017-01-21,1071500,korbit_last_trade_0000,3.7,,1177.03
2017-01-22,1097000,korbit_last_trade_0000,1.05,,1177.03
2017-01-23,1107500,korbit_last_trade_0000,2.66667,,1177.03
2017-01-24,1097500,korbit_last_trade_0000,0,,1165.82
2017-01-25,1081500,korbit_last_trade_0000,1.66667,,1165.25
2017-01-26,1076500,korbit_last_trade_0000,2.23333,,1164.13
2017-01-27,1095000,korbit_last_trade_0000,4.4,,1169.61
2017-01-28,1094500,korbit_last_trade_0000,21.5833,,1175.73
2017-01-29,1098000,korbit_last_trade_0000,1.7,,1175.73
2017-01-30,1098000,korbit_last_trade_0000,1.38333,,1175.73
2017-01-31,1098000,korbit_last_trade_0000,1.88333,,1171.27
2017-02-01,1168000,korbit_last_trade_0000,0.633333,,1151.45
2017-02-02,1190000,korbit_last_trade_0000,2.18333,,1154.45
2017-02-03,1216500,korbit_last_trade_0000,0.15,,1139.9
2017-02-04,1240500,korbit_last_trade_0000,6.01667,,1134.65
2017-02-05,1241500,korbit_last_trade_0000,4.5,,1134.65
2017-02-06,1237000,korbit_last_trade_0000,1.66667,,1134.65
2017-02-07,1228000,korbit_last_trade_0000,1.2,,1134.87
2017-02-08,1242000,korbit_last_trade_0000,1.05,,1142.89
2017-02-09,1252000,korbit_last_trade_0000,1.68333,,1143.25
2017-02-10,1215000,korbit_last_trade_0000,0.116667,,1149.88
2017-02-11,1182500,korbit_last_trade_0000,5.93333,,1146.78
2017-02-12,1193000,korbit_last_trade_0000,1.36667,,1146.78
2017-02-13,1194500,korbit_last_trade_0000,0.116667,,1146.78
2017-02-14,1185000,korbit_last_trade_0000,0.133333,,1150.16
2017-02-15,1185000,korbit_last_trade_0000,4.11667,,1139.33
2017-02-16,1187000,korbit_last_trade_0000,1.16667,,1136.46
2017-02-17,1208000,korbit_last_trade_0000,2.13333,,1140.57
2017-02-18,1239000,korbit_last_trade_0000,3.91667,,1150.73
2017-02-19,1235000,korbit_last_trade_0000,0.883333,,1150.73
2017-02-20,1237000,korbit_last_trade_0000,0.616667,,1150.73
2017-02-21,1258500,korbit_last_trade_0000,0.766667,,1150.73
2017-02-22,1305000,korbit_last_trade_0000,2.7,,1143.63
2017-02-23,1316000,korbit_last_trade_0000,0.216667,,1142.15
2017-02-24,1385500,korbit_last_trade_0000,1.8,,1129.84
2017-02-25,1396500,korbit_last_trade_0000,2.11667,,1130.41
2017-02-26,1365000,korbit_last_trade_0000,0.466667,,1130.41
2017-02-27,1383000,korbit_last_trade_0000,0.783333,,1130.41
2017-02-28,1390500,korbit_last_trade_0000,0.0833333,,1130.14
2017-03-01,1398000,korbit_last_trade_0000,1,,1129.17
2017-03-02,1442500,korbit_last_trade_0000,0.2,,1140.75
2017-03-03,1497500,korbit_last_trade_0000,0.266667,,1146.9
2017-03-04,1547000,korbit_last_trade_0000,0.75,,1156.77
2017-03-05,1532000,korbit_last_trade_0000,0.0833333,,1156.77
2017-03-06,1530000,korbit_last_trade_0000,0.4,,1156.77
2017-03-07,1523000,korbit_last_trade_0000,1.81667,,1154.36
2017-03-08,1466000,korbit_last_trade_0000,1.25,,1149.87
2017-03-09,1396000,korbit_last_trade_0000,0.75,,1154.69
2017-03-10,1422000,korbit_last_trade_0000,1.81667,,1158.12
2017-03-11,1357500,korbit_last_trade_0000,0.65,,1150.37
2017-03-12,1428500,korbit_last_trade_0000,3.4,,1150.37
2017-03-13,1467500,korbit_last_trade_0000,0.25,,1150.37
2017-03-14,1492500,korbit_last_trade_0000,0.216667,,1150.37
2017-03-15,1505000,korbit_last_trade_0000,0.116667,,1148.54
2017-03-16,1503000,korbit_last_trade_0000,0.533333,,1144.16
2017-03-17,1511500,korbit_last_trade_0000,0.1,,1148.54
2017-03-18,1486000,korbit_last_trade_0000,0.583333,,1128.67
2017-03-19,1221500,korbit_last_trade_0000,0.1,,1128.67
2017-03-20,1339500,korbit_last_trade_0000,0.0333333,,1128.67
2017-03-21,1316000,korbit_last_trade_0000,0.05,,1112.29
2017-03-22,1362500,korbit_last_trade_0000,0.15,,1118.23
2017-03-23,1288000,korbit_last_trade_0000,0.05,,1117.91
2017-03-24,1243500,korbit_last_trade_0000,0.75,,1117.91
2017-03-25,1065000,korbit_last_trade_0000,0.0666667,,1116.69
2017-03-26,1140500,korbit_last_trade_0000,0.566667,,1116.69
2017-03-27,1183000,korbit_last_trade_0000,0.333333,,1116.69
2017-03-28,1249000,korbit_last_trade_0000,0.05,,1108.3
2017-03-29,1245000,korbit_last_trade_0000,1.1,,1111.51
2017-03-30,1212000,korbit_last_trade_0000,0.333333,,1112.28
2017-03-31,1208000,korbit_last_trade_0000,0.516667,,1114.11
2017-04-01,1267000,korbit_last_trade_0000,0.45,,1117.48
2017-04-02,1277500,korbit_last_trade_0000,0.416667,,1117.48
2017-04-03,1303500,korbit_last_trade_0000,0.0666667,,1117.48
2017-04-04,1361500,korbit_last_trade_0000,0.0833333,,1117.65
2017-04-05,1352500,korbit_last_trade_0000,0.35,,1122.61
2017-04-06,1325500,korbit_last_trade_0000,0.533333,,1126.58
2017-04-07,1375000,korbit_last_trade_0000,0.283333,,1131.21
2017-04-08,1405000,korbit_last_trade_0000,0.583333,,1133.89
2017-04-09,1374000,korbit_last_trade_0000,0.0833333,,1133.89
2017-04-10,1394500,korbit_last_trade_0000,1.75,,1133.89
2017-04-11,1400000,korbit_last_trade_0000,0.183333,,1141.24
2017-04-12,1421000,korbit_last_trade_0000,0.183333,,1147.77
2017-04-13,1395000,korbit_last_trade_0000,0.25,,1138.83
2017-04-14,1363500,korbit_last_trade_0000,0.15,,1133.32
2017-04-15,1386500,korbit_last_trade_0000,0.15,,1136.67
2017-04-16,1374000,korbit_last_trade_0000,0.233333,,1136.67
2017-04-17,1384000,korbit_last_trade_0000,1.75,,1136.67
2017-04-18,1397500,korbit_last_trade_0000,0.95,,1134.25
2017-04-19,1404000,korbit_last_trade_0000,0.333333,,1143.89
2017-04-20,1418000,korbit_last_trade_0000,0.383333,,1142.37
2017-04-21,1445500,korbit_last_trade_0000,0.233333,,1136.29
2017-04-22,1457000,korbit_last_trade_0000,0.433333,,1134.22
2017-04-23,1454000,korbit_last_trade_0000,0.133333,,1134.22
2017-04-24,1452000,korbit_last_trade_0000,0.233333,,1134.22
2017-04-25,1453500,korbit_last_trade_0000,0.0666667,,1132.19
2017-04-26,1462500,korbit_last_trade_0000,0.266667,,1126.54
2017-04-27,1461000,korbit_last_trade_0000,0.25,,1133.17
2017-04-28,1478000,korbit_last_trade_0000,0.266667,,1133.83
2017-04-29,1462000,korbit_last_trade_0000,0.266667,,1136.99
2017-04-30,1496000,korbit_last_trade_0000,0.95,,1136.99
2017-05-01,1555500,korbit_last_trade_0000,0.6,,1136.99
2017-05-02,1690500,korbit_last_trade_0000,0.383333,,1134.87
2017-05-03,1711500,korbit_last_trade_0000,1.56667,,1129.16
2017-05-04,1723000,korbit_last_trade_0000,0.233333,,1131.25
2017-05-05,1899500,korbit_last_trade_0000,0.166667,,1134.2
2017-05-06,1971000,korbit_last_trade_0000,0.75,,1136.49
2017-05-07,1945500,korbit_last_trade_0000,0.75,,1136.49
2017-05-08,1985000,korbit_last_trade_0000,0,,1136.49
2017-05-09,2242500,korbit_last_trade_0000,0.1,,1132.91
2017-05-10,2296500,korbit_last_trade_0000,0,,1134.84
2017-05-11,2284000,korbit_last_trade_0000,0.416667,,1132.13
2017-05-12,2378000,korbit_last_trade_0000,0.133333,,1127.51
2017-05-13,2270000,korbit_last_trade_0000,1.43333,,1121.68
2017-05-14,2289500,korbit_last_trade_0000,0.1,,1121.68
2017-05-15,2270500,korbit_last_trade_0000,0.25,,1121.68
2017-05-16,2187500,korbit_last_trade_0000,0.0666667,,1115.01
2017-05-17,2273000,korbit_last_trade_0000,0,,1115
2017-05-18,2279500,korbit_last_trade_0000,0.916667,,1118.67
2017-05-19,2300000,korbit_last_trade_0000,0.116667,,1129.17
2017-05-20,2450000,korbit_last_trade_0000,0.783333,,1116.71
2017-05-21,2571000,korbit_last_trade_0000,0.133333,,1116.71
2017-05-22,2696500,korbit_last_trade_0000,0.133333,,1116.71
2017-05-23,3108500,korbit_last_trade_0000,0.0166667,,1114.71
2017-05-24,3226000,korbit_last_trade_0000,0.116667,,1125.02
2017-05-25,4005000,korbit_last_trade_0000,0.35,,1122.83
2017-05-26,3999500,korbit_last_trade_0000,0.1,,1119.71
2017-05-27,3239000,korbit_last_trade_0000,0,,1118.67
2017-05-28,3149500,korbit_last_trade_0000,0.0833333,,1118.67
2017-05-29,3148500,korbit_last_trade_0000,1.45,,1118.67
2017-05-30,3200000,korbit_last_trade_0000,0.0666667,,1118.67
2017-05-31,3146000,korbit_last_trade_0000,0.233333,,1122.87
2017-06-01,3040500,korbit_last_trade_0000,1.2,,1119.58
2017-06-02,3132000,korbit_last_trade_0000,0.0833333,,1120.85
2017-06-03,3198500,korbit_last_trade_0000,0.0666667,,1117.49
2017-06-04,3115000,korbit_last_trade_0000,0.133333,,1117.49
2017-06-05,3062500,korbit_last_trade_0000,0.683333,,1117.49
2017-06-06,3189000,korbit_last_trade_0000,0.0333333,,1118.44
2017-06-07,3387000,korbit_last_trade_0000,0.1,,1118.53
2017-06-08,3254000,korbit_last_trade_0000,0.0333333,,1124.16
2017-06-09,3270500,korbit_last_trade_0000,0.216667,,1122.73
2017-06-10,3266000,korbit_last_trade_0000,0.05,,1123.51
2017-06-11,3277500,korbit_last_trade_0000,0.2,,1123.51
2017-06-12,3326000,korbit_last_trade_0000,0.0166667,,1123.51
2017-06-13,3210000,korbit_last_trade_0000,0.5,,1130.55
2017-06-14,3195000,korbit_last_trade_0000,0.3,,1127.79
2017-06-15,3030000,korbit_last_trade_0000,0.05,,1116.45
2017-06-16,3067000,korbit_last_trade_0000,0.0666667,,1129.91
2017-06-17,3053500,korbit_last_trade_0000,0.05,,1133.2
2017-06-18,3219500,korbit_last_trade_0000,0,,1133.2
2017-06-19,3169500,korbit_last_trade_0000,2.98333,,1133.2
2017-06-20,3229000,korbit_last_trade_0000,0.0166667,,1134.69
2017-06-21,3415500,korbit_last_trade_0000,1.18333,,1141.33
2017-06-22,3424500,korbit_last_trade_0000,0.116667,,1143.01
2017-06-23,3454500,korbit_last_trade_0000,0.0833333,,1143.01
2017-06-24,3447500,korbit_last_trade_0000,0.233333,,1132.99
2017-06-25,3358000,korbit_last_trade_0000,0.766667,,1132.99
2017-06-26,3385000,korbit_last_trade_0000,0.166667,,1132.99
2017-06-27,3285000,korbit_last_trade_0000,1.06667,,1132.48
2017-06-28,3161000,korbit_last_trade_0000,0.133333,,1137.77
2017-06-29,3144000,korbit_last_trade_0000,0.916667,,1141.91
2017-06-30,3076500,korbit_last_trade_0000,0.233333,,1144.07
2017-07-01,3080000,korbit_last_trade_0000,0.316667,,1143.75
2017-07-02,3056000,korbit_last_trade_0000,1.06667,,1143.75
2017-07-03,3012000,korbit_last_trade_0000,0.0833333,,1143.75
2017-07-04,3092000,korbit_last_trade_0000,0.316667,,1149.26
2017-07-05,3145500,korbit_last_trade_0000,0.0333333,,1149.26
2017-07-06,3113000,korbit_last_trade_0000,1.63333,,1153.06
2017-07-07,3119500,korbit_last_trade_0000,1.11667,,1156.55
2017-07-08,3082000,korbit_last_trade_0000,0.0666667,,1153.85
2017-07-09,3084500,korbit_last_trade_0000,0,,1153.85
2017-07-10,3012000,korbit_last_trade_0000,1.01667,,1153.85
2017-07-11,2962500,korbit_last_trade_0000,0,,1149.35
2017-07-12,2879000,korbit_last_trade_0000,2.85,,1149.83
2017-07-13,2895500,korbit_last_trade_0000,0.0333333,,1138.32
2017-07-14,2825500,korbit_last_trade_0000,0.466667,,1137.22
2017-07-15,2632500,korbit_last_trade_0000,0.433333,,1127.79
2017-07-16,2229500,korbit_last_trade_0000,1.73333,,1127.79
2017-07-17,2222000,korbit_last_trade_0000,0.383333,,1127.79
2017-07-18,2648500,korbit_last_trade_0000,0.533333,,1127.74
2017-07-19,2760000,korbit_last_trade_0000,0.85,,1123.69
2017-07-20,2649000,korbit_last_trade_0000,0.0166667,,1122.92
2017-07-21,3238000,korbit_last_trade_0000,0.4,,1120.77
2017-07-22,2980500,korbit_last_trade_0000,0,,1117.47
2017-07-23,3121000,korbit_last_trade_0000,0.2,,1117.47
2017-07-24,3049500,korbit_last_trade_0000,0.0333333,,1117.47
2017-07-25,3061000,korbit_last_trade_0000,0.233333,,1113.82
2017-07-26,2936000,korbit_last_trade_0000,0.2,,1117.02
2017-07-27,2849500,korbit_last_trade_0000,1.43333,,1117.76
2017-07-28,2983500,korbit_last_trade_0000,0.1,,1115.15
2017-07-29,3185000,korbit_last_trade_0000,0.0333333,,1121.49
2017-07-30,3061000,korbit_last_trade_0000,0.55,,1121.49
2017-07-31,3128000,korbit_last_trade_0000,0.166667,,1121.49
2017-08-01,3186500,korbit_last_trade_0000,0.683333,,1121.86
2017-08-02,3092000,korbit_last_trade_0000,4.65,,1121.09
2017-08-03,3086500,korbit_last_trade_0000,2.03333,,1121.55
2017-08-04,3135500,korbit_last_trade_0000,0.733333,,1127.73
2017-08-05,3224000,korbit_last_trade_0000,0.15,,1128.02
2017-08-06,3705000,korbit_last_trade_0000,0.216667,,1128.02
2017-08-07,3640000,korbit_last_trade_0000,0.3,,1128.02
2017-08-08,3869500,korbit_last_trade_0000,0.116667,,1127.39
2017-08-09,3867500,korbit_last_trade_0000,0.966667,,1125.6
2017-08-10,3800500,korbit_last_trade_0000,0.0666667,,1138.69
2017-08-11,3869500,korbit_last_trade_0000,0,,1144.36
2017-08-12,4182000,korbit_last_trade_0000,0.3,,1141.57
2017-08-13,4478500,korbit_last_trade_0000,0,,1141.57
2017-08-14,4723500,korbit_last_trade_0000,0.133333,,1141.57
2017-08-15,4960000,korbit_last_trade_0000,0.233333,,1137.22
2017-08-16,4873000,korbit_last_trade_0000,0.6,,1135.47
2017-08-17,4949000,korbit_last_trade_0000,0.416667,,1137.75
2017-08-18,4860000,korbit_last_trade_0000,0.4,,1138.23
2017-08-19,4777000,korbit_last_trade_0000,0,,1139.83
2017-08-20,4793000,korbit_last_trade_0000,0.05,,1139.83
2017-08-21,4727500,korbit_last_trade_0000,0.0833333,,1139.83
2017-08-22,4514500,korbit_last_trade_0000,0,,1137.14
2017-08-23,4589500,korbit_last_trade_0000,0.1,,1131.79
2017-08-24,4696500,korbit_last_trade_0000,0.416667,,1128.59
2017-08-25,4848000,korbit_last_trade_0000,0.0666667,,1127.8
2017-08-26,4927000,korbit_last_trade_0000,0.0833333,,1121.73
2017-08-27,4909000,korbit_last_trade_0000,0.1,,1121.73
2017-08-28,4891500,korbit_last_trade_0000,0.366667,,1121.73
2017-08-29,4911000,korbit_last_trade_0000,0.0333333,,1117.75
2017-08-30,5097000,korbit_last_trade_0000,0.0666667,,1122.5
2017-08-31,5066000,korbit_last_trade_0000,0.55,,1122.05
2017-09-01,5187500,korbit_last_trade_0000,0.283333,,1122.36
2017-09-02,5352000,korbit_last_trade_0000,0,,1119.12
2017-09-03,5101500,korbit_last_trade_0000,0.116667,,1119.12
2017-09-04,5137000,korbit_last_trade_0000,0.483333,,1119.12
2017-09-05,4791500,korbit_last_trade_0000,0.05,,1119.12
2017-09-06,4963500,korbit_last_trade_0000,0.15,,1130.01
2017-09-07,5069500,korbit_last_trade_0000,0.116667,,1132.49
2017-09-08,5084500,korbit_last_trade_0000,0.0666667,,1125.49
2017-09-09,4931500,korbit_last_trade_0000,0.0833333,,1133.08
2017-09-10,4877000,korbit_last_trade_0000,0,,1133.08
2017-09-11,4788000,korbit_last_trade_0000,0.0833333,,1133.08
2017-09-12,4793000,korbit_last_trade_0000,0.416667,,1129.75
2017-09-13,4713500,korbit_last_trade_0000,0.116667,,1126.56
2017-09-14,4464500,korbit_last_trade_0000,0.166667,,1129.37
2017-09-15,3428500,korbit_last_trade_0000,0.0833333,,1132.59
2017-09-16,4170000,korbit_last_trade_0000,0.633333,,1130.68
2017-09-17,4125000,korbit_last_trade_0000,0,,1130.68
2017-09-18,4076000,korbit_last_trade_0000,1.95,,1130.68
2017-09-19,4462000,korbit_last_trade_0000,0.166667,,1127.07
2017-09-20,4395000,korbit_last_trade_0000,0.0666667,,1128.83
2017-09-21,4375000,korbit_last_trade_0000,0.0833333,,1125.53
2017-09-22,4084000,korbit_last_trade_0000,0,,1130.87
2017-09-23,4151000,korbit_last_trade_0000,0.45,,1130.39
2017-09-24,4277000,korbit_last_trade_0000,2.46667,,1130.39
2017-09-25,4157500,korbit_last_trade_0000,0.316667,,1130.39
2017-09-26,4319500,korbit_last_trade_0000,1.18333,,1134.59
2017-09-27,4329000,korbit_last_trade_0000,0.883333,,1136.29
2017-09-28,4653500,korbit_last_trade_0000,0.6,,1141.62
2017-09-29,4590000,korbit_last_trade_0000,0.55,,1145.08
2017-09-30,4662000,korbit_last_trade_0000,0.35,,1142.57
2017-10-01,4892000,korbit_last_trade_0000,0.25,,1142.57
2017-10-02,4962500,korbit_last_trade_0000,0.65,,1142.57
2017-10-03,5026500,korbit_last_trade_0000,0.616667,,1146.18
2017-10-04,4979000,korbit_last_trade_0000,0.05,,1140.5
2017-10-05,4901500,korbit_last_trade_0000,0.75,,1140.44
2017-10-06,4944500,korbit_last_trade_0000,0.966667,,1139.03
2017-10-07,5000000,korbit_last_trade_0000,1.71667,,1143.46
2017-10-08,5022000,korbit_last_trade_0000,0.533333,,1143.46
2017-10-09,5238000,korbit_last_trade_0000,0.766667,,1143.46
2017-10-10,5494000,korbit_last_trade_0000,0.15,,1143.46
2017-10-11,5518000,korbit_last_trade_0000,0.116667,,1132.08
2017-10-12,5549500,korbit_last_trade_0000,0.383333,,1131.04
2017-10-13,6381500,korbit_last_trade_0000,0.05,,1129.71
2017-10-14,6450000,korbit_last_trade_0000,0.0666667,,1125.01
2017-10-15,6644500,korbit_last_trade_0000,0.0333333,,1125.01
2017-10-16,6429500,korbit_last_trade_0000,0.516667,,1125.01
2017-10-17,6452500,korbit_last_trade_0000,0.416667,,1127.72
2017-10-18,6388500,korbit_last_trade_0000,0.1,,1129.86
2017-10-19,6371000,korbit_last_trade_0000,0.133333,,1130.94
2017-10-20,6489000,korbit_last_trade_0000,0,,1129.06
2017-10-21,6874000,korbit_last_trade_0000,0.0166667,,1130.69
2017-10-22,6894500,korbit_last_trade_0000,0.166667,,1130.69
2017-10-23,6962000,korbit_last_trade_0000,0.266667,,1130.69
2017-10-24,7034000,upbit_day_open,,6479000,1129.73
2017-10-25,6479000,upbit_day_open,,6643000,1128.36
2017-10-26,6643000,upbit_day_open,,6811000,1126.49
2017-10-27,6765000,upbit_day_open,,6710000,1123
2017-10-28,6708000,upbit_day_open,,6715000,1124.79
2017-10-29,6715000,upbit_day_open,,6961000,1124.79
2017-10-30,6961000,upbit_day_open,,6964000,1124.79
2017-10-31,6965000,upbit_day_open,,7422000,1124.79
2017-11-01,7422000,upbit_day_open,,7798000,1115.68
2017-11-02,7790000,upbit_day_open,,8217000,1110.03
2017-11-03,8219000,upbit_day_open,,8143000,1111.54
2017-11-04,8136000,upbit_day_open,,8346000,1114.86
2017-11-05,8345000,upbit_day_open,,8453000,1114.86
2017-11-06,8454000,upbit_day_open,,8060000,1114.86
2017-11-07,8060000,upbit_day_open,,8243000,1110.09
2017-11-08,8244000,upbit_day_open,,8339000,1113.1
2017-11-09,8338000,upbit_day_open,,8148000,1111.14
2017-11-10,8150000,upbit_day_open,,7541000,1118.13
2017-11-11,7541000,upbit_day_open,,7231000,1118.13
2017-11-12,7231000,upbit_day_open,,7132000,1118.13
2017-11-13,7132000,upbit_day_open,,7487000,1118.13
2017-11-14,7471000,upbit_day_open,,7591000,1119.96
2017-11-15,7592000,upbit_day_open,,8350000,1113.65
2017-11-16,8350000,upbit_day_open,,8710000,1103.9
2017-11-17,8710000,upbit_day_open,,8541000,1094.49
2017-11-18,8542000,upbit_day_open,,8618000,1093.15
2017-11-19,8618000,upbit_day_open,,8770000,1093.15
2017-11-20,8770000,upbit_day_open,,9025000,1093.15
2017-11-21,8994000,upbit_day_open,,8944000,1093.15
2017-11-22,8944000,upbit_day_open,,9084000,1088.1
2017-11-23,9084000,upbit_day_open,,8943000,1085.66
2017-11-24,8945000,upbit_day_open,,9195000,1085.66
2017-11-25,9195000,upbit_day_open,,9879000,1082.59
2017-11-26,9879000,upbit_day_open,,10344000,1082.59
2017-11-27,10339000,upbit_day_open,,11314000,1082.59
2017-11-28,11315000,upbit_day_open,,12048000,1088.36
2017-11-29,12050000,upbit_day_open,,11104000,1079.87
2017-11-30,11114000,upbit_day_open,,11935000,1079.33
2017-12-01,11935000,upbit_day_open,,12532000,1084.79
2017-12-02,12532000,upbit_day_open,,12971000,1082.36
2017-12-03,12970000,upbit_day_open,,13128000,1082.36
2017-12-04,13120000,upbit_day_open,,13684000,1082.36
2017-12-05,13683000,upbit_day_open,,14645000,1082.36
2017-12-06,14645000,upbit_day_open,,18390000,1086.85
2017-12-07,18389000,upbit_day_open,,23791000,1094.55
2017-12-08,23795000,upbit_day_open,,20260000,1090.68
2017-12-09,20259000,upbit_day_open,,17769000,1092.03
2017-12-10,17769000,upbit_day_open,,17661000,1092.03
2017-12-11,17661000,upbit_day_open,,19307000,1092.03
2017-12-12,19307000,upbit_day_open,,18940000,1092.03
2017-12-13,18943000,upbit_day_open,,18358000,1090.09
2017-12-14,18356000,upbit_day_open,,18660000,1088.01
2017-12-15,18664000,upbit_day_open,,20075000,1088.09
2017-12-16,20080000,upbit_day_open,,22205000,1086.39
2017-12-17,22208000,upbit_day_open,,21881000,1086.39
2017-12-18,21881000,upbit_day_open,,22087000,1086.39
2017-12-19,22086000,upbit_day_open,,22367000,1084.28
2017-12-20,22385000,upbit_day_open,,22638000,1084.29
2017-12-21,22638000,upbit_day_open,,22200000,1078.14
2017-12-22,22200000,upbit_day_open,,19089000,1078.08
2017-12-23,19090000,upbit_day_open,,20525000,1076.87
2017-12-24,20523000,upbit_day_open,,19592000,1076.87
2017-12-25,19589000,upbit_day_open,,19822000,1076.87
2017-12-26,19820000,upbit_day_open,,21933000,1076.87
2017-12-27,21932000,upbit_day_open,,21970000,1073.75
2017-12-28,21964000,upbit_day_open,,19565000,1073.13
2017-12-29,19565000,upbit_day_open,,19290000,1068.64
2017-12-30,19290000,upbit_day_open,,18415000,1067.42
2017-12-31,18401000,upbit_day_open,,19280000,1067.42
2018-01-01,19278000,upbit_day_open,,18860000,1067.42
2018-01-02,18875000,upbit_day_open,,20263000,1067.42
2018-01-03,20263000,upbit_day_open,,20900000,1059.39
2018-01-04,20899000,upbit_day_open,,23402000,1063.11
2018-01-05,23403000,upbit_day_open,,27444000,1061.5
2018-01-06,27451000,upbit_day_open,,26924000,1060.07
2018-01-07,26924000,upbit_day_open,,25859000,1060.07
2018-01-08,25859000,upbit_day_open,,25230000,1060.07
2018-01-09,25200000,upbit_day_open,,24016000,1066.26
2018-01-10,24015000,upbit_day_open,,21317000,1068.8
2018-01-11,21300000,upbit_day_open,,19389000,1067.55
2018-01-12,19359000,upbit_day_open,,20745000,1062.67
2018-01-13,20750000,upbit_day_open,,21135000,1062.09
2018-01-14,21130000,upbit_day_open,,19206000,1062.09
2018-01-15,19210000,upbit_day_open,,19106000,1062.09
2018-01-16,19107000,upbit_day_open,,14279000,1062.09
2018-01-17,14279000,upbit_day_open,,14951000,1064.19
2018-01-18,14954000,upbit_day_open,,14880000,1066.72
2018-01-19,14879000,upbit_day_open,,15372000,1069.35
2018-01-20,15370000,upbit_day_open,,16858000,1065.81
2018-01-21,16852000,upbit_day_open,,14640000,1065.81
2018-01-22,14640000,upbit_day_open,,13944000,1065.81
2018-01-23,13968000,upbit_day_open,,13141000,1068.06
2018-01-24,13139000,upbit_day_open,,13450000,1072.59
2018-01-25,13450000,upbit_day_open,,12973000,1065.39
2018-01-26,12973000,upbit_day_open,,12876000,1057.57
2018-01-27,12876000,upbit_day_open,,12900000,1064.12
2018-01-28,12903000,upbit_day_open,,13352000,1064.12
2018-01-29,13351000,upbit_day_open,,12909000,1064.12
2018-01-30,12909000,upbit_day_open,,11627000,1071.28
2018-01-31,11658000,upbit_day_open,,11429000,1073.61
2018-02-01,11439000,upbit_day_open,,10070000,1068.33
2018-02-02,10061000,upbit_day_open,,9410000,1069.33
2018-02-03,9410000,upbit_day_open,,9520000,1086.21
2018-02-04,9524000,upbit_day_open,,8900000,1086.21
2018-02-05,8900000,upbit_day_open,,7832000,1086.21
2018-02-06,7831000,upbit_day_open,,8642000,1086.79
2018-02-07,8646000,upbit_day_open,,8387000,1081.2
2018-02-08,8410000,upbit_day_open,,9480000,1082.56
2018-02-09,9479000,upbit_day_open,,9929000,1093.04
2018-02-10,9929000,upbit_day_open,,9959000,1087.99
2018-02-11,9958000,upbit_day_open,,9320000,1087.99
2018-02-12,9319000,upbit_day_open,,10140000,1087.99
2018-02-13,10149000,upbit_day_open,,9906000,1082.27
2018-02-14,9906000,upbit_day_open,,10473000,1083.07
2018-02-15,10473000,upbit_day_open,,11357000,1076.71
2018-02-16,11357000,upbit_day_open,,11462000,1065.69
2018-02-17,11452000,upbit_day_open,,12300000,1065.27
2018-02-18,12300000,upbit_day_open,,11966000,1065.27
2018-02-19,11966000,upbit_day_open,,12649000,1065.27
2018-02-20,12649000,upbit_day_open,,13548000,1065.27
2018-02-21,13542000,upbit_day_open,,12815000,1072.85
2018-02-22,12823000,upbit_day_open,,11763000,1076.11
2018-02-23,11761000,upbit_day_open,,12065000,1077.61
2018-02-24,12065000,upbit_day_open,,11553000,1075.77
2018-02-25,11553000,upbit_day_open,,11230000,1075.77
2018-02-26,11230000,upbit_day_open,,11773000,1075.77
2018-02-27,11778000,upbit_day_open,,11951000,1069
2018-02-28,11957000,upbit_day_open,,11860000,1077.43
2018-03-01,11865000,upbit_day_open,,12214000,1082.12
2018-03-02,12214000,upbit_day_open,,12465000,1081.33
2018-03-03,12465000,upbit_day_open,,12831000,1080.25
2018-03-04,12831000,upbit_day_open,,12592000,1080.25
2018-03-05,12592000,upbit_day_open,,12746000,1080.25
2018-03-06,12745000,upbit_day_open,,12023000,1076.75
2018-03-07,12023000,upbit_day_open,,11200000,1061.53
2018-03-08,11200000,upbit_day_open,,10517000,1067.93
2018-03-09,10519000,upbit_day_open,,10418000,1074.21
2018-03-10,10418000,upbit_day_open,,9863000,1066.59
2018-03-11,9863000,upbit_day_open,,10520000,1066.59
2018-03-12,10519000,upbit_day_open,,10213000,1066.59
2018-03-13,10213000,upbit_day_open,,10168000,1063.7
2018-03-14,10167000,upbit_day_open,,9153000,1062.14
2018-03-15,9141000,upbit_day_open,,9115000,1063.38
2018-03-16,9115000,upbit_day_open,,9095000,1065.89
2018-03-17,9095000,upbit_day_open,,8667000,1068.4
2018-03-18,8667000,upbit_day_open,,9018000,1068.4
2018-03-19,9018000,upbit_day_open,,9718000,1068.4
2018-03-20,9718000,upbit_day_open,,9829000,1072.29
2018-03-21,9826000,upbit_day_open,,9919000,1070.61
2018-03-22,9919000,upbit_day_open,,9783000,1070.51
2018-03-23,9779000,upbit_day_open,,9847000,1079.51
2018-03-24,9847000,upbit_day_open,,9580000,1081.29
2018-03-25,9580000,upbit_day_open,,9477000,1081.29
2018-03-26,9480000,upbit_day_open,,9052000,1081.29
2018-03-27,9054000,upbit_day_open,,8651000,1076.87
2018-03-28,8651000,upbit_day_open,,8730000,1071.21
2018-03-29,8730000,upbit_day_open,,7915000,1063.03
2018-03-30,7911000,upbit_day_open,,7602000,1060.31
2018-03-31,7602000,upbit_day_open,,7697000,1060.99
2018-04-01,7688000,upbit_day_open,,7482000,1060.99
2018-04-02,7486000,upbit_day_open,,7710000,1060.99
2018-04-03,7713000,upbit_day_open,,8092000,1056.03
2018-04-04,8091000,upbit_day_open,,7492000,1054.63
2018-04-05,7492000,upbit_day_open,,7408000,1059.5
2018-04-06,7408000,upbit_day_open,,7280000,1061.56
2018-04-07,7277000,upbit_day_open,,7533000,1068.73
2018-04-08,7533000,upbit_day_open,,7622000,1068.73
2018-04-09,7621000,upbit_day_open,,7450000,1068.73
2018-04-10,7449000,upbit_day_open,,7428000,1067.11
2018-04-11,7428000,upbit_day_open,,7429000,1064.53
2018-04-12,7432000,upbit_day_open,,8121000,1066.76
2018-04-13,8125000,upbit_day_open,,8375000,1069.84
2018-04-14,8375000,upbit_day_open,,8350000,1070.55
2018-04-15,8349000,upbit_day_open,,8663000,1070.55
2018-04-16,8665000,upbit_day_open,,8663000,1070.55
2018-04-17,8663000,upbit_day_open,,8450000,1071.59
2018-04-18,8450000,upbit_day_open,,8652000,1066.56
2018-04-19,8652000,upbit_day_open,,8994000,1064.51
2018-04-20,8994000,upbit_day_open,,9552000,1065.68
2018-04-21,9552000,upbit_day_open,,9735000,1071
2018-04-22,9735000,upbit_day_open,,9602000,1071
2018-04-23,9602000,upbit_day_open,,9760000,1071
2018-04-24,9758000,upbit_day_open,,10505000,1077.72
2018-04-25,10505000,upbit_day_open,,9829000,1074.8
2018-04-26,9829000,upbit_day_open,,10130000,1082.99
2018-04-27,10130000,upbit_day_open,,9819000,1078.2
2018-04-28,9821000,upbit_day_open,,10043000,1067.59
2018-04-29,10043000,upbit_day_open,,10187000,1067.59
2018-04-30,10187000,upbit_day_open,,10138000,1067.59
2018-05-01,10135000,upbit_day_open,,9896000,1069.07
2018-05-02,9896000,upbit_day_open,,10032000,1071.91
2018-05-03,10032000,upbit_day_open,,10683000,1076.52
2018-05-04,10670000,upbit_day_open,,10645000,1078.33
2018-05-05,10645000,upbit_day_open,,10820000,1074.09
2018-05-06,10820000,upbit_day_open,,10684000,1074.09
2018-05-07,10684000,upbit_day_open,,10422000,1074.09
2018-05-08,10439000,upbit_day_open,,10233000,1079.72
2018-05-09,10230000,upbit_day_open,,10405000,1078.35
2018-05-10,10405000,upbit_day_open,,9976000,1078.22
2018-05-11,9976000,upbit_day_open,,9256000,1065.41
2018-05-12,9257000,upbit_day_open,,9481000,1067.14
2018-05-13,9480000,upbit_day_open,,9803000,1067.14
2018-05-14,9804000,upbit_day_open,,9797000,1067.14
2018-05-15,9802000,upbit_day_open,,9500000,1068.83
2018-05-16,9500000,upbit_day_open,,9297000,1076.46
2018-05-17,9297000,upbit_day_open,,9090000,1076.66
2018-05-18,9072000,upbit_day_open,,9165000,1082.37
2018-05-19,9165000,upbit_day_open,,9112000,1080.91
2018-05-20,9112000,upbit_day_open,,9370000,1080.91
2018-05-21,9370000,upbit_day_open,,9345000,1080.91
2018-05-22,9345000,upbit_day_open,,8940000,1079.33
2018-05-23,8940000,upbit_day_open,,8483000,1073.3
2018-05-24,8483000,upbit_day_open,,8415000,1078.88
2018-05-25,8415000,upbit_day_open,,8317000,1082.77
2018-05-26,8317000,upbit_day_open,,8162000,1076.35
2018-05-27,8162000,upbit_day_open,,8182000,1076.35
2018-05-28,8182000,upbit_day_open,,7903000,1076.35
2018-05-29,7903000,upbit_day_open,,8299000,1076.35
2018-05-30,8300000,upbit_day_open,,8207000,1082.59
2018-05-31,8198000,upbit_day_open,,8282000,1077.62
2018-06-01,8278000,upbit_day_open,,8282000,1080.75
2018-06-02,8282000,upbit_day_open,,8339000,1071.27
2018-06-03,8338000,upbit_day_open,,8419000,1071.27
2018-06-04,8419000,upbit_day_open,,8248000,1071.27
2018-06-05,8241000,upbit_day_open,,8360000,1070.13
2018-06-06,8359000,upbit_day_open,,8359000,1071.86
2018-06-07,8358000,upbit_day_open,,8375000,1065.9
2018-06-08,8375000,upbit_day_open,,8341000,1071.11
2018-06-09,8341000,upbit_day_open,,8233000,1075
2018-06-10,8233000,upbit_day_open,,7576000,1075
2018-06-11,7576000,upbit_day_open,,7635000,1075
2018-06-12,7635000,upbit_day_open,,7350000,1075.08
2018-06-13,7350000,upbit_day_open,,7040000,1077.14
2018-06-14,7039000,upbit_day_open,,7355000,1082.59
2018-06-15,7363000,upbit_day_open,,7180000,1084.06
2018-06-16,7180000,upbit_day_open,,7277000,1101.89
2018-06-17,7275000,upbit_day_open,,7218000,1101.89
2018-06-18,7231000,upbit_day_open,,7461000,1101.89
2018-06-19,7461000,upbit_day_open,,7553000,1105.07
2018-06-20,7553000,upbit_day_open,,7538000,1110.64
2018-06-21,7538000,upbit_day_open,,7511000,1107.42
2018-06-22,7511000,upbit_day_open,,6962000,1110.01
2018-06-23,6965000,upbit_day_open,,7030000,1114.49
2018-06-24,7030000,upbit_day_open,,6992000,1114.49
2018-06-25,6985000,upbit_day_open,,7036000,1114.49
2018-06-26,7034000,upbit_day_open,,6900000,1114.4
2018-06-27,6894000,upbit_day_open,,6925000,1118.08
2018-06-28,6925000,upbit_day_open,,6682000,1121.57
2018-06-29,6671000,upbit_day_open,,6958000,1121.96
2018-06-30,6958000,upbit_day_open,,7164000,1111.79
2018-07-01,7164000,upbit_day_open,,7109000,1111.79
2018-07-02,7109000,upbit_day_open,,7297000,1111.79
2018-07-03,7289000,upbit_day_open,,7298000,1119.31
2018-07-04,7298000,upbit_day_open,,7329000,1114.41
2018-07-05,7329000,upbit_day_open,,7377000,1114.41
2018-07-06,7377000,upbit_day_open,,7480000,1118.2
2018-07-07,7480000,upbit_day_open,,7550000,1114.98
2018-07-08,7564000,upbit_day_open,,7516000,1114.98
2018-07-09,7515000,upbit_day_open,,7474000,1114.98
2018-07-10,7474000,upbit_day_open,,7140000,1111.38
2018-07-11,7141000,upbit_day_open,,7226000,1113.81
2018-07-12,7227000,upbit_day_open,,7090000,1122.1
2018-07-13,7094000,upbit_day_open,,7054000,1121.38
2018-07-14,7054000,upbit_day_open,,7109000,1130.3
2018-07-15,7109000,upbit_day_open,,7178000,1130.3
2018-07-16,7179000,upbit_day_open,,7454000,1130.3
2018-07-17,7454000,upbit_day_open,,8080000,1127.81
2018-07-18,8080000,upbit_day_open,,8302000,1125.63
2018-07-19,8292000,upbit_day_open,,8443000,1130.76
2018-07-20,8443000,upbit_day_open,,8351000,1136.38
2018-07-21,8351000,upbit_day_open,,8367000,1128.16
2018-07-22,8367000,upbit_day_open,,8349000,1128.16
2018-07-23,8347000,upbit_day_open,,8752000,1128.16
2018-07-24,8752000,upbit_day_open,,9452000,1134.45
2018-07-25,9458000,upbit_day_open,,9158000,1127.39
2018-07-26,9158000,upbit_day_open,,8950000,1122.59
2018-07-27,8950000,upbit_day_open,,9122000,1121.72
2018-07-28,9138000,upbit_day_open,,9225000,1115.77
2018-07-29,9229000,upbit_day_open,,9238000,1115.77
2018-07-30,9238000,upbit_day_open,,9270000,1115.77
2018-07-31,9270000,upbit_day_open,,8800000,1116.98
2018-08-01,8807000,upbit_day_open,,8726000,1112.75
2018-08-02,8725000,upbit_day_open,,8731000,1118.15
2018-08-03,8730000,upbit_day_open,,8508000,1126.91
2018-08-04,8508000,upbit_day_open,,8074000,1122.68
2018-08-05,8074000,upbit_day_open,,8077000,1122.68
2018-08-06,8075000,upbit_day_open,,7982000,1122.68
2018-08-07,7973000,upbit_day_open,,7760000,1125.9
2018-08-08,7760000,upbit_day_open,,7308000,1118
2018-08-09,7310000,upbit_day_open,,7543000,1119.01
2018-08-10,7546000,upbit_day_open,,7230000,1119
2018-08-11,7227000,upbit_day_open,,7325000,1130.19
2018-08-12,7325000,upbit_day_open,,7395000,1130.19
2018-08-13,7396000,upbit_day_open,,7387000,1130.19
2018-08-14,7386000,upbit_day_open,,7233000,1133.19
2018-08-15,7233000,upbit_day_open,,7332000,1128.9
2018-08-16,7332000,upbit_day_open,,7337000,1135.3
2018-08-17,7338000,upbit_day_open,,7496000,1125.35
2018-08-18,7500000,upbit_day_open,,7391000,1123.2
2018-08-19,7393000,upbit_day_open,,7431000,1123.2
2018-08-20,7432000,upbit_day_open,,7255000,1123.2
2018-08-21,7255000,upbit_day_open,,7375000,1121.3
2018-08-22,7375000,upbit_day_open,,7289000,1117.41
2018-08-23,7286000,upbit_day_open,,7439000,1117
2018-08-24,7440000,upbit_day_open,,7561000,1123.37
2018-08-25,7564000,upbit_day_open,,7604000,1113.3
2018-08-26,7604000,upbit_day_open,,7547000,1113.3
2018-08-27,7547000,upbit_day_open,,7688000,1113.3
2018-08-28,7688000,upbit_day_open,,7839000,1107.69
2018-08-29,7838000,upbit_day_open,,7825000,1105.14
2018-08-30,7825000,upbit_day_open,,7856000,1109.2
2018-08-31,7844000,upbit_day_open,,7865000,1113.13
2018-09-01,7865000,upbit_day_open,,8001000,1116.5
2018-09-02,8000000,upbit_day_open,,8113000,1116.5
2018-09-03,8114000,upbit_day_open,,8125000,1116.5
2018-09-04,8116000,upbit_day_open,,8271000,1116.5
2018-09-05,8271000,upbit_day_open,,7699000,1117.5
2018-09-06,7698000,upbit_day_open,,7523000,1121
2018-09-07,7522000,upbit_day_open,,7382000,1122.4
2018-09-08,7391000,upbit_day_open,,7206000,1123.5
2018-09-09,7206000,upbit_day_open,,7232000,1123.5
2018-09-10,7232000,upbit_day_open,,7274000,1123.5
2018-09-11,7275000,upbit_day_open,,7239000,1127.9
2018-09-12,7242000,upbit_day_open,,7234000,1126.17
2018-09-13,7238000,upbit_day_open,,7355000,1121.62
2018-09-14,7355000,upbit_day_open,,7359000,1120.9
2018-09-15,7361000,upbit_day_open,,7363000,1119
2018-09-16,7365000,upbit_day_open,,7356000,1119
2018-09-17,7356000,upbit_day_open,,7191000,1119
2018-09-18,7192000,upbit_day_open,,7234000,1124.71
2018-09-19,7234000,upbit_day_open,,7245000,1122.18
2018-09-20,7250000,upbit_day_open,,7311000,1120.61
2018-09-21,7311000,upbit_day_open,,7537000,1119.58
2018-09-22,7537000,upbit_day_open,,7540000,1114.3
2018-09-23,7539000,upbit_day_open,,7500000,1114.3
2018-09-24,7500000,upbit_day_open,,7430000,1114.3
2018-09-25,7428000,upbit_day_open,,7299000,1119.28
2018-09-26,7299000,upbit_day_open,,7300000,1118.12
2018-09-27,7300000,upbit_day_open,,7447000,1114.64
2018-09-28,7447000,upbit_day_open,,7408000,1113.41
2018-09-29,7408000,upbit_day_open,,7360000,1109.76
2018-09-30,7360000,upbit_day_open,,7393000,1109.76
2018-10-01,7394000,upbit_day_open,,7375000,1109.76
2018-10-02,7374000,upbit_day_open,,7369000,1112.53
2018-10-03,7369000,upbit_day_open,,7386000,1112.43
2018-10-04,7385000,upbit_day_open,,7481000,1121.42
2018-10-05,7481000,upbit_day_open,,7503000,1130.78
2018-10-06,7502000,upbit_day_open,,7485000,1131.25
2018-10-07,7484000,upbit_day_open,,7482000,1131.25
2018-10-08,7483000,upbit_day_open,,7542000,1131.25
2018-10-09,7541000,upbit_day_open,,7527000,1131.25
2018-10-10,7527000,upbit_day_open,,7472000,1132.87
2018-10-11,7472000,upbit_day_open,,7187000,1138.9
2018-10-12,7195000,upbit_day_open,,7183000,1134.16
2018-10-13,7180000,upbit_day_open,,7189000,1130.82
2018-10-14,7190000,upbit_day_open,,7198000,1130.82
2018-10-15,7200000,upbit_day_open,,7413000,1130.82
2018-10-16,7416000,upbit_day_open,,7352000,1129.3
2018-10-17,7352000,upbit_day_open,,7327000,1123.88
2018-10-18,7327000,upbit_day_open,,7343000,1126.2
2018-10-19,7343000,upbit_day_open,,7291000,1138.06
2018-10-20,7291000,upbit_day_open,,7302000,1131.13
2018-10-21,7302000,upbit_day_open,,7311000,1131.13
2018-10-22,7310000,upbit_day_open,,7297000,1131.13
2018-10-23,7297000,upbit_day_open,,7270000,1132.7
2018-10-24,7270000,upbit_day_open,,7296000,1137.53
2018-10-25,7296000,upbit_day_open,,7272000,1136.66
2018-10-26,7272000,upbit_day_open,,7276000,1134.9
2018-10-27,7276000,upbit_day_open,,7284000,1141.74
2018-10-28,7284000,upbit_day_open,,7258000,1141.74
2018-10-29,7259000,upbit_day_open,,7097000,1141.74
2018-10-30,7097000,upbit_day_open,,7140000,1139.81
2018-10-31,7139000,upbit_day_open,,7162000,1137.68
2018-11-01,7162000,upbit_day_open,,7186000,1140.78
2018-11-02,7186000,upbit_day_open,,7179000,1126.19
2018-11-03,7179000,upbit_day_open,,7150000,1117.72
2018-11-04,7145000,upbit_day_open,,7213000,1117.72
2018-11-05,7214000,upbit_day_open,,7198000,1117.72
2018-11-06,7198000,upbit_day_open,,7231000,1122.13
2018-11-07,7237000,upbit_day_open,,7310000,1121.31
2018-11-08,7312000,upbit_day_open,,7282000,1117.52
2018-11-09,7282000,upbit_day_open,,7243000,1118.99
2018-11-10,7243000,upbit_day_open,,7237000,1131.4
2018-11-11,7237000,upbit_day_open,,7253000,1131.4
2018-11-12,7253000,upbit_day_open,,7249000,1131.4
2018-11-13,7249000,upbit_day_open,,7248000,1131.4
2018-11-14,7248000,upbit_day_open,,6782000,1132.29
2018-11-15,6782000,upbit_day_open,,6529000,1132.1
2018-11-16,6529000,upbit_day_open,,6425000,1127.2
2018-11-17,6426000,upbit_day_open,,6385000,1124.81
2018-11-18,6383000,upbit_day_open,,6431000,1124.81
2018-11-19,6431000,upbit_day_open,,5618000,1124.81
2018-11-20,5618000,upbit_day_open,,5177000,1126.08
2018-11-21,5177000,upbit_day_open,,5274000,1128.53
2018-11-22,5274000,upbit_day_open,,4965000,1127.3
2018-11-23,4965000,upbit_day_open,,5013000,1127.3
2018-11-24,5013000,upbit_day_open,,4492000,1130.9
2018-11-25,4492000,upbit_day_open,,4616000,1130.9
2018-11-26,4616000,upbit_day_open,,4371000,1130.9
2018-11-27,4365000,upbit_day_open,,4380000,1126.69
2018-11-28,4380000,upbit_day_open,,4800000,1129.41
2018-11-29,4795000,upbit_day_open,,4840000,1127.81
2018-11-30,4841000,upbit_day_open,,4565000,1119.91
2018-12-01,4565000,upbit_day_open,,4721000,1118.61
2018-12-02,4720000,upbit_day_open,,4685000,1118.61
2018-12-03,4699000,upbit_day_open,,4387000,1118.61
2018-12-04,4393000,upbit_day_open,,4457000,1110.2
2018-12-05,4456000,upbit_day_open,,4262000,1108.82
2018-12-06,4262000,upbit_day_open,,3965000,1108.82
2018-12-07,3962000,upbit_day_open,,3868000,1122.07
2018-12-08,3868000,upbit_day_open,,3875000,1121.8
2018-12-09,3877000,upbit_day_open,,4013000,1121.8
2018-12-10,4013000,upbit_day_open,,3895000,1121.8
2018-12-11,3893000,upbit_day_open,,3822000,1128.3
2018-12-12,3822000,upbit_day_open,,3888000,1128.6
2018-12-13,3889000,upbit_day_open,,3721000,1124.51
2018-12-14,3721000,upbit_day_open,,3642000,1124.73
2018-12-15,3641000,upbit_day_open,,3619000,1133.2
2018-12-16,3620000,upbit_day_open,,3637000,1133.2
2018-12-17,3636000,upbit_day_open,,3923000,1133.2
2018-12-18,3921000,upbit_day_open,,4088000,1130.17
2018-12-19,4092000,upbit_day_open,,4124000,1127.76
2018-12-20,4127000,upbit_day_open,,4552000,1120.96
2018-12-21,4552000,upbit_day_open,,4333000,1123.87
2018-12-22,4333000,upbit_day_open,,4464000,1125.3
2018-12-23,4465000,upbit_day_open,,4439000,1125.3
2018-12-24,4436000,upbit_day_open,,4539000,1125.3
2018-12-25,4537000,upbit_day_open,,4243000,1125.3
2018-12-26,4243000,upbit_day_open,,4293000,1125.3
2018-12-27,4292000,upbit_day_open,,4124000,1124.23
2018-12-28,4127000,upbit_day_open,,4338000,1121.37
2018-12-29,4338000,upbit_day_open,,4200000,1114.9
2018-12-30,4190000,upbit_day_open,,4291000,1114.9
2018-12-31,4294000,upbit_day_open,,4200000,1114.9
2019-01-01,4200000,upbit_day_open,,4288000,1112.85
2019-01-02,4288000,upbit_day_open,,4347000,1112.85
2019-01-03,4348000,upbit_day_open,,4284000,1119.11
2019-01-04,4285000,upbit_day_open,,4303000,1124.64
2019-01-05,4304000,upbit_day_open,,4294000,1116.73
2019-01-06,4294000,upbit_day_open,,4520000,1116.73
2019-01-07,4519000,upbit_day_open,,4499000,1116.73
2019-01-08,4498000,upbit_day_open,,4480000,1117.5
2019-01-09,4481000,upbit_day_open,,4458000,1122.93
2019-01-10,4460000,upbit_day_open,,4087000,1117.7
2019-01-11,4086000,upbit_day_open,,4101000,1116.1
2019-01-12,4101000,upbit_day_open,,4098000,1117.18
2019-01-13,4098000,upbit_day_open,,3963000,1117.18
2019-01-14,3966000,upbit_day_open,,4098000,1117.18
2019-01-15,4098000,upbit_day_open,,4034000,1117.18
2019-01-16,4034000,upbit_day_open,,4052000,1122.59
2019-01-17,4052000,upbit_day_open,,4075000,1119.1
2019-01-18,4075000,upbit_day_open,,4046000,1123.34
2019-01-19,4048000,upbit_day_open,,4115000,1122.8
2019-01-20,4115000,upbit_day_open,,3984000,1122.8
2019-01-21,3985000,upbit_day_open,,3973000,1122.8
2019-01-22,3973000,upbit_day_open,,4013000,1122.8
2019-01-23,4013000,upbit_day_open,,3996000,1129.52
2019-01-24,3997000,upbit_day_open,,3983000,1127.89
2019-01-25,3982000,upbit_day_open,,3957000,1126.33
2019-01-26,3957000,upbit_day_open,,3963000,1117.58
2019-01-27,3963000,upbit_day_open,,3951000,1117.58
2019-01-28,3950000,upbit_day_open,,3828000,1117.58
2019-01-29,3828000,upbit_day_open,,3795000,1118.7
2019-01-30,3796000,upbit_day_open,,3810000,1117.75
2019-01-31,3810000,upbit_day_open,,3775000,1117.29
2019-02-01,3775000,upbit_day_open,,3816000,1111.82
2019-02-02,3816000,upbit_day_open,,3855000,1118.31
2019-02-03,3853000,upbit_day_open,,3821000,1118.31
2019-02-04,3821000,upbit_day_open,,3822000,1118.31
2019-02-05,3822000,upbit_day_open,,3835000,1119.15
2019-02-06,3835000,upbit_day_open,,3791000,1117.2
2019-02-07,3791000,upbit_day_open,,3783000,1119.35
2019-02-08,3783000,upbit_day_open,,4009000,1124.11
2019-02-09,4007000,upbit_day_open,,3998000,1123.14
2019-02-10,3997000,upbit_day_open,,4023000,1123.14
2019-02-11,4023000,upbit_day_open,,3986000,1123.14
2019-02-12,3986000,upbit_day_open,,3981000,1126.05
2019-02-13,3980000,upbit_day_open,,3983000,1122.27
2019-02-14,3983000,upbit_day_open,,3984000,1123.32
2019-02-15,3983000,upbit_day_open,,3986000,1128
2019-02-16,3983000,upbit_day_open,,4002000,1125.59
2019-02-17,4002000,upbit_day_open,,4040000,1125.59
2019-02-18,4040000,upbit_day_open,,4236000,1125.59
2019-02-19,4236000,upbit_day_open,,4259000,1125.59
2019-02-20,4259000,upbit_day_open,,4315000,1124.54
2019-02-21,4315000,upbit_day_open,,4328000,1124.54
2019-02-22,4327000,upbit_day_open,,4346000,1125.53
2019-02-23,4344000,upbit_day_open,,4479000,1121.07
2019-02-24,4479000,upbit_day_open,,4178000,1121.07
2019-02-25,4178000,upbit_day_open,,4255000,1121.07
2019-02-26,4255000,upbit_day_open,,4228000,1116.1
2019-02-27,4229000,upbit_day_open,,4259000,1116.88
2019-02-28,4259000,upbit_day_open,,4240000,1117.74
2019-03-01,4240000,upbit_day_open,,4248000,1124.65
2019-03-02,4248000,upbit_day_open,,4253000,1126.76
2019-03-03,4253000,upbit_day_open,,4239000,1126.76
2019-03-04,4239000,upbit_day_open,,4155000,1126.76
2019-03-05,4155000,upbit_day_open,,4249000,1126.73
2019-03-06,4248000,upbit_day_open,,4260000,1126.46
2019-03-07,4260000,upbit_day_open,,4289000,1127.18
2019-03-08,4289000,upbit_day_open,,4310000,1133.18
2019-03-09,4310000,upbit_day_open,,4352000,1131.74
2019-03-10,4350000,upbit_day_open,,4336000,1131.74
2019-03-11,4336000,upbit_day_open,,4337000,1131.74
2019-03-12,4336000,upbit_day_open,,4326000,1133.05
2019-03-13,4326000,upbit_day_open,,4325000,1127.89
2019-03-14,4325000,upbit_day_open,,4337000,1130.47
2019-03-15,4337000,upbit_day_open,,4359000,1135.05
2019-03-16,4360000,upbit_day_open,,4445000,1134.44
2019-03-17,4445000,upbit_day_open,,4425000,1134.44
2019-03-18,4425000,upbit_day_open,,4458000,1134.44
2019-03-19,4457000,upbit_day_open,,4486000,1131.74
2019-03-20,4486000,upbit_day_open,,4533000,1129
2019-03-21,4533000,upbit_day_open,,4491000,1128.25
2019-03-22,4491000,upbit_day_open,,4490000,1128.4
2019-03-23,4489000,upbit_day_open,,4507000,1136.8
2019-03-24,4505000,upbit_day_open,,4525000,1136.8
2019-03-25,4526000,upbit_day_open,,4487000,1136.8
2019-03-26,4487000,upbit_day_open,,4493000,1131.88
2019-03-27,4493000,upbit_day_open,,4548000,1133.55
2019-03-28,4548000,upbit_day_open,,4550000,1138.09
2019-03-29,4550000,upbit_day_open,,4641000,1136.65
2019-03-30,4642000,upbit_day_open,,4636000,1136.3
2019-03-31,4636000,upbit_day_open,,4661000,1136.3
2019-04-01,4661000,upbit_day_open,,4711000,1136.3
2019-04-02,4711000,upbit_day_open,,5411000,1133
2019-04-03,5411000,upbit_day_open,,5594000,1137.16
2019-04-04,5601000,upbit_day_open,,5571000,1134.29
2019-04-05,5567000,upbit_day_open,,5685000,1136.05
2019-04-06,5685000,upbit_day_open,,5793000,1136.87
2019-04-07,5793000,upbit_day_open,,5910000,1136.87
2019-04-08,5910000,upbit_day_open,,6091000,1136.87
2019-04-09,6091000,upbit_day_open,,6000000,1143.25
2019-04-10,6001000,upbit_day_open,,6166000,1140.25
2019-04-11,6166000,upbit_day_open,,5860000,1137.26
2019-04-12,5860000,upbit_day_open,,5897000,1140.73
2019-04-13,5896000,upbit_day_open,,5889000,1133
2019-04-14,5889000,upbit_day_open,,5958000,1133
2019-04-15,5958000,upbit_day_open,,5860000,1133
2019-04-16,5860000,upbit_day_open,,6024000,1133.6
2019-04-17,6024000,upbit_day_open,,6004000,1136.13
2019-04-18,6004000,upbit_day_open,,6070000,1131.7
2019-04-19,6070000,upbit_day_open,,6087000,1136.2
2019-04-20,6086000,upbit_day_open,,6141000,1135.4
2019-04-21,6138000,upbit_day_open,,6145000,1135.4
2019-04-22,6145000,upbit_day_open,,6237000,1135.4
2019-04-23,6237000,upbit_day_open,,6450000,1140.52
2019-04-24,6449000,upbit_day_open,,6415000,1143.22
2019-04-25,6415000,upbit_day_open,,6120000,1155.65
2019-04-26,6120000,upbit_day_open,,6137000,1160.15
2019-04-27,6139000,upbit_day_open,,6114000,1158.1
2019-04-28,6115000,upbit_day_open,,6138000,1158.1
2019-04-29,6138000,upbit_day_open,,6029000,1158.1
2019-04-30,6030000,upbit_day_open,,6117000,1160
2019-05-01,6117000,upbit_day_open,,6192000,1165.1
2019-05-02,6193000,upbit_day_open,,6327000,1161.61
2019-05-03,6327000,upbit_day_open,,6596000,1166.62
2019-05-04,6596000,upbit_day_open,,6719000,1165.95
2019-05-05,6718000,upbit_day_open,,6704000,1165.95
2019-05-06,6703000,upbit_day_open,,6620000,1165.95
2019-05-07,6620000,upbit_day_open,,6753000,1169.2
2019-05-08,6752000,upbit_day_open,,6959000,1172.5
2019-05-09,6952000,upbit_day_open,,7273000,1170.2
2019-05-10,7272000,upbit_day_open,,7495000,1183.1
2019-05-11,7495000,upbit_day_open,,8368000,1176.62
2019-05-12,8370000,upbit_day_open,,8170000,1176.62
2019-05-13,8166000,upbit_day_open,,9230000,1176.62
2019-05-14,9235000,upbit_day_open,,9499000,1186.94
2019-05-15,9499000,upbit_day_open,,9606000,1186.94
2019-05-16,9606000,upbit_day_open,,9465000,1188.74
2019-05-17,9465000,upbit_day_open,,8891000,1190.52
2019-05-18,8891000,upbit_day_open,,8823000,1195.07
2019-05-19,8819000,upbit_day_open,,9712000,1195.07
2019-05-20,9712000,upbit_day_open,,9581000,1195.07
2019-05-21,9581000,upbit_day_open,,9509000,1193.81
2019-05-22,9509000,upbit_day_open,,9309000,1194.31
2019-05-23,9304000,upbit_day_open,,9491000,1194.36
2019-05-24,9491000,upbit_day_open,,9580000,1189.31
2019-05-25,9583000,upbit_day_open,,9594000,1186.2
2019-05-26,9594000,upbit_day_open,,10299000,1186.2
2019-05-27,10297000,upbit_day_open,,10376000,1186.2
2019-05-28,10372000,upbit_day_open,,10333000,1186.2
2019-05-29,10332000,upbit_day_open,,10325000,1186.66
2019-05-30,10325000,upbit_day_open,,10120000,1186.66
2019-05-31,10113000,upbit_day_open,,10383000,1189.14
2019-06-01,10383000,upbit_day_open,,10350000,1190.5
2019-06-02,10350000,upbit_day_open,,10505000,1190.5
2019-06-03,10505000,upbit_day_open,,9999000,1190.5
2019-06-04,9999000,upbit_day_open,,9486000,1180.97
2019-06-05,9487000,upbit_day_open,,9583000,1180.58
2019-06-06,9583000,upbit_day_open,,9495000,1178.24
2019-06-07,9495000,upbit_day_open,,9749000,1179.51
2019-06-08,9751000,upbit_day_open,,9733000,1181.27
2019-06-09,9745000,upbit_day_open,,9474000,1181.27
2019-06-10,9477000,upbit_day_open,,9731000,1181.27
2019-06-11,9732000,upbit_day_open,,9587000,1185.01
2019-06-12,9587000,upbit_day_open,,9803000,1178.88
2019-06-13,9803000,upbit_day_open,,9935000,1182.82
2019-06-14,9935000,upbit_day_open,,10462000,1183.23
2019-06-15,10462000,upbit_day_open,,10528000,1184.7
2019-06-16,10523000,upbit_day_open,,10710000,1184.7
2019-06-17,10710000,upbit_day_open,,11055000,1184.7
2019-06-18,11055000,upbit_day_open,,10902000,1186.53
2019-06-19,10901000,upbit_day_open,,11063000,1185.37
2019-06-20,11064000,upbit_day_open,,11349000,1185.37
2019-06-21,11350000,upbit_day_open,,11994000,1159.05
2019-06-22,11994000,upbit_day_open,,12398000,1163.25
2019-06-23,12398000,upbit_day_open,,12681000,1163.25
2019-06-24,12681000,upbit_day_open,,12891000,1163.25
2019-06-25,12896000,upbit_day_open,,13941000,1156.14
2019-06-26,13942000,upbit_day_open,,15854000,1155.97
2019-06-27,15854000,upbit_day_open,,14028000,1156.36
2019-06-28,14021000,upbit_day_open,,15307000,1157.86
2019-06-29,15306000,upbit_day_open,,14576000,1154.58
2019-06-30,14576000,upbit_day_open,,13598000,1154.58
2019-07-01,13599000,upbit_day_open,,13026000,1154.58
2019-07-02,13027000,upbit_day_open,,13205000,1158.5
2019-07-03,13205000,upbit_day_open,,14419000,1166.31
2019-07-04,14424000,upbit_day_open,,13535000,1171.14
2019-07-05,13535000,upbit_day_open,,13367000,1171.14
2019-07-06,13352000,upbit_day_open,,13607000,1170.26
2019-07-07,13608000,upbit_day_open,,13652000,1170.26
2019-07-08,13658000,upbit_day_open,,14570000,1170.26
2019-07-09,14569000,upbit_day_open,,14940000,1181.31
2019-07-10,14940000,upbit_day_open,,14595000,1180.2
2019-07-11,14594000,upbit_day_open,,13770000,1181.58
2019-07-12,13770000,upbit_day_open,,14199000,1173.35
2019-07-13,14194000,upbit_day_open,,13810000,1178.71
2019-07-14,13810000,upbit_day_open,,12425000,1178.71
2019-07-15,12425000,upbit_day_open,,13166000,1178.71
2019-07-16,13162000,upbit_day_open,,11448000,1179.04
2019-07-17,11448000,upbit_day_open,,11648000,1177.31
2019-07-18,11642000,upbit_day_open,,12659000,1181.09
2019-07-19,12656000,upbit_day_open,,12549000,1178.29
2019-07-20,12549000,upbit_day_open,,12780000,1173.92
2019-07-21,12780000,upbit_day_open,,12565000,1173.92
2019-07-22,12565000,upbit_day_open,,12310000,1173.92
2019-07-23,12311000,upbit_day_open,,11797000,1178.17
2019-07-24,11797000,upbit_day_open,,11611000,1178.72
2019-07-25,11611000,upbit_day_open,,11743000,1177.54
2019-07-26,11738000,upbit_day_open,,11680000,1181.17
2019-07-27,11680000,upbit_day_open,,11310000,1184.51
2019-07-28,11306000,upbit_day_open,,11310000,1184.51
2019-07-29,11312000,upbit_day_open,,11280000,1184.51
2019-07-30,11280000,upbit_day_open,,11323000,1183.36
2019-07-31,11323000,upbit_day_open,,11957000,1181.94
2019-08-01,11956000,upbit_day_open,,12317000,1182.74
2019-08-02,12317000,upbit_day_open,,12563000,1187
2019-08-03,12563000,upbit_day_open,,12773000,1196.59
2019-08-04,12772000,upbit_day_open,,12958000,1196.59
2019-08-05,12958000,upbit_day_open,,14181000,1196.59
2019-08-06,14181000,upbit_day_open,,13782000,1215.5
2019-08-07,13782000,upbit_day_open,,14219000,1214.83
2019-08-08,14197000,upbit_day_open,,14241000,1214.46
2019-08-09,14250000,upbit_day_open,,14248000,1208.77
2019-08-10,14246000,upbit_day_open,,13699000,1214.15
2019-08-11,13698000,upbit_day_open,,13876000,1214.15
2019-08-12,13876000,upbit_day_open,,13696000,1214.15
2019-08-13,13696000,upbit_day_open,,13147000,1215.7
2019-08-14,13147000,upbit_day_open,,12202000,1220.7
2019-08-15,12200000,upbit_day_open,,12619000,1212.44
2019-08-16,12620000,upbit_day_open,,12575000,1214.34
2019-08-17,12575000,upbit_day_open,,12424000,1205.75
2019-08-18,12422000,upbit_day_open,,12509000,1205.75
2019-08-19,12512000,upbit_day_open,,13165000,1205.75
2019-08-20,13166000,upbit_day_open,,12952000,1210.6
2019-08-21,12959000,upbit_day_open,,12293000,1207.93
2019-08-22,12293000,upbit_day_open,,12210000,1202
2019-08-23,12210000,upbit_day_open,,12443000,1206.96
2019-08-24,12454000,upbit_day_open,,12201000,1210.5
2019-08-25,12201000,upbit_day_open,,12218000,1210.5
2019-08-26,12218000,upbit_day_open,,12421000,1210.5
2019-08-27,12415000,upbit_day_open,,12208000,1217.51
2019-08-28,12208000,upbit_day_open,,11787000,1211.38
2019-08-29,11787000,upbit_day_open,,11525000,1213.75
2019-08-30,11525000,upbit_day_open,,11632000,1216.14
2019-08-31,11643000,upbit_day_open,,11612000,1211.32
2019-09-01,11612000,upbit_day_open,,11768000,1211.32
2019-09-02,11768000,upbit_day_open,,12435000,1211.32
2019-09-03,12435000,upbit_day_open,,12703000,1211.32
2019-09-04,12722000,upbit_day_open,,12641000,1212.44
2019-09-05,12636000,upbit_day_open,,12644000,1207.84
2019-09-06,12644000,upbit_day_open,,12341000,1200.18
2019-09-07,12340000,upbit_day_open,,12473000,1196.81
2019-09-08,12475000,upbit_day_open,,12370000,1196.81
2019-09-09,12370000,upbit_day_open,,12278000,1196.81
2019-09-10,12270000,upbit_day_open,,12078000,1192.33
2019-09-11,12073000,upbit_day_open,,12162000,1191.22
2019-09-12,12163000,upbit_day_open,,12427000,1191.51
2019-09-13,12418000,upbit_day_open,,12306000,1180.7
2019-09-14,12306000,upbit_day_open,,12253000,1176.62
2019-09-15,12258000,upbit_day_open,,12169000,1176.62
2019-09-16,12176000,upbit_day_open,,12133000,1176.62
2019-09-17,12133000,upbit_day_open,,12061000,1182.96
2019-09-18,12060000,upbit_day_open,,12050000,1186.1
2019-09-19,12049000,upbit_day_open,,12180000,1191.51
2019-09-20,12175000,upbit_day_open,,12074000,1193.87
2019-09-21,12074000,upbit_day_open,,11891000,1188.16
2019-09-22,11891000,upbit_day_open,,11936000,1188.16
2019-09-23,11943000,upbit_day_open,,11545000,1188.16
2019-09-24,11545000,upbit_day_open,,10194000,1195.48
2019-09-25,10221000,upbit_day_open,,10143000,1196.52
2019-09-26,10146000,upbit_day_open,,9700000,1200.17
2019-09-27,9700000,upbit_day_open,,9833000,1201.99
2019-09-28,9833000,upbit_day_open,,9874000,1200.03
2019-09-29,9875000,upbit_day_open,,9670000,1200.03
2019-09-30,9672000,upbit_day_open,,9945000,1200.03
2019-10-01,9945000,upbit_day_open,,9987000,1195.85
2019-10-02,9987000,upbit_day_open,,10077000,1198.96
2019-10-03,10089000,upbit_day_open,,9937000,1205.47
2019-10-04,9932000,upbit_day_open,,9755000,1204.67
2019-10-05,9755000,upbit_day_open,,9720000,1192.93
2019-10-06,9720000,upbit_day_open,,9443000,1192.93
2019-10-07,9441000,upbit_day_open,,9749000,1192.93
2019-10-08,9748000,upbit_day_open,,9728000,1196.49
2019-10-09,9729000,upbit_day_open,,10182000,1193.24
2019-10-10,10182000,upbit_day_open,,10167000,1197.29
2019-10-11,10167000,upbit_day_open,,9814000,1190.06
2019-10-12,9813000,upbit_day_open,,9867000,1195.61
2019-10-13,9879000,upbit_day_open,,9807000,1195.61
2019-10-14,9804000,upbit_day_open,,9871000,1195.61
2019-10-15,9870000,upbit_day_open,,9719000,1195.61
2019-10-16,9715000,upbit_day_open,,9525000,1184.67
2019-10-17,9525000,upbit_day_open,,9563000,1186.38
2019-10-18,9563000,upbit_day_open,,9434000,1179.05
2019-10-19,9428000,upbit_day_open,,9437000,1181.06
2019-10-20,9446000,upbit_day_open,,9710000,1181.06
2019-10-21,9698000,upbit_day_open,,9663000,1181.06
2019-10-22,9663000,upbit_day_open,,9470000,1172.57
2019-10-23,9469000,upbit_day_open,,8826000,1170.49
2019-10-24,8826000,upbit_day_open,,8743000,1172.07
2019-10-25,8743000,upbit_day_open,,10063000,1173.19
2019-10-26,10063000,upbit_day_open,,10730000,1171.58
2019-10-27,10727000,upbit_day_open,,10975000,1171.58
2019-10-28,10975000,upbit_day_open,,10736000,1171.58
2019-10-29,10731000,upbit_day_open,,10894000,1170.17
2019-10-30,10903000,upbit_day_open,,10682000,1163.03
2019-10-31,10682000,upbit_day_open,,10692000,1167.76
2019-11-01,10698000,upbit_day_open,,10805000,1169.1
2019-11-02,10805000,upbit_day_open,,10851000,1165.45
2019-11-03,10851000,upbit_day_open,,10765000,1165.45
2019-11-04,10765000,upbit_day_open,,10846000,1165.45
2019-11-05,10846000,upbit_day_open,,10752000,1159.29
2019-11-06,10752000,upbit_day_open,,10751000,1157.64
2019-11-07,10752000,upbit_day_open,,10668000,1156.73
2019-11-08,10668000,upbit_day_open,,10212000,1154.44
2019-11-09,10213000,upbit_day_open,,10248000,1157.14
2019-11-10,10248000,upbit_day_open,,10496000,1157.14
2019-11-11,10496000,upbit_day_open,,10168000,1157.14
2019-11-12,10168000,upbit_day_open,,10257000,1157.14
2019-11-13,10259000,upbit_day_open,,10211000,1160.8
2019-11-14,10212000,upbit_day_open,,10075000,1167.76
2019-11-15,10075000,upbit_day_open,,9914000,1169.82
2019-11-16,9909000,upbit_day_open,,9926000,1166.98
2019-11-17,9934000,upbit_day_open,,9924000,1166.98
2019-11-18,9924000,upbit_day_open,,9580000,1166.98
2019-11-19,9580000,upbit_day_open,,9503000,1163.76
2019-11-20,9509000,upbit_day_open,,9486000,1167.13
2019-11-21,9486000,upbit_day_open,,9024000,1169.8
2019-11-22,9024000,upbit_day_open,,8651000,1175.71
2019-11-23,8661000,upbit_day_open,,8670000,1179.33
2019-11-24,8675000,upbit_day_open,,8218000,1179.33
2019-11-25,8217000,upbit_day_open,,8338000,1179.33
2019-11-26,8338000,upbit_day_open,,8410000,1173.09
2019-11-27,8413000,upbit_day_open,,8702000,1175.59
2019-11-28,8700000,upbit_day_open,,8674000,1176.89
2019-11-29,8672000,upbit_day_open,,9037000,1176.89
2019-11-30,9035000,upbit_day_open,,8838000,1181.33
2019-12-01,8838000,upbit_day_open,,8630000,1181.33
2019-12-02,8630000,upbit_day_open,,8585000,1181.33
2019-12-03,8590000,upbit_day_open,,8607000,1182.84
2019-12-04,8607000,upbit_day_open,,8515000,1190.31
2019-12-05,8515000,upbit_day_open,,8685000,1194.45
2019-12-06,8685000,upbit_day_open,,8813000,1189.23
2019-12-07,8815000,upbit_day_open,,8784000,1189.86
2019-12-08,8784000,upbit_day_open,,8807000,1189.86
2019-12-09,8807000,upbit_day_open,,8679000,1189.86
2019-12-10,8679000,upbit_day_open,,8537000,1189.45
2019-12-11,8539000,upbit_day_open,,8490000,1191.01
2019-12-12,8490000,upbit_day_open,,8437000,1192.2
2019-12-13,8438000,upbit_day_open,,8490000,1186.41
2019-12-14,8490000,upbit_day_open,,8277000,1171.97
2019-12-15,8277000,upbit_day_open,,8319000,1171.97
2019-12-16,8319000,upbit_day_open,,8050000,1171.97
2019-12-17,8058000,upbit_day_open,,7742000,1171.8
2019-12-18,7741000,upbit_day_open,,8466000,1165.81
2019-12-19,8466000,upbit_day_open,,8328000,1168.02
2019-12-20,8329000,upbit_day_open,,8338000,1165.04
2019-12-21,8342000,upbit_day_open,,8295000,1160.3
2019-12-22,8295000,upbit_day_open,,8689000,1160.3
2019-12-23,8688000,upbit_day_open,,8520000,1160.3
2019-12-24,8520000,upbit_day_open,,8470000,1163.64
2019-12-25,8460000,upbit_day_open,,8370000,1163.21
2019-12-26,8370000,upbit_day_open,,8371000,1163.21
2019-12-27,8367000,upbit_day_open,,8385000,1161.18
2019-12-28,8385000,upbit_day_open,,8432000,1160.87
2019-12-29,8428000,upbit_day_open,,8486000,1160.87
2019-12-30,8486000,upbit_day_open,,8341000,1160.87
2019-12-31,8343000,upbit_day_open,,8312000,1155.75
2020-01-01,8308000,upbit_day_open,,8300000,1155.46
2020-01-02,8300000,upbit_day_open,,8037000,1155.46
2020-01-03,8038000,upbit_day_open,,8474000,1157.95
2020-01-04,8476000,upbit_day_open,,8482000,1165.15
2020-01-05,8483000,upbit_day_open,,8454000,1165.15
2020-01-06,8451000,upbit_day_open,,8866000,1165.15
2020-01-07,8866000,upbit_day_open,,9398000,1167.49
2020-01-08,9386000,upbit_day_open,,9085000,1166.21
2020-01-09,9084000,upbit_day_open,,8941000,1170.61
2020-01-10,8940000,upbit_day_open,,9233000,1158.63
2020-01-11,9218000,upbit_day_open,,9060000,1161.18
2020-01-12,9066000,upbit_day_open,,9213000,1161.18
2020-01-13,9218000,upbit_day_open,,9172000,1161.18
2020-01-14,9179000,upbit_day_open,,9716000,1156.25
2020-01-15,9716000,upbit_day_open,,9735000,1156.28
2020-01-16,9735000,upbit_day_open,,9785000,1156.84
2020-01-17,9789000,upbit_day_open,,9992000,1160.86
2020-01-18,9997000,upbit_day_open,,10085000,1159.08
2020-01-19,10085000,upbit_day_open,,9887000,1159.08
2020-01-20,9886000,upbit_day_open,,9851000,1159.08
2020-01-21,9856000,upbit_day_open,,9958000,1159.08
2020-01-22,9960000,upbit_day_open,,9922000,1166.56
2020-01-23,9922000,upbit_day_open,,9750000,1165.68
2020-01-24,9750000,upbit_day_open,,9813000,1168.38
2020-01-25,9816000,upbit_day_open,,9745000,1166.91
2020-01-26,9745000,upbit_day_open,,9966000,1166.91
2020-01-27,9966000,upbit_day_open,,10132000,1166.91
2020-01-28,10128000,upbit_day_open,,10570000,1176.2
2020-01-29,10570000,upbit_day_open,,10670000,1176.23
2020-01-30,10670000,upbit_day_open,,10779000,1176.98
2020-01-31,10778000,upbit_day_open,,10781000,1191.94
2020-02-01,10781000,upbit_day_open,,10820000,1191.3
2020-02-02,10820000,upbit_day_open,,10765000,1191.3
2020-02-03,10765000,upbit_day_open,,10750000,1191.3
2020-02-04,10750000,upbit_day_open,,10635000,1194.8
2020-02-05,10636000,upbit_day_open,,11054000,1184.51
2020-02-06,11068000,upbit_day_open,,11264000,1187.25
2020-02-07,11269000,upbit_day_open,,11490000,1179.64
2020-02-08,11490000,upbit_day_open,,11568000,1186.24
2020-02-09,11568000,upbit_day_open,,11821000,1186.24
2020-02-10,11821000,upbit_day_open,,11520000,1186.24
2020-02-11,11520000,upbit_day_open,,11819000,1186.96
2020-02-12,11820000,upbit_day_open,,11793000,1181.32
2020-02-13,11793000,upbit_day_open,,11793000,1178.98
2020-02-14,11793000,upbit_day_open,,11845000,1182.02
2020-02-15,11857000,upbit_day_open,,11503000,1183.2
2020-02-16,11513000,upbit_day_open,,11659000,1183.2
2020-02-17,11659000,upbit_day_open,,11438000,1183.2
2020-02-18,11438000,upbit_day_open,,11838000,1183.2
2020-02-19,11837000,upbit_day_open,,11415000,1190.6
2020-02-20,11419000,upbit_day_open,,11520000,1191.1
2020-02-21,11532000,upbit_day_open,,11498000,1198.34
2020-02-22,11498000,upbit_day_open,,11496000,1207.91
2020-02-23,11495000,upbit_day_open,,11753000,1207.91
2020-02-24,11753000,upbit_day_open,,11633000,1207.91
2020-02-25,11635000,upbit_day_open,,11330000,1218.5
2020-02-26,11330000,upbit_day_open,,10741000,1214.45
2020-02-27,10742000,upbit_day_open,,10699000,1213.61
2020-02-28,10696000,upbit_day_open,,10575000,1217.03
2020-02-29,10575000,upbit_day_open,,10374000,1214.92
2020-03-01,10380000,upbit_day_open,,10374000,1214.92
2020-03-02,10358000,upbit_day_open,,10675000,1214.92
2020-03-03,10675000,upbit_day_open,,10502000,1190.89
2020-03-04,10502000,upbit_day_open,,10503000,1194.66
2020-03-05,10504000,upbit_day_open,,10791000,1187.54
2020-03-06,10791000,upbit_day_open,,10840000,1181.11
2020-03-07,10852000,upbit_day_open,,10678000,1192
2020-03-08,10678000,upbit_day_open,,9876000,1192
2020-03-09,9883000,upbit_day_open,,9726000,1192
2020-03-10,9726000,upbit_day_open,,9574000,1203.75
2020-03-11,9574000,upbit_day_open,,9510000,1193.1
2020-03-12,9507000,upbit_day_open,,6363000,1194.16
2020-03-13,6362000,upbit_day_open,,7267000,1206.19
2020-03-14,7261000,upbit_day_open,,6823000,1211.7
2020-03-15,6823000,upbit_day_open,,6909000,1211.7
2020-03-16,6905000,upbit_day_open,,6385000,1211.7
2020-03-17,6385000,upbit_day_open,,6774000,1225.33
2020-03-18,6774000,upbit_day_open,,6745000,1240.98
2020-03-19,6747000,upbit_day_open,,7679000,1245.19
2020-03-20,7675000,upbit_day_open,,7781000,1250.86
2020-03-21,7788000,upbit_day_open,,7740000,1250.55
2020-03-22,7740000,upbit_day_open,,7366000,1250.55
2020-03-23,7379000,upbit_day_open,,8047000,1250.55
2020-03-24,8047000,upbit_day_open,,8367000,1267.25
2020-03-25,8362000,upbit_day_open,,8271000,1249.88
2020-03-26,8276000,upbit_day_open,,8272000,1228.15
2020-03-27,8281000,upbit_day_open,,7880000,1233.47
2020-03-28,7883000,upbit_day_open,,7656000,1210.49
2020-03-29,7658000,upbit_day_open,,7218000,1210.49
2020-03-30,7218000,upbit_day_open,,7798000,1210.49
2020-03-31,7794000,upbit_day_open,,7799000,1224.11
2020-04-01,7799000,upbit_day_open,,8074000,1218.92
2020-04-02,8065000,upbit_day_open,,8174000,1229.65
2020-04-03,8160000,upbit_day_open,,8156000,1229.89
2020-04-04,8149000,upbit_day_open,,8249000,1230.56
2020-04-05,8248000,upbit_day_open,,8198000,1230.56
2020-04-06,8198000,upbit_day_open,,8786000,1230.56
2020-04-07,8777000,upbit_day_open,,8660000,1224.6
2020-04-08,8652000,upbit_day_open,,8821000,1220.43
2020-04-09,8821000,upbit_day_open,,8804000,1220.77
2020-04-10,8803000,upbit_day_open,,8414000,1219.71
2020-04-11,8413000,upbit_day_open,,8463000,1211.71
2020-04-12,8463000,upbit_day_open,,8470000,1211.71
2020-04-13,8464000,upbit_day_open,,8379000,1211.71
2020-04-14,8379000,upbit_day_open,,8378000,1217.72
2020-04-15,8375000,upbit_day_open,,8108000,1216.85
2020-04-16,8107000,upbit_day_open,,8562000,1224.55
2020-04-17,8557000,upbit_day_open,,8519000,1228.21
2020-04-18,8519000,upbit_day_open,,8712000,1217.81
2020-04-19,8712000,upbit_day_open,,8660000,1217.81
2020-04-20,8660000,upbit_day_open,,8387000,1217.81
2020-04-21,8387000,upbit_day_open,,8407000,1217.29
2020-04-22,8407000,upbit_day_open,,8636000,1229.28
2020-04-23,8640000,upbit_day_open,,9057000,1234.79
2020-04-24,9052000,upbit_day_open,,9100000,1229.04
2020-04-25,9100000,upbit_day_open,,9164000,1233.88
2020-04-26,9155000,upbit_day_open,,9376000,1233.88
2020-04-27,9376000,upbit_day_open,,9490000,1233.88
2020-04-28,9490000,upbit_day_open,,9410000,1224.16
2020-04-29,9410000,upbit_day_open,,10530000,1224.83
2020-04-30,10530000,upbit_day_open,,10477000,1219.2
2020-05-01,10477000,upbit_day_open,,10773000,1203.95
2020-05-02,10773000,upbit_day_open,,10882000,1223.2
2020-05-03,10881000,upbit_day_open,,10887000,1223.2
2020-05-04,10882000,upbit_day_open,,10850000,1223.2
2020-05-05,10837000,upbit_day_open,,10972000,1228.81
2020-05-06,10967000,upbit_day_open,,11269000,1220.13
2020-05-07,11269000,upbit_day_open,,11998000,1222.03
2020-05-08,11988000,upbit_day_open,,11881000,1224.76
2020-05-09,11881000,upbit_day_open,,11550000,1216.47
2020-05-10,11553000,upbit_day_open,,10671000,1216.47
2020-05-11,10672000,upbit_day_open,,10448000,1216.47
2020-05-12,10441000,upbit_day_open,,10677000,1220.2
2020-05-13,10680000,upbit_day_open,,11268000,1222
2020-05-14,11265000,upbit_day_open,,11776000,1223.86
2020-05-15,11777000,upbit_day_open,,11314000,1227.76
2020-05-16,11314000,upbit_day_open,,11325000,1230.71
2020-05-17,11322000,upbit_day_open,,11619000,1230.71
2020-05-18,11619000,upbit_day_open,,11705000,1230.71
2020-05-19,11704000,upbit_day_open,,11727000,1232.32
2020-05-20,11727000,upbit_day_open,,11532000,1225.19
2020-05-21,11533000,upbit_day_open,,11089000,1230.02
2020-05-22,11089000,upbit_day_open,,11117000,1230.53
2020-05-23,11117000,upbit_day_open,,11140000,1236.53
2020-05-24,11140000,upbit_day_open,,10664000,1236.53
2020-05-25,10663000,upbit_day_open,,10825000,1236.53
2020-05-26,10821000,upbit_day_open,,10729000,1236.53
2020-05-27,10724000,upbit_day_open,,11163000,1234.24
2020-05-28,11151000,upbit_day_open,,11579000,1238.03
2020-05-29,11579000,upbit_day_open,,11398000,1239.28
2020-05-30,11397000,upbit_day_open,,11581000,1236.61
2020-05-31,11583000,upbit_day_open,,11432000,1236.61
2020-06-01,11432000,upbit_day_open,,12112000,1236.61
2020-06-02,12111000,upbit_day_open,,11520000,1224.79
2020-06-03,11520000,upbit_day_open,,11648000,1225.07
2020-06-04,11659000,upbit_day_open,,11784000,1216.08
2020-06-05,11785000,upbit_day_open,,11597000,1218.77
2020-06-06,11601000,upbit_day_open,,11641000,1202.79
2020-06-07,11641000,upbit_day_open,,11687000,1202.79
2020-06-08,11680000,upbit_day_open,,11690000,1202.79
2020-06-09,11690000,upbit_day_open,,11688000,1197.84
2020-06-10,11688000,upbit_day_open,,11737000,1197.04
2020-06-11,11732000,upbit_day_open,,11090000,1189.9
2020-06-12,11090000,upbit_day_open,,11380000,1196.34
2020-06-13,11374000,upbit_day_open,,11388000,1204.52
2020-06-14,11382000,upbit_day_open,,11246000,1204.52
2020-06-15,11246000,upbit_day_open,,11346000,1204.52
2020-06-16,11339000,upbit_day_open,,11453000,1212.21
2020-06-17,11453000,upbit_day_open,,11437000,1207.26
2020-06-18,11437000,upbit_day_open,,11341000,1215.02
2020-06-19,11341000,upbit_day_open,,11286000,1211.65
2020-06-20,11285000,upbit_day_open,,11325000,1208.38
2020-06-21,11317000,upbit_day_open,,11238000,1208.38
2020-06-22,11235000,upbit_day_open,,11593000,1208.38
2020-06-23,11593000,upbit_day_open,,11509000,1210.73
2020-06-24,11506000,upbit_day_open,,11233000,1206.43
2020-06-25,11232000,upbit_day_open,,11147000,1199.55
2020-06-26,11151000,upbit_day_open,,11045000,1203.59
2020-06-27,11045000,upbit_day_open,,10913000,1203.44
2020-06-28,10913000,upbit_day_open,,10970000,1203.44
2020-06-29,10970000,upbit_day_open,,10972000,1203.44
2020-06-30,10980000,upbit_day_open,,10903000,1200.91
2020-07-01,10903000,upbit_day_open,,11051000,1200.5
2020-07-02,11041000,upbit_day_open,,10888000,1201.84
2020-07-03,10888000,upbit_day_open,,10837000,1199.84
2020-07-04,10845000,upbit_day_open,,10884000,1199.84
2020-07-05,10883000,upbit_day_open,,10831000,1199.84
2020-07-06,10831000,upbit_day_open,,11065000,1199.84
2020-07-07,11065000,upbit_day_open,,10988000,1192.66
2020-07-08,10988000,upbit_day_open,,11138000,1194.43
2020-07-09,11135000,upbit_day_open,,10961000,1194.63
2020-07-10,10961000,upbit_day_open,,11043000,1197.84
2020-07-11,11039000,upbit_day_open,,10957000,1204.34
2020-07-12,10968000,upbit_day_open,,11036000,1204.34
2020-07-13,11036000,upbit_day_open,,11000000,1204.34
2020-07-14,11011000,upbit_day_open,,11010000,1200.13
2020-07-15,11011000,upbit_day_open,,10975000,1205.24
2020-07-16,10975000,upbit_day_open,,10934000,1201.97
2020-07-17,10924000,upbit_day_open,,10937000,1202.97
2020-07-18,10949000,upbit_day_open,,10905000,1203.86
2020-07-19,10908000,upbit_day_open,,10943000,1203.86
2020-07-20,10943000,upbit_day_open,,10950000,1203.86
2020-07-21,10940000,upbit_day_open,,11123000,1202.26
2020-07-22,11117000,upbit_day_open,,11269000,1194.64
2020-07-23,11258000,upbit_day_open,,11331000,1194.83
2020-07-24,11322000,upbit_day_open,,11346000,1198.91
2020-07-25,11346000,upbit_day_open,,11477000,1203.17
2020-07-26,11477000,upbit_day_open,,11715000,1203.17
2020-07-27,11706000,upbit_day_open,,12916000,1203.17
2020-07-28,12914000,upbit_day_open,,12772000,1195.94
2020-07-29,12774000,upbit_day_open,,13124000,1198.15
2020-07-30,13123000,upbit_day_open,,13098000,1192.98
2020-07-31,13097000,upbit_day_open,,13416000,1196.3
2020-08-01,13404000,upbit_day_open,,13922000,1192.68
2020-08-02,13922000,upbit_day_open,,13030000,1192.68
2020-08-03,13030000,upbit_day_open,,13272000,1192.68
2020-08-04,13273000,upbit_day_open,,13319000,1194.31
2020-08-05,13322000,upbit_day_open,,13843000,1194.53
2020-08-06,13843000,upbit_day_open,,13884000,1188.93
2020-08-07,13883000,upbit_day_open,,13777000,1185.29
2020-08-08,13777000,upbit_day_open,,13887000,1189.25
2020-08-09,13884000,upbit_day_open,,13820000,1189.25
2020-08-10,13814000,upbit_day_open,,13990000,1189.25
2020-08-11,13994000,upbit_day_open,,13619000,1186.28
2020-08-12,13619000,upbit_day_open,,13709000,1184.84
2020-08-13,13708000,upbit_day_open,,13810000,1184.09
2020-08-14,13810000,upbit_day_open,,13846000,1183.25
2020-08-15,13845000,upbit_day_open,,13878000,1186.53
2020-08-16,13867000,upbit_day_open,,13889000,1186.53
2020-08-17,13889000,upbit_day_open,,14204000,1186.53
2020-08-18,14202000,upbit_day_open,,14000000,1184.17
2020-08-19,14002000,upbit_day_open,,13878000,1184.74
2020-08-20,13884000,upbit_day_open,,13967000,1181.06
2020-08-21,13951000,upbit_day_open,,13781000,1187.66
2020-08-22,13781000,upbit_day_open,,13840000,1191.84
2020-08-23,13850000,upbit_day_open,,13802000,1191.84
2020-08-24,13816000,upbit_day_open,,13876000,1191.84
2020-08-25,13876000,upbit_day_open,,13476000,1189.11
2020-08-26,13473000,upbit_day_open,,13561000,1188.18
2020-08-27,13561000,upbit_day_open,,13401000,1185.6
2020-08-28,13401000,upbit_day_open,,13549000,1185.22
2020-08-29,13546000,upbit_day_open,,13470000,1181.62
2020-08-30,13470000,upbit_day_open,,13671000,1181.62
2020-08-31,13671000,upbit_day_open,,13739000,1181.62
2020-09-01,13733000,upbit_day_open,,13974000,1187.48
2020-09-02,13972000,upbit_day_open,,13571000,1182.94
2020-09-03,13572000,upbit_day_open,,12303000,1189.98
2020-09-04,12301000,upbit_day_open,,12636000,1188.04
2020-09-05,12630000,upbit_day_open,,12382000,1190.6
2020-09-06,12383000,upbit_day_open,,12353000,1190.6
2020-09-07,12353000,upbit_day_open,,12388000,1190.6
2020-09-08,12388000,upbit_day_open,,12131000,1190.6
2020-09-09,12130000,upbit_day_open,,12177000,1188.69
2020-09-10,12189000,upbit_day_open,,12328000,1185.12
2020-09-11,12328000,upbit_day_open,,12336000,1184.41
2020-09-12,12336000,upbit_day_open,,12379000,1186.55
2020-09-13,12379000,upbit_day_open,,12377000,1186.55
2020-09-14,12377000,upbit_day_open,,12659000,1186.55
2020-09-15,12657000,upbit_day_open,,12814000,1181.27
2020-09-16,12801000,upbit_day_open,,12913000,1179.99
2020-09-17,12908000,upbit_day_open,,12811000,1176
2020-09-18,12811000,upbit_day_open,,12777000,1174.25
2020-09-19,12781000,upbit_day_open,,12940000,1163.2
2020-09-20,12928000,upbit_day_open,,12819000,1163.2
2020-09-21,12828000,upbit_day_open,,12290000,1163.2
2020-09-22,12290000,upbit_day_open,,12344000,1166.75
2020-09-23,12346000,upbit_day_open,,11943000,1164.83
2020-09-24,11943000,upbit_day_open,,12500000,1164.56
2020-09-25,12495000,upbit_day_open,,12455000,1170.49
2020-09-26,12456000,upbit_day_open,,12506000,1172.71
2020-09-27,12506000,upbit_day_open,,12515000,1172.71
2020-09-28,12515000,upbit_day_open,,12468000,1172.71
2020-09-29,12468000,upbit_day_open,,12601000,1168.08
2020-09-30,12603000,upbit_day_open,,12558000,1169.67
2020-10-01,12562000,upbit_day_open,,12440000,1165.97
2020-10-02,12440000,upbit_day_open,,12423000,1163.05
2020-10-03,12423000,upbit_day_open,,12393000,1166.08
2020-10-04,12393000,upbit_day_open,,12447000,1166.08
2020-10-05,12446000,upbit_day_open,,12536000,1166.08
2020-10-06,12536000,upbit_day_open,,12418000,1157.77
2020-10-07,12408000,upbit_day_open,,12423000,1162
2020-10-08,12422000,upbit_day_open,,12582000,1158.41
2020-10-09,12582000,upbit_day_open,,12638000,1152.44
2020-10-10,12637000,upbit_day_open,,12864000,1143.46
2020-10-11,12858000,upbit_day_open,,12934000,1143.46
2020-10-12,12934000,upbit_day_open,,13172000,1143.46
2020-10-13,13176000,upbit_day_open,,13134000,1143.46
2020-10-14,13134000,upbit_day_open,,13150000,1147.4
2020-10-15,13150000,upbit_day_open,,13226000,1146.58
2020-10-16,13230000,upbit_day_open,,13054000,1143.03
2020-10-17,13054000,upbit_day_open,,13078000,1146.82
2020-10-18,13078000,upbit_day_open,,13207000,1146.82
2020-10-19,13207000,upbit_day_open,,13415000,1146.82
2020-10-20,13420000,upbit_day_open,,13646000,1141.76
2020-10-21,13645000,upbit_day_open,,14423000,1138.65
2020-10-22,14420000,upbit_day_open,,14558000,1132.11
2020-10-23,14558000,upbit_day_open,,14584000,1135.26
2020-10-24,14579000,upbit_day_open,,14760000,1129.77
2020-10-25,14760000,upbit_day_open,,14690000,1129.77
2020-10-26,14687000,upbit_day_open,,14764000,1129.77
2020-10-27,14772000,upbit_day_open,,15312000,1127.77
2020-10-28,15300000,upbit_day_open,,15060000,1127.9
2020-10-29,15060000,upbit_day_open,,15207000,1133.76
2020-10-30,15207000,upbit_day_open,,15340000,1131.12
2020-10-31,15340000,upbit_day_open,,15606000,1133.99
2020-11-01,15606000,upbit_day_open,,15574000,1133.99
2020-11-02,15574000,upbit_day_open,,15397000,1133.99
2020-11-03,15396000,upbit_day_open,,15881000,1134.62
2020-11-04,15881000,upbit_day_open,,15959000,1134.3
2020-11-05,15959000,upbit_day_open,,17352000,1137.37
2020-11-06,17352000,upbit_day_open,,17397000,1122.96
2020-11-07,17397000,upbit_day_open,,16647000,1121
2020-11-08,16650000,upbit_day_open,,17297000,1121
2020-11-09,17276000,upbit_day_open,,17106000,1121
2020-11-10,17106000,upbit_day_open,,17035000,1113.14
2020-11-11,17035000,upbit_day_open,,17439000,1117.63
2020-11-12,17439000,upbit_day_open,,17954000,1117.63
2020-11-13,17952000,upbit_day_open,,17988000,1112.95
2020-11-14,17988000,upbit_day_open,,17796000,1109.47
2020-11-15,17796000,upbit_day_open,,17670000,1109.47
2020-11-16,17670000,upbit_day_open,,18275000,1109.47
2020-11-17,18275000,upbit_day_open,,19332000,1106.88
2020-11-18,19344000,upbit_day_open,,19714000,1105.33
2020-11-19,19714000,upbit_day_open,,19802000,1105.72
2020-11-20,19800000,upbit_day_open,,20627000,1114.93
2020-11-21,20627000,upbit_day_open,,20351000,1114.48
2020-11-22,20348000,upbit_day_open,,20307000,1114.48
2020-11-23,20307000,upbit_day_open,,20100000,1114.48
2020-11-24,20100000,upbit_day_open,,20957000,1115.42
2020-11-25,20957000,upbit_day_open,,20840000,1110.93
2020-11-26,20840000,upbit_day_open,,19225000,1106.84
2020-11-27,19226000,upbit_day_open,,19129000,1106.84
2020-11-28,19129000,upbit_day_open,,19484000,1106.84
2020-11-29,19486000,upbit_day_open,,19991000,1106.84
2020-11-30,19990000,upbit_day_open,,21315000,1106.84
2020-12-01,21313000,upbit_day_open,,20867000,1105.79
2020-12-02,20867000,upbit_day_open,,21097000,1107.33
2020-12-03,21091000,upbit_day_open,,21179000,1100.15
2020-12-04,21183000,upbit_day_open,,20569000,1096.28
2020-12-05,20569000,upbit_day_open,,20781000,1081.85
2020-12-06,20778000,upbit_day_open,,20976000,1081.85
2020-12-07,20976000,upbit_day_open,,20834000,1081.85
2020-12-08,20834000,upbit_day_open,,20010000,1082.22
2020-12-09,20025000,upbit_day_open,,20267000,1085.4
2020-12-10,20252000,upbit_day_open,,19950000,1083.78
2020-12-11,19950000,upbit_day_open,,19658000,1086.83
2020-12-12,19658000,upbit_day_open,,20585000,1091.23
2020-12-13,20585000,upbit_day_open,,20793000,1091.23
2020-12-14,20786000,upbit_day_open,,20939000,1091.23
2020-12-15,20927000,upbit_day_open,,21103000,1093.19
2020-12-16,21103000,upbit_day_open,,22888000,1092.22
2020-12-17,22881000,upbit_day_open,,24743000,1093.71
2020-12-18,24737000,upbit_day_open,,25151000,1092.96
2020-12-19,25151000,upbit_day_open,,26169000,1099.37
2020-12-20,26169000,upbit_day_open,,25880000,1099.37
2020-12-21,25890000,upbit_day_open,,25387000,1099.37
2020-12-22,25387000,upbit_day_open,,26776000,1107.03
2020-12-23,26776000,upbit_day_open,,26380000,1107.12
2020-12-24,26380000,upbit_day_open,,26503000,1106.92
2020-12-25,26503000,upbit_day_open,,27122000,1106.92
2020-12-26,27122000,upbit_day_open,,29378000,1106.92
2020-12-27,29378000,upbit_day_open,,29319000,1106.92
2020-12-28,29347000,upbit_day_open,,30249000,1106.92
2020-12-29,30219000,upbit_day_open,,30498000,1096.67
2020-12-30,30498000,upbit_day_open,,31891000,1092.55
2020-12-31,31923000,upbit_day_open,,32042000,1086.62
2021-01-01,32037000,upbit_day_open,,32296000,1086.11
2021-01-02,32295000,upbit_day_open,,35700000,1086.11
2021-01-03,35700000,upbit_day_open,,37537000,1086.11
2021-01-04,37537000,upbit_day_open,,36460000,1086.11
2021-01-05,36478000,upbit_day_open,,38093000,1081.62
2021-01-06,38107000,upbit_day_open,,40762000,1087.42
2021-01-07,40764000,upbit_day_open,,44698000,1085.71
2021-01-08,44698000,upbit_day_open,,47215000,1086.78
2021-01-09,47201000,upbit_day_open,,45718000,1089.48
2021-01-10,45716000,upbit_day_open,,43404000,1089.48
2021-01-11,43400000,upbit_day_open,,40094000,1089.48
2021-01-12,40094000,upbit_day_open,,38577000,1097.39
2021-01-13,38496000,upbit_day_open,,41380000,1099.57
2021-01-14,41380000,upbit_day_open,,42735000,1098.31
2021-01-15,42787000,upbit_day_open,,40952000,1098.37
2021-01-16,40951000,upbit_day_open,,40086000,1099.39
2021-01-17,40070000,upbit_day_open,,39536000,1099.39
2021-01-18,39536000,upbit_day_open,,40008000,1099.39
2021-01-19,40008000,upbit_day_open,,39586000,1099.39
2021-01-20,39580000,upbit_day_open,,39253000,1102.14
2021-01-21,39253000,upbit_day_open,,34519000,1102.14
2021-01-22,34525000,upbit_day_open,,36345000,1097.91
2021-01-23,36345000,upbit_day_open,,35493000,1105.5
2021-01-24,35494000,upbit_day_open,,35539000,1105.5
2021-01-25,35539000,upbit_day_open,,36054000,1105.5
2021-01-26,36054000,upbit_day_open,,35923000,1101.02
2021-01-27,35929000,upbit_day_open,,34300000,1103.26
2021-01-28,34293000,upbit_day_open,,36624000,1104.09
2021-01-29,36631000,upbit_day_open,,37523000,1111.95
2021-01-30,37523000,upbit_day_open,,37087000,1118.35
2021-01-31,37039000,upbit_day_open,,36408000,1118.35
2021-02-01,36408000,upbit_day_open,,36618000,1118.35
2021-02-02,36618000,upbit_day_open,,37910000,1116.48
2021-02-03,37910000,upbit_day_open,,39357000,1115.88
2021-02-04,39345000,upbit_day_open,,39810000,1114.47
2021-02-05,39809000,upbit_day_open,,40424000,1120.02
2021-02-06,40421000,upbit_day_open,,41725000,1123.7
2021-02-07,41725000,upbit_day_open,,41921000,1123.7
2021-02-08,41921000,upbit_day_open,,49070000,1123.7
2021-02-09,49070000,upbit_day_open,,48779000,1119.22
2021-02-10,48788000,upbit_day_open,,48550000,1116.42
2021-02-11,48550000,upbit_day_open,,51370000,1106.9
2021-02-12,51370000,upbit_day_open,,50836000,1102.7
2021-02-13,50836000,upbit_day_open,,50626000,1102.16
2021-02-14,50625000,upbit_day_open,,52706000,1102.16
2021-02-15,52711000,upbit_day_open,,52532000,1102.16
2021-02-16,52518000,upbit_day_open,,54760000,1102.16
2021-02-17,54760000,upbit_day_open,,57484000,1099.61
2021-02-18,57458000,upbit_day_open,,57852000,1107.44
2021-02-19,57852000,upbit_day_open,,63649000,1108.56
2021-02-20,63649000,upbit_day_open,,64251000,1105.81
2021-02-21,64260000,upbit_day_open,,65417000,1105.81
2021-02-22,65416000,upbit_day_open,,61744000,1105.81
2021-02-23,61688000,upbit_day_open,,55105000,1111.56
2021-02-24,55106000,upbit_day_open,,56500000,1110.25
2021-02-25,56501000,upbit_day_open,,54168000,1112.19
2021-02-26,54128000,upbit_day_open,,53804000,1107.73
2021-02-27,53835000,upbit_day_open,,53494000,1123.36
2021-02-28,53494000,upbit_day_open,,51798000,1123.36
2021-03-01,51798000,upbit_day_open,,56426000,1123.36
2021-03-02,56438000,upbit_day_open,,56000000,1118.59
2021-03-03,56007000,upbit_day_open,,57933000,1125.61
2021-03-04,57933000,upbit_day_open,,56426000,1123.96
2021-03-05,56410000,upbit_day_open,,56654000,1124.45
2021-03-06,56636000,upbit_day_open,,56225000,1124.85
2021-03-07,56225000,upbit_day_open,,58155000,1124.85
2021-03-08,58155000,upbit_day_open,,59821000,1124.85
2021-03-09,59800000,upbit_day_open,,62949000,1132.64
2021-03-10,62950000,upbit_day_open,,64350000,1140.63
2021-03-11,64354000,upbit_day_open,,66208000,1139.85
2021-03-12,66208000,upbit_day_open,,66607000,1135.19
2021-03-13,66607000,upbit_day_open,,70615000,1133.09
2021-03-14,70615000,upbit_day_open,,68587000,1133.09
2021-03-15,68587000,upbit_day_open,,64487000,1133.09
2021-03-16,64490000,upbit_day_open,,66020000,1136.37
2021-03-17,66020000,upbit_day_open,,68494000,1129.69
2021-03-18,68494000,upbit_day_open,,67139000,1130.24
2021-03-19,67139000,upbit_day_open,,67974000,1123.51
2021-03-20,67911000,upbit_day_open,,67849000,1130.38
2021-03-21,67849000,upbit_day_open,,67120000,1130.38
2021-03-22,67064000,upbit_day_open,,64725000,1130.38
2021-03-23,64728000,upbit_day_open,,65458000,1128.19
2021-03-24,65458000,upbit_day_open,,64777000,1128.96
2021-03-25,64777000,upbit_day_open,,63328000,1133.35
2021-03-26,63334000,upbit_day_open,,65675000,1133.31
2021-03-27,65660000,upbit_day_open,,66591000,1129.26
2021-03-28,66648000,upbit_day_open,,67133000,1129.26
2021-03-29,67133000,upbit_day_open,,68701000,1129.26
2021-03-30,68693000,upbit_day_open,,70800000,1133.57
2021-03-31,70800000,upbit_day_open,,71513000,1133.44
2021-04-01,71480000,upbit_day_open,,72749000,1126.72
2021-04-02,72749000,upbit_day_open,,73855000,1131.63
2021-04-03,73934000,upbit_day_open,,72187000,1127.3
2021-04-04,72187000,upbit_day_open,,73974000,1127.3
2021-04-05,73908000,upbit_day_open,,78770000,1127.3
2021-04-06,78770000,upbit_day_open,,77944000,1127.34
2021-04-07,77919000,upbit_day_open,,72850000,1117.12
2021-04-08,72850000,upbit_day_open,,75316000,1116.21
2021-04-09,75315000,upbit_day_open,,76066000,1116.96
2021-04-10,76072000,upbit_day_open,,78530000,1120.84
2021-04-11,78531000,upbit_day_open,,78743000,1120.84
2021-04-12,78835000,upbit_day_open,,78178000,1120.84
2021-04-13,78178000,upbit_day_open,,80736000,1124.6
2021-04-14,80736000,upbit_day_open,,80401000,1125.63
2021-04-15,80401000,upbit_day_open,,79670000,1116.43
2021-04-16,79670000,upbit_day_open,,79351000,1115.04
2021-04-17,79322000,upbit_day_open,,77905000,1114.93
2021-04-18,77909000,upbit_day_open,,75643000,1114.93
2021-04-19,75692000,upbit_day_open,,71456000,1114.93
2021-04-20,71448000,upbit_day_open,,70402000,1115.03
2021-04-21,70400000,upbit_day_open,,68198000,1116.68
2021-04-22,68193000,upbit_day_open,,59962000,1117.8
2021-04-23,59950000,upbit_day_open,,60900000,1117.3
2021-04-24,60901000,upbit_day_open,,60853000,1115.1
2021-04-25,60853000,upbit_day_open,,59859000,1115.1
2021-04-26,59850000,upbit_day_open,,64198000,1115.1
2021-04-27,64198000,upbit_day_open,,64767000,1110.88
2021-04-28,64759000,upbit_day_open,,64100000,1109.6
2021-04-29,64060000,upbit_day_open,,63814000,1112.28
2021-04-30,63816000,upbit_day_open,,67939000,1108.54
2021-05-01,67956000,upbit_day_open,,69049000,1115.58
2021-05-02,69041000,upbit_day_open,,68452000,1115.58
2021-05-03,68452000,upbit_day_open,,69996000,1115.58
2021-05-04,69996000,upbit_day_open,,66829000,1122.88
2021-05-05,66828000,upbit_day_open,,68679000,1122.05
2021-05-06,68700000,upbit_day_open,,68767000,1125.82
2021-05-07,68760000,upbit_day_open,,68563000,1121.94
2021-05-08,68564000,upbit_day_open,,71740000,1121.06
2021-05-09,71728000,upbit_day_open,,71505000,1121.06
2021-05-10,71506000,upbit_day_open,,70902000,1121.06
2021-05-11,70902000,upbit_day_open,,69741000,1112.28
2021-05-12,69714000,upbit_day_open,,62257000,1119.38
2021-05-13,62380000,upbit_day_open,,63069000,1124.33
2021-05-14,63080000,upbit_day_open,,61797000,1130.35
2021-05-15,61795000,upbit_day_open,,58807000,1126.76
2021-05-16,58814000,upbit_day_open,,57649000,1126.76
2021-05-17,57655000,upbit_day_open,,54057000,1126.76
2021-05-18,54057000,upbit_day_open,,53419000,1136.03
2021-05-19,53404000,upbit_day_open,,50379000,1129.67
2021-05-20,50477000,upbit_day_open,,51320000,1128.18
2021-05-21,51318000,upbit_day_open,,49112000,1127.74
2021-05-22,49080000,upbit_day_open,,47460000,1126.59
2021-05-23,47444000,upbit_day_open,,42585000,1126.59
2021-05-24,42585000,upbit_day_open,,46963000,1126.59
2021-05-25,46932000,upbit_day_open,,47047000,1125.28
2021-05-26,47067000,upbit_day_open,,47325000,1123.21
2021-05-27,47324000,upbit_day_open,,46563000,1117.63
2021-05-28,46568000,upbit_day_open,,43723000,1117.47
2021-05-29,43723000,upbit_day_open,,42688000,1114.48
2021-05-30,42688000,upbit_day_open,,43177000,1114.48
2021-05-31,43177000,upbit_day_open,,43761000,1114.48
2021-06-01,43761000,upbit_day_open,,43200000,1114.48
2021-06-02,43207000,upbit_day_open,,43732000,1106.43
2021-06-03,43744000,upbit_day_open,,45431000,1110.37
2021-06-04,45429000,upbit_day_open,,42938000,1117.63
2021-06-05,42938000,upbit_day_open,,41943000,1112.03
2021-06-06,41942000,upbit_day_open,,41780000,1112.03
2021-06-07,41780000,upbit_day_open,,39064000,1112.03
2021-06-08,39065000,upbit_day_open,,38494000,1111.01
2021-06-09,38495000,upbit_day_open,,43278000,1116.43
2021-06-10,43282000,upbit_day_open,,42836000,1116.58
2021-06-11,42836000,upbit_day_open,,43698000,1114.17
2021-06-12,43698000,upbit_day_open,,41430000,1116.57
2021-06-13,41430000,upbit_day_open,,44746000,1116.57
2021-06-14,44746000,upbit_day_open,,46501000,1116.57
2021-06-15,46511000,upbit_day_open,,46389000,1117.57
2021-06-16,46409000,upbit_day_open,,45295000,1118.33
2021-06-17,45306000,upbit_day_open,,44854000,1118.42
2021-06-18,44823000,upbit_day_open,,42599000,1130.14
2021-06-19,42588000,upbit_day_open,,42088000,1135.28
2021-06-20,42088000,upbit_day_open,,41842000,1135.28
2021-06-21,41843000,upbit_day_open,,37393000,1135.28
2021-06-22,37397000,upbit_day_open,,37784000,1134.19
2021-06-23,37784000,upbit_day_open,,39077000,1137.07
2021-06-24,39077000,upbit_day_open,,40098000,1133.89
2021-06-25,40100000,upbit_day_open,,37152000,1131.5
2021-06-26,37152000,upbit_day_open,,37629000,1127.36
2021-06-27,37617000,upbit_day_open,,39985000,1127.36
2021-06-28,39985000,upbit_day_open,,39959000,1127.36
2021-06-29,39971000,upbit_day_open,,41528000,1130.29
2021-06-30,41528000,upbit_day_open,,40674000,1131.68
2021-07-01,40663000,upbit_day_open,,39320000,1130.42
2021-07-02,39320000,upbit_day_open,,39442000,1134.37
2021-07-03,39440000,upbit_day_open,,40299000,1132.42
2021-07-04,40299000,upbit_day_open,,40948000,1132.42
2021-07-05,40915000,upbit_day_open,,39506000,1132.42
2021-07-06,39509000,upbit_day_open,,39814000,1132.42
2021-07-07,39814000,upbit_day_open,,39743000,1137.17
2021-07-08,39743000,upbit_day_open,,39082000,1141.26
2021-07-09,39069000,upbit_day_open,,39820000,1147.96
2021-07-10,39801000,upbit_day_open,,39626000,1145.08
2021-07-11,39633000,upbit_day_open,,40194000,1145.08
2021-07-12,40194000,upbit_day_open,,39193000,1145.08
2021-07-13,39177000,upbit_day_open,,38713000,1146.29
2021-07-14,38741000,upbit_day_open,,38592000,1146.29
2021-07-15,38590000,upbit_day_open,,37606000,1147.43
2021-07-16,37606000,upbit_day_open,,37199000,1141.21
2021-07-17,37199000,upbit_day_open,,37205000,1139.35
2021-07-18,37205000,upbit_day_open,,37663000,1139.35
2021-07-19,37663000,upbit_day_open,,36799000,1139.35
2021-07-20,36799000,upbit_day_open,,35305000,1147.17
2021-07-21,35339000,upbit_day_open,,38013000,1150.45
2021-07-22,38012000,upbit_day_open,,37925000,1153.03
2021-07-23,37922000,upbit_day_open,,39108000,1149.99
2021-07-24,39113000,upbit_day_open,,40112000,1153.53
2021-07-25,40076000,upbit_day_open,,41070000,1153.53
2021-07-26,41054000,upbit_day_open,,43001000,1153.53
2021-07-27,43021000,upbit_day_open,,45409000,1154.75
2021-07-28,45447000,upbit_day_open,,46350000,1156.32
2021-07-29,46350000,upbit_day_open,,45907000,1156.27
2021-07-30,45936000,upbit_day_open,,48555000,1142.09
2021-07-31,48570000,upbit_day_open,,47979000,1151.86
2021-08-01,47979000,upbit_day_open,,46274000,1151.86
2021-08-02,46263000,upbit_day_open,,45451000,1151.86
2021-08-03,45451000,upbit_day_open,,44969000,1150.72
2021-08-04,44950000,upbit_day_open,,45718000,1149.45
2021-08-05,45718000,upbit_day_open,,47139000,1142.99
2021-08-06,47099000,upbit_day_open,,49349000,1142.53
2021-08-07,49342000,upbit_day_open,,50956000,1145.87
2021-08-08,50956000,upbit_day_open,,50799000,1145.87
2021-08-09,50790000,upbit_day_open,,52846000,1145.87
2021-08-10,52862000,upbit_day_open,,52339000,1145.83
2021-08-11,52335000,upbit_day_open,,52590000,1152.5
2021-08-12,52585000,upbit_day_open,,52079000,1156.09
2021-08-13,52078000,upbit_day_open,,55146000,1162.78
2021-08-14,55145000,upbit_day_open,,54812000,1168.36
2021-08-15,54817000,upbit_day_open,,54636000,1168.36
2021-08-16,54638000,upbit_day_open,,53863000,1168.36
2021-08-17,53863000,upbit_day_open,,52660000,1166.78
2021-08-18,52674000,upbit_day_open,,52812000,1177.08
2021-08-19,52815000,upbit_day_open,,55017000,1170.18
2021-08-20,55030000,upbit_day_open,,57683000,1173.89
2021-08-21,57690000,upbit_day_open,,57553000,1180.4
2021-08-22,57576000,upbit_day_open,,57681000,1180.4
2021-08-23,57714000,upbit_day_open,,57627000,1180.4
2021-08-24,57627000,upbit_day_open,,56134000,1169.73
2021-08-25,56168000,upbit_day_open,,57100000,1165.43
2021-08-26,57088000,upbit_day_open,,55225000,1164.24
2021-08-27,55255000,upbit_day_open,,57401000,1169.88
2021-08-28,57400000,upbit_day_open,,57428000,1162.5
2021-08-29,57428000,upbit_day_open,,57272000,1162.5
2021-08-30,57272000,upbit_day_open,,55800000,1162.5
2021-08-31,55800000,upbit_day_open,,55230000,1166.33
2021-09-01,55228000,upbit_day_open,,56455000,1158.32
2021-09-02,56445000,upbit_day_open,,57155000,1156.03
2021-09-03,57155000,upbit_day_open,,57783000,1160.95
2021-09-04,57717000,upbit_day_open,,57827000,1155.44
2021-09-05,57836000,upbit_day_open,,59212000,1155.44
2021-09-06,59212000,upbit_day_open,,60839000,1155.44
2021-09-07,60839000,upbit_day_open,,56672000,1155.44
2021-09-08,56668000,upbit_day_open,,55580000,1162.88
2021-09-09,55576000,upbit_day_open,,55900000,1166.21
2021-09-10,55879000,upbit_day_open,,55031000,1169.61
2021-09-11,55031000,upbit_day_open,,54800000,1169.63
2021-09-12,54800000,upbit_day_open,,55078000,1169.63
2021-09-13,55078000,upbit_day_open,,54274000,1169.63
2021-09-14,54340000,upbit_day_open,,56564000,1173.33
2021-09-15,56564000,upbit_day_open,,57207000,1170.71
2021-09-16,57178000,upbit_day_open,,57277000,1168.58
2021-09-17,57277000,upbit_day_open,,57642000,1171.23
2021-09-18,57642000,upbit_day_open,,58597000,1175.34
2021-09-19,58597000,upbit_day_open,,57976000,1175.34
2021-09-20,58030000,upbit_day_open,,53801000,1175.34
2021-09-21,53801000,upbit_day_open,,50699000,1186.73
2021-09-22,50699000,upbit_day_open,,53856000,1185.15
2021-09-23,53853000,upbit_day_open,,54410000,1182.41
2021-09-24,54405000,upbit_day_open,,52176000,1173.48
2021-09-25,52176000,upbit_day_open,,52326000,1176.53
2021-09-26,52326000,upbit_day_open,,52798000,1176.53
2021-09-27,52798000,upbit_day_open,,51834000,1176.53
2021-09-28,51831000,upbit_day_open,,50309000,1175.9
2021-09-29,50309000,upbit_day_open,,50800000,1183.61
2021-09-30,50800000,upbit_day_open,,53523000,1181.75
2021-10-01,53523000,upbit_day_open,,58348000,1183.7
2021-10-02,58348000,upbit_day_open,,58228000,1187.24
2021-10-03,58238000,upbit_day_open,,58567000,1187.24
2021-10-04,58466000,upbit_day_open,,60020000,1187.24
2021-10-05,60020000,upbit_day_open,,61666000,1182.4
2021-10-06,61666000,upbit_day_open,,67000000,1188.31
2021-10-07,66998000,upbit_day_open,,65500000,1192.6
2021-10-08,65501000,upbit_day_open,,65951000,1190.76
2021-10-09,65951000,upbit_day_open,,67057000,1194.58
2021-10-10,67057000,upbit_day_open,,67801000,1194.58
2021-10-11,67801000,upbit_day_open,,70921000,1194.58
2021-10-12,70954000,upbit_day_open,,69164000,1194.58
2021-10-13,69188000,upbit_day_open,,69857000,1198.72
2021-10-14,69857000,upbit_day_open,,69783000,1193.89
2021-10-15,69784000,upbit_day_open,,75688000,1186.3
2021-10-16,75688000,upbit_day_open,,74806000,1182.34
2021-10-17,74806000,upbit_day_open,,75933000,1182.34
2021-10-18,75933000,upbit_day_open,,76546000,1182.34
2021-10-19,76541000,upbit_day_open,,78776000,1187.55
2021-10-20,78776000,upbit_day_open,,79917000,1175.32
2021-10-21,79919000,upbit_day_open,,76396000,1175.05
2021-10-22,76396000,upbit_day_open,,74364000,1177.25
2021-10-23,74350000,upbit_day_open,,74830000,1176.85
2021-10-24,74830000,upbit_day_open,,74501000,1176.85
2021-10-25,74501000,upbit_day_open,,76200000,1176.85
2021-10-26,76250000,upbit_day_open,,73293000,1167.59
2021-10-27,73293000,upbit_day_open,,71845000,1167.58
2021-10-28,71833000,upbit_day_open,,73122000,1171.19
2021-10-29,73028000,upbit_day_open,,74568000,1167.34
2021-10-30,74568000,upbit_day_open,,73413000,1174.94
2021-10-31,73428000,upbit_day_open,,72391000,1174.94
2021-11-01,72325000,upbit_day_open,,72401000,1174.94
2021-11-02,72402000,upbit_day_open,,74150000,1177.73
2021-11-03,74106000,upbit_day_open,,74600000,1177.04
2021-11-04,74607000,upbit_day_open,,73807000,1184.56
2021-11-05,73807000,upbit_day_open,,74121000,1186.77
2021-11-06,74092000,upbit_day_open,,74575000,1183.28
2021-11-07,74576000,upbit_day_open,,76536000,1183.28
2021-11-08,76649000,upbit_day_open,,81403000,1183.28
2021-11-09,81402000,upbit_day_open,,80857000,1180.64
2021-11-10,80813000,upbit_day_open,,79660000,1178.64
2021-11-11,79663000,upbit_day_open,,78917000,1181.16
2021-11-12,78938000,upbit_day_open,,78165000,1181.16
2021-11-13,78165000,upbit_day_open,,77867000,1179.23
2021-11-14,77867000,upbit_day_open,,79310000,1179.23
2021-11-15,79323000,upbit_day_open,,77602000,1179.23
2021-11-16,77600000,upbit_day_open,,73897000,1181.61
2021-11-17,73897000,upbit_day_open,,73935000,1183.3
2021-11-18,73941000,upbit_day_open,,70611000,1182.4
2021-11-19,70602000,upbit_day_open,,71813000,1183.42
2021-11-20,71813000,upbit_day_open,,73669000,1184.93
2021-11-21,73669000,upbit_day_open,,73047000,1184.93
2021-11-22,73096000,upbit_day_open,,70589000,1184.93
2021-11-23,70589000,upbit_day_open,,71802000,1185.33
2021-11-24,71726000,upbit_day_open,,71680000,1190.31
2021-11-25,71689000,upbit_day_open,,73171000,1186.01
2021-11-26,73160000,upbit_day_open,,68549000,1186.01
2021-11-27,68550000,upbit_day_open,,70039000,1194.43
2021-11-28,70039000,upbit_day_open,,72303000,1194.43
2021-11-29,72255000,upbit_day_open,,72240000,1194.43
2021-11-30,72241000,upbit_day_open,,70702000,1192.96
2021-12-01,70771000,upbit_day_open,,70936000,1187.45
2021-12-02,70936000,upbit_day_open,,70539000,1187.45
2021-12-03,70563000,upbit_day_open,,68053000,1175.18
2021-12-04,68068000,upbit_day_open,,62206000,1179.84
2021-12-05,62178000,upbit_day_open,,61877000,1179.84
2021-12-06,61877000,upbit_day_open,,62626000,1179.84
2021-12-07,62632000,upbit_day_open,,63204000,1182.29
2021-12-08,63205000,upbit_day_open,,62217000,1179.24
2021-12-09,62217000,upbit_day_open,,59425000,1175.19
2021-12-10,59425000,upbit_day_open,,59683000,1173.59
2021-12-11,59749000,upbit_day_open,,61427000,1180.99
2021-12-12,61414000,upbit_day_open,,62049000,1180.99
2021-12-13,61995000,upbit_day_open,,58626000,1180.99
2021-12-14,58626000,upbit_day_open,,59930000,1184.19
2021-12-15,59909000,upbit_day_open,,61198000,1182.7
2021-12-16,61196000,upbit_day_open,,59817000,1186.06
2021-12-17,59820000,upbit_day_open,,58086000,1183.59
2021-12-18,58110000,upbit_day_open,,58402000,1181.03
2021-12-19,58438000,upbit_day_open,,58329000,1181.03
2021-12-20,58329000,upbit_day_open,,58011000,1181.03
2021-12-21,57980000,upbit_day_open,,60023000,1191.07
2021-12-22,60023000,upbit_day_open,,59753000,1192.35
2021-12-23,59759000,upbit_day_open,,61490000,1190.21
2021-12-24,61490000,upbit_day_open,,61939000,1187.59
2021-12-25,61939000,upbit_day_open,,61177000,1187.59
2021-12-26,61177000,upbit_day_open,,61467000,1187.59
2021-12-27,61467000,upbit_day_open,,61508000,1187.59
2021-12-28,61470000,upbit_day_open,,58274000,1186.82
2021-12-29,58261000,upbit_day_open,,57089000,1188.15
2021-12-30,57089000,upbit_day_open,,57200000,1185.51
2021-12-31,57233000,upbit_day_open,,56784000,1188.59
2022-01-01,56784000,upbit_day_open,,57915000,1188.59
2022-01-02,57915000,upbit_day_open,,57531000,1188.59
2022-01-03,57540000,upbit_day_open,,56641000,1188.59
2022-01-04,56640000,upbit_day_open,,56023000,1191.39
2022-01-05,56023000,upbit_day_open,,53854000,1193.77
2022-01-06,53854000,upbit_day_open,,53239000,1196.38
2022-01-07,53240000,upbit_day_open,,51449000,1205.02
2022-01-08,51449000,upbit_day_open,,52142000,1200.78
2022-01-09,52142000,upbit_day_open,,51678000,1200.78
2022-01-10,51672000,upbit_day_open,,51246000,1200.78
2022-01-11,51255000,upbit_day_open,,52307000,1199.13
2022-01-12,52306000,upbit_day_open,,53349000,1194.62
2022-01-13,53349000,upbit_day_open,,51885000,1187.34
2022-01-14,51885000,upbit_day_open,,52230000,1187.95
2022-01-15,52230000,upbit_day_open,,52357000,1186.96
2022-01-16,52357000,upbit_day_open,,52165000,1186.96
2022-01-17,52165000,upbit_day_open,,51436000,1186.96
2022-01-18,51435000,upbit_day_open,,51179000,1186.96
2022-01-19,51183000,upbit_day_open,,50333000,1192.74
2022-01-20,50333000,upbit_day_open,,49648000,1188.51
2022-01-21,49600000,upbit_day_open,,45316000,1191.96
2022-01-22,45316000,upbit_day_open,,43375000,1193.87
2022-01-23,43376000,upbit_day_open,,44253000,1193.87
2022-01-24,44255000,upbit_day_open,,44731000,1193.87
2022-01-25,44764000,upbit_day_open,,44909000,1195.68
2022-01-26,44905000,upbit_day_open,,45100000,1198.66
2022-01-27,45100000,upbit_day_open,,45809000,1197.46
2022-01-28,45800000,upbit_day_open,,46588000,1202.65
2022-01-29,46592000,upbit_day_open,,47146000,1209.04
2022-01-30,47144000,upbit_day_open,,47208000,1209.04
2022-01-31,47208000,upbit_day_open,,47266000,1209.04
2022-02-01,47304000,upbit_day_open,,47760000,1206.78
2022-02-02,47784000,upbit_day_open,,45517000,1209.44
2022-02-03,45518000,upbit_day_open,,45835000,1201.7
2022-02-04,45835000,upbit_day_open,,50633000,1206.35
2022-02-05,50613000,upbit_day_open,,50788000,1199.43
2022-02-06,50788000,upbit_day_open,,51732000,1199.43
2022-02-07,51678000,upbit_day_open,,53511000,1199.43
2022-02-08,53511000,upbit_day_open,,53651000,1198.64
2022-02-09,53651000,upbit_day_open,,53660000,1198.05
2022-02-10,53659000,upbit_day_open,,53123000,1196.36
2022-02-11,53040000,upbit_day_open,,51882000,1196.31
2022-02-12,51875000,upbit_day_open,,51597000,1198.72
2022-02-13,51619000,upbit_day_open,,51550000,1198.72
2022-02-14,51550000,upbit_day_open,,51586000,1198.72
2022-02-15,51586000,upbit_day_open,,53832000,1196.21
2022-02-16,53835000,upbit_day_open,,53298000,1199.78
2022-02-17,53298000,upbit_day_open,,49376000,1197.51
2022-02-18,49376000,upbit_day_open,,49015000,1197.39
2022-02-19,49004000,upbit_day_open,,49035000,1195.4
2022-02-20,49035000,upbit_day_open,,47131000,1195.4
2022-02-21,47133000,upbit_day_open,,45450000,1195.4
2022-02-22,45450000,upbit_day_open,,46474000,1195.4
2022-02-23,46500000,upbit_day_open,,45543000,1192.07
2022-02-24,45483000,upbit_day_open,,46927000,1193.42
2022-02-25,46854000,upbit_day_open,,47831000,1202.34
2022-02-26,47830000,upbit_day_open,,47809000,1201.93
2022-02-27,47850000,upbit_day_open,,46358000,1201.93
2022-02-28,46363000,upbit_day_open,,52332000,1201.93
2022-03-01,52332000,upbit_day_open,,53790000,1202.28
2022-03-02,53789000,upbit_day_open,,53359000,1204.34
2022-03-03,53359000,upbit_day_open,,51842000,1205.58
2022-03-04,51875000,upbit_day_open,,48450000,1204.35
2022-03-05,48450000,upbit_day_open,,48605000,1213.71
2022-03-06,48610000,upbit_day_open,,47745000,1213.71
2022-03-07,47782000,upbit_day_open,,47415000,1213.71
2022-03-08,47364000,upbit_day_open,,48213000,1226.78
2022-03-09,48213000,upbit_day_open,,51570000,1237.18
2022-03-10,51571000,upbit_day_open,,48917000,1234.01
2022-03-11,48931000,upbit_day_open,,48315000,1228.21
2022-03-12,48314000,upbit_day_open,,48500000,1231.47
2022-03-13,48500000,upbit_day_open,,47510000,1231.47
2022-03-14,47500000,upbit_day_open,,49171000,1231.47
2022-03-15,49212000,upbit_day_open,,48640000,1241.46
2022-03-16,48609000,upbit_day_open,,50389000,1242.65
2022-03-17,50392000,upbit_day_open,,50069000,1228.04
2022-03-18,50069000,upbit_day_open,,50770000,1214.33
2022-03-19,50736000,upbit_day_open,,51245000,1212.2
2022-03-20,51245000,upbit_day_open,,50462000,1212.2
2022-03-21,50471000,upbit_day_open,,50128000,1212.2
2022-03-22,50128000,upbit_day_open,,51704000,1216.12
2022-03-23,51689000,upbit_day_open,,52138000,1217.09
2022-03-24,52138000,upbit_day_open,,52966000,1217.92
2022-03-25,52907000,upbit_day_open,,53791000,1220.45
2022-03-26,53836000,upbit_day_open,,53902000,1218.77
2022-03-27,53888000,upbit_day_open,,55949000,1218.77
2022-03-28,55936000,upbit_day_open,,56914000,1218.77
2022-03-29,56900000,upbit_day_open,,56985000,1225.46
2022-03-30,56985000,upbit_day_open,,56620000,1219.21
2022-03-31,56594000,upbit_day_open,,55352000,1208.46
2022-04-01,55331000,upbit_day_open,,56369000,1211.55
2022-04-02,56326000,upbit_day_open,,56050000,1215.29
2022-04-03,56006000,upbit_day_open,,56639000,1215.29
2022-04-04,56596000,upbit_day_open,,57055000,1215.29
2022-04-05,57069000,upbit_day_open,,56155000,1214.72
2022-04-06,56195000,upbit_day_open,,53072000,1212.55
2022-04-07,53072000,upbit_day_open,,53814000,1212.55
2022-04-08,53813000,upbit_day_open,,52934000,1218.96
2022-04-09,52934000,upbit_day_open,,53258000,1225.13
2022-04-10,53295000,upbit_day_open,,52819000,1225.13
2022-04-11,52799000,upbit_day_open,,50050000,1225.13
2022-04-12,50050000,upbit_day_open,,50577000,1233.38
2022-04-13,50577000,upbit_day_open,,51700000,1236.03
2022-04-14,51645000,upbit_day_open,,50245000,1227.17
2022-04-15,50275000,upbit_day_open,,50850000,1224.18
2022-04-16,50807000,upbit_day_open,,50567000,1227.97
2022-04-17,50567000,upbit_day_open,,49962000,1227.97
2022-04-18,49962000,upbit_day_open,,50839000,1227.97
2022-04-19,50768000,upbit_day_open,,51458000,1233.73
2022-04-20,51459000,upbit_day_open,,51388000,1236.53
2022-04-21,51436000,upbit_day_open,,50805000,1235.28
2022-04-22,50805000,upbit_day_open,,49937000,1238.13
2022-04-23,49937000,upbit_day_open,,49742000,1239.66
2022-04-24,49723000,upbit_day_open,,49620000,1239.66
2022-04-25,49620000,upbit_day_open,,50614000,1239.66
2022-04-26,50614000,upbit_day_open,,48777000,1249.87
2022-04-27,48718000,upbit_day_open,,49954000,1260.37
2022-04-28,49954000,upbit_day_open,,50580000,1269.35
2022-04-29,50580000,upbit_day_open,,49731000,1271.5
2022-04-30,49731000,upbit_day_open,,49283000,1255.87
2022-05-01,49283000,upbit_day_open,,49383000,1255.87
2022-05-02,49383000,upbit_day_open,,49520000,1255.87
2022-05-03,49501000,upbit_day_open,,48777000,1265.24
2022-05-04,48772000,upbit_day_open,,50616000,1267.82
2022-05-05,50631000,upbit_day_open,,47647000,1265.22
2022-05-06,47650000,upbit_day_open,,47031000,1256.05
2022-05-07,47030000,upbit_day_open,,46507000,1272.58
2022-05-08,46507000,upbit_day_open,,44770000,1272.58
2022-05-09,44763000,upbit_day_open,,41002000,1272.58
2022-05-10,41000000,upbit_day_open,,41046000,1276.29
2022-05-11,41044000,upbit_day_open,,40290000,1275.02
2022-05-12,40263000,upbit_day_open,,39243000,1275.04
2022-05-13,39246000,upbit_day_open,,39270000,1288.65
2022-05-14,39270000,upbit_day_open,,39967000,1283.51
2022-05-15,39967000,upbit_day_open,,40906000,1283.51
2022-05-16,40902000,upbit_day_open,,39256000,1283.51
2022-05-17,39260000,upbit_day_open,,39259000,1284.79
2022-05-18,39260000,upbit_day_open,,37099000,1274.33
2022-05-19,37100000,upbit_day_open,,38780000,1266.36
2022-05-20,38781000,upbit_day_open,,37762000,1276.91
2022-05-21,37798000,upbit_day_open,,38037000,1267.87
2022-05-22,38037000,upbit_day_open,,38933000,1267.87
2022-05-23,38933000,upbit_day_open,,37436000,1267.87
2022-05-24,37436000,upbit_day_open,,37827000,1263.85
2022-05-25,37827000,upbit_day_open,,37935000,1265.97
2022-05-26,37937000,upbit_day_open,,37662000,1264.58
2022-05-27,37662000,upbit_day_open,,36837000,1267.83
2022-05-28,36862000,upbit_day_open,,37034000,1250.13
2022-05-29,37033000,upbit_day_open,,37380000,1250.13
2022-05-30,37415000,upbit_day_open,,39550000,1250.13
2022-05-31,39527000,upbit_day_open,,39923000,1250.13
2022-06-01,39927000,upbit_day_open,,37880000,1236.93
2022-06-02,37880000,upbit_day_open,,38392000,1246.52
2022-06-03,38393000,upbit_day_open,,37851000,1252.03
2022-06-04,37852000,upbit_day_open,,37916000,1242.23
2022-06-05,37916000,upbit_day_open,,37972000,1242.23
2022-06-06,37974000,upbit_day_open,,39532000,1242.23
2022-06-07,39532000,upbit_day_open,,39398000,1253.52
2022-06-08,39366000,upbit_day_open,,38581000,1255.32
2022-06-09,38581000,upbit_day_open,,38256000,1253.5
2022-06-10,38265000,upbit_day_open,,37611000,1256.91
2022-06-11,37613000,upbit_day_open,,37058000,1268.01
2022-06-12,37061000,upbit_day_open,,34718000,1268.01
2022-06-13,34718000,upbit_day_open,,29372000,1268.01
2022-06-14,29373000,upbit_day_open,,28829000,1283.69
2022-06-15,28828000,upbit_day_open,,29253000,1285.87
2022-06-16,29235000,upbit_day_open,,26898000,1290.05
2022-06-17,26900000,upbit_day_open,,27010000,1286.76
2022-06-18,27010000,upbit_day_open,,25093000,1287.36
2022-06-19,25096000,upbit_day_open,,26642000,1287.36
2022-06-20,26666000,upbit_day_open,,26643000,1287.36
2022-06-21,26643000,upbit_day_open,,26967000,1287.36
2022-06-22,26967000,upbit_day_open,,26193000,1293.25
2022-06-23,26180000,upbit_day_open,,27419000,1297.21
2022-06-24,27419000,upbit_day_open,,27597000,1300.86
2022-06-25,27592000,upbit_day_open,,27832000,1298.71
2022-06-26,27837000,upbit_day_open,,27460000,1298.71
2022-06-27,27475000,upbit_day_open,,27039000,1298.71
2022-06-28,27033000,upbit_day_open,,26547000,1286.2
2022-06-29,26553000,upbit_day_open,,26548000,1290.18
2022-06-30,26572000,upbit_day_open,,26003000,1298.39
2022-07-01,25999000,upbit_day_open,,25556000,1298.95
2022-07-02,25576000,upbit_day_open,,25463000,1297.18
2022-07-03,25465000,upbit_day_open,,25422000,1297.18
2022-07-04,25454000,upbit_day_open,,26399000,1297.18
2022-07-05,26399000,upbit_day_open,,26548000,1297.18
2022-07-06,26523000,upbit_day_open,,26954000,1299.69
2022-07-07,26953000,upbit_day_open,,28115000,1307.1
2022-07-08,28129000,upbit_day_open,,28241000,1299.51
2022-07-09,28241000,upbit_day_open,,28200000,1299.51
2022-07-10,28199000,upbit_day_open,,27317000,1299.51
2022-07-11,27317000,upbit_day_open,,26460000,1299.51
2022-07-12,26474000,upbit_day_open,,25723000,1308.9
2022-07-13,25723000,upbit_day_open,,26611000,1311.91
2022-07-14,26604000,upbit_day_open,,27135000,1306.65
2022-07-15,27140000,upbit_day_open,,27518000,1311.76
2022-07-16,27496000,upbit_day_open,,27857000,1321.15
2022-07-17,27856000,upbit_day_open,,27505000,1321.15
2022-07-18,27505000,upbit_day_open,,29322000,1321.15
2022-07-19,29322000,upbit_day_open,,30660000,1316.7
2022-07-20,30646000,upbit_day_open,,30505000,1313.52
2022-07-21,30500000,upbit_day_open,,30415000,1313.1
2022-07-22,30415000,upbit_day_open,,30080000,1307.58
2022-07-23,30077000,upbit_day_open,,29722000,1312.82
2022-07-24,29704000,upbit_day_open,,29818000,1312.82
2022-07-25,29818000,upbit_day_open,,28555000,1312.82
2022-07-26,28555000,upbit_day_open,,28401000,1313.27
2022-07-27,28401000,upbit_day_open,,30202000,1308.33
2022-07-28,30200000,upbit_day_open,,31217000,1313.14
2022-07-29,31217000,upbit_day_open,,31404000,1299.69
2022-07-30,31402000,upbit_day_open,,31281000,1299.08
2022-07-31,31270000,upbit_day_open,,30751000,1299.08
2022-08-01,30750000,upbit_day_open,,30851000,1299.08
2022-08-02,30851000,upbit_day_open,,30754000,1304.18
2022-08-03,30754000,upbit_day_open,,30708000,1304.89
2022-08-04,30708000,upbit_day_open,,30315000,1310.69
2022-08-05,30318000,upbit_day_open,,30767000,1310.2
2022-08-06,30767000,upbit_day_open,,30534000,1298.22
2022-08-07,30534000,upbit_day_open,,30685000,1298.22
2022-08-08,30695000,upbit_day_open,,31459000,1298.22
2022-08-09,31435000,upbit_day_open,,30997000,1306.11
2022-08-10,30997000,upbit_day_open,,31583000,1304.5
2022-08-11,31583000,upbit_day_open,,31770000,1310.54
2022-08-12,31770000,upbit_day_open,,32368000,1302.72
2022-08-13,32368000,upbit_day_open,,32562000,1302.13
2022-08-14,32562000,upbit_day_open,,32544000,1302.13
2022-08-15,32544000,upbit_day_open,,32445000,1302.13
2022-08-16,32435000,upbit_day_open,,32082000,1305.85
2022-08-17,32082000,upbit_day_open,,31547000,1308.54
2022-08-18,31547000,upbit_day_open,,31720000,1310.16
2022-08-19,31720000,upbit_day_open,,28678000,1319.94
2022-08-20,28678000,upbit_day_open,,29340000,1325.5
2022-08-21,29350000,upbit_day_open,,29459000,1325.5
2022-08-22,29458000,upbit_day_open,,29260000,1325.5
2022-08-23,29261000,upbit_day_open,,29307000,1339.4
2022-08-24,29287000,upbit_day_open,,29104000,1339.4
2022-08-25,29103000,upbit_day_open,,29300000,1342.05
2022-08-26,29299000,upbit_day_open,,27969000,1335.46
2022-08-27,27954000,upbit_day_open,,27739000,1331.17
2022-08-28,27739000,upbit_day_open,,27099000,1331.17
2022-08-29,27098000,upbit_day_open,,27792000,1331.17
2022-08-30,27792000,upbit_day_open,,27314000,1349.8
2022-08-31,27314000,upbit_day_open,,27530000,1346.37
2022-09-01,27521000,upbit_day_open,,27636000,1338.66
2022-09-02,27636000,upbit_day_open,,27571000,1354.34
2022-09-03,27562000,upbit_day_open,,27447000,1362.2
2022-09-04,27440000,upbit_day_open,,27528000,1362.2
2022-09-05,27529000,upbit_day_open,,27309000,1362.2
2022-09-06,27309000,upbit_day_open,,26361000,1362.2
2022-09-07,26361000,upbit_day_open,,26810000,1378.95
2022-09-08,26811000,upbit_day_open,,26887000,1383.72
2022-09-09,26887000,upbit_day_open,,29350000,1380.51
2022-09-10,29344000,upbit_day_open,,29727000,1376.74
2022-09-11,29727000,upbit_day_open,,30028000,1376.74
2022-09-12,30028000,upbit_day_open,,30656000,1376.74
2022-09-13,30684000,upbit_day_open,,28371000,1377.38
2022-09-14,28371000,upbit_day_open,,28344000,1373.76
2022-09-15,28352000,upbit_day_open,,28024000,1391.1
2022-09-16,28029000,upbit_day_open,,27915000,1393.93
2022-09-17,27916000,upbit_day_open,,28174000,1384.48
2022-09-18,28174000,upbit_day_open,,27490000,1384.48
2022-09-19,27490000,upbit_day_open,,27566000,1384.48
2022-09-20,27566000,upbit_day_open,,26757000,1393.05
2022-09-21,26757000,upbit_day_open,,26538000,1389.86
2022-09-22,26523000,upbit_day_open,,27572000,1395.92
2022-09-23,27571000,upbit_day_open,,27594000,1412.29
2022-09-24,27591000,upbit_day_open,,27270000,1409.42
2022-09-25,27270000,upbit_day_open,,27051000,1409.42
2022-09-26,27051000,upbit_day_open,,27597000,1409.42
2022-09-27,27604000,upbit_day_open,,27501000,1432.47
2022-09-28,27495000,upbit_day_open,,27952000,1422.39
2022-09-29,27952000,upbit_day_open,,28033000,1440.5
2022-09-30,28020000,upbit_day_open,,27924000,1439.15
2022-10-01,27924000,upbit_day_open,,27868000,1431.67
2022-10-02,27868000,upbit_day_open,,27691000,1431.67
2022-10-03,27672000,upbit_day_open,,28299000,1431.67
2022-10-04,28280000,upbit_day_open,,28980000,1434.83
2022-10-05,28952000,upbit_day_open,,28721000,1425.75
2022-10-06,28720000,upbit_day_open,,28418000,1410.74
2022-10-07,28418000,upbit_day_open,,27805000,1402.33
2022-10-08,27810000,upbit_day_open,,27743000,1412.54
2022-10-09,27743000,upbit_day_open,,27679000,1412.54
2022-10-10,27679000,upbit_day_open,,27401000,1412.54
2022-10-11,27397000,upbit_day_open,,27339000,1412.54
2022-10-12,27339000,upbit_day_open,,27460000,1435.36
2022-10-13,27460000,upbit_day_open,,27810000,1423.81
2022-10-14,27808000,upbit_day_open,,27660000,1430.4
2022-10-15,27656000,upbit_day_open,,27524000,1428.06
2022-10-16,27548000,upbit_day_open,,27655000,1428.06
2022-10-17,27655000,upbit_day_open,,27993000,1428.06
2022-10-18,27995000,upbit_day_open,,27812000,1434.73
2022-10-19,27824000,upbit_day_open,,27657000,1422.19
2022-10-20,27639000,upbit_day_open,,27505000,1426.07
2022-10-21,27505000,upbit_day_open,,27580000,1431.63
2022-10-22,27600000,upbit_day_open,,27620000,1440.31
2022-10-23,27620000,upbit_day_open,,27981000,1440.31
2022-10-24,27981000,upbit_day_open,,27803000,1440.31
2022-10-25,27803000,upbit_day_open,,28494000,1439.14
2022-10-26,28494000,upbit_day_open,,29079000,1432.46
2022-10-27,29116000,upbit_day_open,,28590000,1425.68
2022-10-28,28590000,upbit_day_open,,28958000,1419
2022-10-29,28932000,upbit_day_open,,29091000,1421.67
2022-10-30,29091000,upbit_day_open,,28957000,1421.67
2022-10-31,28957000,upbit_day_open,,28778000,1421.67
2022-11-01,28778000,upbit_day_open,,28749000,1424.6
2022-11-02,28753000,upbit_day_open,,28632000,1416.2
2022-11-03,28632000,upbit_day_open,,28693000,1418.31
2022-11-04,28685000,upbit_day_open,,29388000,1423.99
2022-11-05,29388000,upbit_day_open,,29756000,1423.99
2022-11-06,29756000,upbit_day_open,,29473000,1423.99
2022-11-07,29470000,upbit_day_open,,28945000,1423.99
2022-11-08,28945000,upbit_day_open,,26650000,1402.05
2022-11-09,26652000,upbit_day_open,,22919000,1384.61
2022-11-10,22924000,upbit_day_open,,24779000,1364.85
2022-11-11,24779000,upbit_day_open,,23656000,1377.52
2022-11-12,23657000,upbit_day_open,,23380000,1377.52
2022-11-13,23380000,upbit_day_open,,22510000,1377.52
2022-11-14,22511000,upbit_day_open,,22701000,1377.52
2022-11-15,22706000,upbit_day_open,,23003000,1327.38
2022-11-16,23003000,upbit_day_open,,22954000,1317.88
2022-11-17,22954000,upbit_day_open,,22982000,1326.46
2022-11-18,22982000,upbit_day_open,,23061000,1338.97
2022-11-19,23062000,upbit_day_open,,23081000,1339.61
2022-11-20,23082000,upbit_day_open,,22788000,1339.61
2022-11-21,22763000,upbit_day_open,,22220000,1339.61
2022-11-22,22220000,upbit_day_open,,22584000,1354.87
2022-11-23,22599000,upbit_day_open,,22985000,1356.66
2022-11-24,22985000,upbit_day_open,,22738000,1352.49
2022-11-25,22735000,upbit_day_open,,22676000,1352.49
2022-11-26,22677000,upbit_day_open,,22660000,1325.22
2022-11-27,22646000,upbit_day_open,,22646000,1325.22
2022-11-28,22661000,upbit_day_open,,22339000,1325.22
2022-11-29,22329000,upbit_day_open,,22417000,1340.66
2022-11-30,22417000,upbit_day_open,,23192000,1327.24
2022-12-01,23209000,upbit_day_open,,23002000,1316.84
2022-12-02,23008000,upbit_day_open,,22877000,1299.11
2022-12-03,22877000,upbit_day_open,,22830000,1300.5
2022-12-04,22821000,upbit_day_open,,22906000,1300.5
2022-12-05,22918000,upbit_day_open,,22725000,1300.5
2022-12-06,22729000,upbit_day_open,,22821000,1292.58
2022-12-07,22837000,upbit_day_open,,22544000,1319.31
2022-12-08,22544000,upbit_day_open,,22918000,1322.23
2022-12-09,22918000,upbit_day_open,,22849000,1317.56
2022-12-10,22845000,upbit_day_open,,22831000,1301.61
2022-12-11,22824000,upbit_day_open,,22775000,1301.61
2022-12-12,22784000,upbit_day_open,,22824000,1301.61
2022-12-13,22824000,upbit_day_open,,23161000,1307.62
2022-12-14,23182000,upbit_day_open,,23235000,1301.47
2022-12-15,23255000,upbit_day_open,,22942000,1294.79
2022-12-16,22952000,upbit_day_open,,22249000,1302.91
2022-12-17,22249000,upbit_day_open,,22230000,1307.73
2022-12-18,22230000,upbit_day_open,,22210000,1307.73
2022-12-19,22214000,upbit_day_open,,21654000,1307.73
2022-12-20,21654000,upbit_day_open,,22011000,1302.29
2022-12-21,22017000,upbit_day_open,,21943000,1290.41
2022-12-22,21943000,upbit_day_open,,21891000,1284.7
2022-12-23,21891000,upbit_day_open,,21872000,1275.68
2022-12-24,21884000,upbit_day_open,,21951000,1280.02
2022-12-25,21951000,upbit_day_open,,21848000,1280.02
2022-12-26,21854000,upbit_day_open,,21702000,1280.02
2022-12-27,21711000,upbit_day_open,,21321000,1280.02
2022-12-28,21324000,upbit_day_open,,21061000,1271
2022-12-29,21061000,upbit_day_open,,21201000,1267.54
2022-12-30,21201000,upbit_day_open,,21070000,1265.58
2022-12-31,21086000,upbit_day_open,,21079000,1260.18
2023-01-01,21079000,upbit_day_open,,21123000,1260.18
2023-01-02,21128000,upbit_day_open,,21215000,1260.18
2023-01-03,21209000,upbit_day_open,,21351000,1260.18
2023-01-04,21351000,upbit_day_open,,21588000,1271.1
2023-01-05,21589000,upbit_day_open,,21575000,1272.15
2023-01-06,21575000,upbit_day_open,,21517000,1268.91
2023-01-07,21517000,upbit_day_open,,21539000,1268.13
2023-01-08,21539000,upbit_day_open,,21704000,1268.13
2023-01-09,21704000,upbit_day_open,,21655000,1268.13
2023-01-10,21655000,upbit_day_open,,21916000,1243.62
2023-01-11,21916000,upbit_day_open,,22485000,1243.83
2023-01-12,22475000,upbit_day_open,,23552000,1245.39
2023-01-13,23546000,upbit_day_open,,24802000,1246.26
2023-01-14,24802000,upbit_day_open,,25881000,1241.59
2023-01-15,25873000,upbit_day_open,,25836000,1241.59
2023-01-16,25857000,upbit_day_open,,26368000,1241.59
2023-01-17,26327000,upbit_day_open,,26255000,1241.59
2023-01-18,26255000,upbit_day_open,,25718000,1238.7
2023-01-19,25701000,upbit_day_open,,26205000,1237.32
2023-01-20,26208000,upbit_day_open,,28026000,1232.05
2023-01-21,28025000,upbit_day_open,,28333000,1235.57
2023-01-22,28333000,upbit_day_open,,28390000,1235.57
2023-01-23,28400000,upbit_day_open,,28609000,1235.57
2023-01-24,28600000,upbit_day_open,,28351000,1228.59
2023-01-25,28363000,upbit_day_open,,28736000,1234.79
2023-01-26,28736000,upbit_day_open,,28930000,1231.67
2023-01-27,28930000,upbit_day_open,,28950000,1230.95
2023-01-28,28950000,upbit_day_open,,29063000,1231.53
2023-01-29,29064000,upbit_day_open,,29670000,1231.53
2023-01-30,29657000,upbit_day_open,,28706000,1231.53
2023-01-31,28724000,upbit_day_open,,29064000,1227.31
2023-02-01,29052000,upbit_day_open,,29620000,1231.95
2023-02-02,29599000,upbit_day_open,,29600000,1231.77
2023-02-03,29601000,upbit_day_open,,29432000,1220.34
2023-02-04,29432000,upbit_day_open,,29420000,1229.22
2023-02-05,29398000,upbit_day_open,,28990000,1229.22
2023-02-06,28990000,upbit_day_open,,29222000,1229.22
2023-02-07,29225000,upbit_day_open,,29452000,1252.61
2023-02-08,29452000,upbit_day_open,,29303000,1255.53
2023-02-09,29303000,upbit_day_open,,28193000,1260.03
2023-02-10,28193000,upbit_day_open,,28120000,1259.67
2023-02-11,28145000,upbit_day_open,,28377000,1264.15
2023-02-12,28360000,upbit_day_open,,28263000,1264.15
2023-02-13,28264000,upbit_day_open,,28309000,1264.15
2023-02-14,28334000,upbit_day_open,,28798000,1277.05
2023-02-15,28782000,upbit_day_open,,31186000,1268.93
2023-02-16,31183000,upbit_day_open,,30451000,1282.16
2023-02-17,30466000,upbit_day_open,,31641000,1284.33
2023-02-18,31641000,upbit_day_open,,31789000,1299.62
2023-02-19,31789000,upbit_day_open,,31435000,1299.62
2023-02-20,31434000,upbit_day_open,,31883000,1299.62
2023-02-21,31883000,upbit_day_open,,31736000,1299.62
2023-02-22,31751000,upbit_day_open,,31619000,1295.99
2023-02-23,31638000,upbit_day_open,,31398000,1304.31
2023-02-24,31400000,upbit_day_open,,30877000,1296.79
2023-02-25,30868000,upbit_day_open,,30959000,1304.59
2023-02-26,30959000,upbit_day_open,,31279000,1304.59
2023-02-27,31279000,upbit_day_open,,31255000,1304.59
2023-02-28,31255000,upbit_day_open,,31024000,1322.45
2023-03-01,31024000,upbit_day_open,,31106000,1323.45
2023-03-02,31106000,upbit_day_open,,31109000,1315.15
2023-03-03,31109000,upbit_day_open,,29709000,1313.96
2023-03-04,29710000,upbit_day_open,,29838000,1300.59
2023-03-05,29837000,upbit_day_open,,29982000,1300.59
2023-03-06,29982000,upbit_day_open,,29769000,1300.59
2023-03-07,29769000,upbit_day_open,,29579000,1296.14
2023-03-08,29579000,upbit_day_open,,29023000,1299.7
2023-03-09,29018000,upbit_day_open,,27604000,1320.81
2023-03-10,27604000,upbit_day_open,,27343000,1321.58
2023-03-11,27341000,upbit_day_open,,27737000,1324.51
2023-03-12,27722000,upbit_day_open,,29199000,1324.51
2023-03-13,29190000,upbit_day_open,,31676000,1324.51
2023-03-14,31676000,upbit_day_open,,32490000,1300.46
2023-03-15,32491000,upbit_day_open,,32511000,1306.13
2023-03-16,32505000,upbit_day_open,,33335000,1317.78
2023-03-17,33309000,upbit_day_open,,36207000,1312.13
2023-03-18,36207000,upbit_day_open,,35767000,1303.75
2023-03-19,35760000,upbit_day_open,,37233000,1303.75
2023-03-20,37228000,upbit_day_open,,37295000,1303.75
2023-03-21,37294000,upbit_day_open,,37221000,1310.69
2023-03-22,37202000,upbit_day_open,,36372000,1310.65
2023-03-23,36372000,upbit_day_open,,37274000,1307.5
2023-03-24,37268000,upbit_day_open,,36749000,1278.93
2023-03-25,36750000,upbit_day_open,,36750000,1292.57
2023-03-26,36750000,upbit_day_open,,37160000,1292.57
2023-03-27,37156000,upbit_day_open,,36110000,1292.57
2023-03-28,36124000,upbit_day_open,,36026000,1301.01
2023-03-29,36020000,upbit_day_open,,37401000,1298.26
2023-03-30,37402000,upbit_day_open,,37157000,1303.38
2023-03-31,37157000,upbit_day_open,,37540000,1298.89
2023-04-01,37540000,upbit_day_open,,37585000,1303.8
2023-04-02,37596000,upbit_day_open,,37301000,1303.8
2023-04-03,37296000,upbit_day_open,,36814000,1303.8
2023-04-04,36814000,upbit_day_open,,37205000,1316.38
2023-04-05,37207000,upbit_day_open,,37139000,1315.1
2023-04-06,37139000,upbit_day_open,,37058000,1310.05
2023-04-07,37058000,upbit_day_open,,36993000,1319.1
2023-04-08,36993000,upbit_day_open,,37080000,1319.1
2023-04-09,37064000,upbit_day_open,,37313000,1319.1
2023-04-10,37331000,upbit_day_open,,38985000,1319.1
2023-04-11,38981000,upbit_day_open,,40004000,1319.09
2023-04-12,40005000,upbit_day_open,,39699000,1322.04
2023-04-13,39694000,upbit_day_open,,39911000,1325.34
2023-04-14,39912000,upbit_day_open,,39804000,1310.68
2023-04-15,39804000,upbit_day_open,,39800000,1299.12
2023-04-16,39800000,upbit_day_open,,39607000,1299.12
2023-04-17,39612000,upbit_day_open,,38700000,1299.12
2023-04-18,38700000,upbit_day_open,,39630000,1311.36
2023-04-19,39637000,upbit_day_open,,38300000,1318.43
2023-04-20,38300000,upbit_day_open,,37672000,1325.28
2023-04-21,37672000,upbit_day_open,,36337000,1323.28
2023-04-22,36337000,upbit_day_open,,37182000,1327.53
2023-04-23,37182000,upbit_day_open,,36802000,1327.53
2023-04-24,36802000,upbit_day_open,,36750000,1327.53
2023-04-25,36750000,upbit_day_open,,37877000,1334.94
2023-04-26,37877000,upbit_day_open,,38017000,1331.93
2023-04-27,38020000,upbit_day_open,,39258000,1336.23
2023-04-28,39271000,upbit_day_open,,39083000,1337.75
2023-04-29,39083000,upbit_day_open,,38965000,1338.41
2023-04-30,38980000,upbit_day_open,,39149000,1338.41
2023-05-01,39149000,upbit_day_open,,37769000,1338.41
2023-05-02,37768000,upbit_day_open,,38405000,1339.65
2023-05-03,38406000,upbit_day_open,,38703000,1341
2023-05-04,38733000,upbit_day_open,,38580000,1337.94
2023-05-05,38599000,upbit_day_open,,39053000,1322.21
2023-05-06,39077000,upbit_day_open,,38677000,1318.38
2023-05-07,38679000,upbit_day_open,,38143000,1318.38
2023-05-08,38152000,upbit_day_open,,37255000,1318.38
2023-05-09,37260000,upbit_day_open,,37150000,1320.49
2023-05-10,37150000,upbit_day_open,,37071000,1323.59
2023-05-11,37072000,upbit_day_open,,36411000,1324.48
2023-05-12,36413000,upbit_day_open,,36341000,1325.09
2023-05-13,36341000,upbit_day_open,,36374000,1333.74
2023-05-14,36382000,upbit_day_open,,36415000,1333.74
2023-05-15,36420000,upbit_day_open,,36632000,1333.74
2023-05-16,36642000,upbit_day_open,,36421000,1336.13
2023-05-17,36419000,upbit_day_open,,36700000,1338.64
2023-05-18,36706000,upbit_day_open,,36240000,1337.29
2023-05-19,36240000,upbit_day_open,,36156000,1333.88
2023-05-20,36156000,upbit_day_open,,36385000,1326.12
2023-05-21,36404000,upbit_day_open,,36051000,1326.12
2023-05-22,36057000,upbit_day_open,,35947000,1326.12
2023-05-23,35947000,upbit_day_open,,36381000,1317.77
2023-05-24,36382000,upbit_day_open,,35452000,1312.01
2023-05-25,35465000,upbit_day_open,,35547000,1316.71
2023-05-26,35550000,upbit_day_open,,35771000,1325.9
2023-05-27,35786000,upbit_day_open,,35824000,1324.4
2023-05-28,35824000,upbit_day_open,,37350000,1324.4
2023-05-29,37360000,upbit_day_open,,36992000,1324.4
2023-05-30,36992000,upbit_day_open,,36914000,1324.4
2023-05-31,36923000,upbit_day_open,,36391000,1324.59
2023-06-01,36391000,upbit_day_open,,35823000,1324.55
2023-06-02,35823000,upbit_day_open,,36089000,1321.35
2023-06-03,36089000,upbit_day_open,,35888000,1305.21
2023-06-04,35888000,upbit_day_open,,35865000,1305.21
2023-06-05,35894000,upbit_day_open,,34298000,1305.21
2023-06-06,34299000,upbit_day_open,,35852000,1308.16
2023-06-07,35855000,upbit_day_open,,34952000,1297.93
2023-06-08,34953000,upbit_day_open,,34996000,1303.62
2023-06-09,34996000,upbit_day_open,,34865000,1304.26
2023-06-10,34865000,upbit_day_open,,34372000,1291.46
2023-06-11,34370000,upbit_day_open,,34345000,1291.46
2023-06-12,34345000,upbit_day_open,,34059000,1291.46
2023-06-13,34059000,upbit_day_open,,33913000,1288.61
2023-06-14,33913000,upbit_day_open,,33007000,1271.48
2023-06-15,33007000,upbit_day_open,,33449000,1278.44
2023-06-16,33449000,upbit_day_open,,34501000,1279.99
2023-06-17,34515000,upbit_day_open,,34780000,1272.68
2023-06-18,34780000,upbit_day_open,,34466000,1272.68
2023-06-19,34466000,upbit_day_open,,35092000,1272.68
2023-06-20,35095000,upbit_day_open,,36946000,1272.68
2023-06-21,36955000,upbit_day_open,,39135000,1280.21
2023-06-22,39135000,upbit_day_open,,39125000,1291.78
2023-06-23,39125000,upbit_day_open,,40651000,1294.75
2023-06-24,40651000,upbit_day_open,,40659000,1304.19
2023-06-25,40659000,upbit_day_open,,40352000,1304.19
2023-06-26,40352000,upbit_day_open,,40077000,1304.19
2023-06-27,40094000,upbit_day_open,,40585000,1304.88
2023-06-28,40587000,upbit_day_open,,40020000,1299.99
2023-06-29,40017000,upbit_day_open,,40583000,1307.76
2023-06-30,40583000,upbit_day_open,,40547000,1317.73
2023-07-01,40547000,upbit_day_open,,40691000,1317.8
2023-07-02,40712000,upbit_day_open,,40652000,1317.8
2023-07-03,40652000,upbit_day_open,,41200000,1317.8
2023-07-04,41200000,upbit_day_open,,40610000,1308.37
2023-07-05,40610000,upbit_day_open,,40385000,1308.37
2023-07-06,40385000,upbit_day_open,,39860000,1298.74
2023-07-07,39864000,upbit_day_open,,40240000,1300.85
2023-07-08,40241000,upbit_day_open,,40153000,1304.89
2023-07-09,40154000,upbit_day_open,,39832000,1304.89
2023-07-10,39839000,upbit_day_open,,40050000,1304.89
2023-07-11,40060000,upbit_day_open,,40117000,1306.45
2023-07-12,40117000,upbit_day_open,,39804000,1293.64
2023-07-13,39803000,upbit_day_open,,40112000,1288.17
2023-07-14,40101000,upbit_day_open,,39092000,1273.99
2023-07-15,39092000,upbit_day_open,,38889000,1266.28
2023-07-16,38889000,upbit_day_open,,38933000,1266.28
2023-07-17,38946000,upbit_day_open,,38742000,1266.28
2023-07-18,38761000,upbit_day_open,,38401000,1267.02
2023-07-19,38402000,upbit_day_open,,38323000,1260.87
2023-07-20,38322000,upbit_day_open,,38567000,1265.76
2023-07-21,38567000,upbit_day_open,,38829000,1269.26
2023-07-22,38838000,upbit_day_open,,38776000,1283.71
2023-07-23,38759000,upbit_day_open,,38945000,1283.71
2023-07-24,38944000,upbit_day_open,,37892000,1283.71
2023-07-25,37892000,upbit_day_open,,37910000,1280.54
2023-07-26,37910000,upbit_day_open,,37918000,1275.32
2023-07-27,37918000,upbit_day_open,,37874000,1274.04
2023-07-28,37877000,upbit_day_open,,37932000,1277.23
2023-07-29,37932000,upbit_day_open,,37901000,1276.69
2023-07-30,37901000,upbit_day_open,,37850000,1276.69
2023-07-31,37850000,upbit_day_open,,37929000,1276.69
2023-08-01,37928000,upbit_day_open,,38642000,1273.85
2023-08-02,38642000,upbit_day_open,,38358000,1283.84
2023-08-03,38358000,upbit_day_open,,38436000,1297.66
2023-08-04,38436000,upbit_day_open,,38492000,1298.54
2023-08-05,38493000,upbit_day_open,,38474000,1309.49
2023-08-06,38476000,upbit_day_open,,38605000,1309.49
2023-08-07,38605000,upbit_day_open,,38622000,1309.49
2023-08-08,38622000,upbit_day_open,,39437000,1305.94
2023-08-09,39437000,upbit_day_open,,39209000,1316.02
2023-08-10,39209000,upbit_day_open,,39119000,1315.45
2023-08-11,39119000,upbit_day_open,,39233000,1315.54
2023-08-12,39233000,upbit_day_open,,39283000,1324.17
2023-08-13,39283000,upbit_day_open,,39118000,1324.17
2023-08-14,39118000,upbit_day_open,,39288000,1324.17
2023-08-15,39288000,upbit_day_open,,39404000,1330.05
2023-08-16,39404000,upbit_day_open,,39001000,1335
2023-08-17,39001000,upbit_day_open,,36588000,1336.84
2023-08-18,36588000,upbit_day_open,,35890000,1341.13
2023-08-19,35899000,upbit_day_open,,36056000,1337.99
2023-08-20,36071000,upbit_day_open,,35949000,1337.99
2023-08-21,35946000,upbit_day_open,,35769000,1337.99
2023-08-22,35769000,upbit_day_open,,35684000,1342.45
2023-08-23,35686000,upbit_day_open,,35941000,1335.06
2023-08-24,35941000,upbit_day_open,,35635000,1339.12
2023-08-25,35646000,upbit_day_open,,35479000,1321.07
2023-08-26,35479000,upbit_day_open,,35398000,1324.11
2023-08-27,35400000,upbit_day_open,,35402000,1324.11
2023-08-28,35400000,upbit_day_open,,35335000,1324.11
2023-08-29,35335000,upbit_day_open,,37445000,1323.2
2023-08-30,37441000,upbit_day_open,,37109000,1321.87
2023-08-31,37110000,upbit_day_open,,35502000,1323.42
2023-09-01,35502000,upbit_day_open,,35350000,1322.43
2023-09-02,35350000,upbit_day_open,,35204000,1318.34
2023-09-03,35204000,upbit_day_open,,35308000,1318.34
2023-09-04,35312000,upbit_day_open,,35011000,1318.34
2023-09-05,35035000,upbit_day_open,,35056000,1318.34
2023-09-06,35054000,upbit_day_open,,35029000,1330.16
2023-09-07,35025000,upbit_day_open,,35615000,1330.87
2023-09-08,35644000,upbit_day_open,,35295000,1335.03
2023-09-09,35295000,upbit_day_open,,35280000,1332.83
2023-09-10,35280000,upbit_day_open,,35196000,1332.83
2023-09-11,35196000,upbit_day_open,,34327000,1332.83
2023-09-12,34330000,upbit_day_open,,35077000,1331.59
2023-09-13,35076000,upbit_day_open,,35497000,1327.29
2023-09-14,35499000,upbit_day_open,,35889000,1329.7
2023-09-15,35872000,upbit_day_open,,35928000,1325.88
2023-09-16,35907000,upbit_day_open,,35938000,1325.89
2023-09-17,35939000,upbit_day_open,,35758000,1325.89
2023-09-18,35758000,upbit_day_open,,36000000,1325.89
2023-09-19,36000000,upbit_day_open,,36500000,1323.99
2023-09-20,36509000,upbit_day_open,,36501000,1328.13
2023-09-21,36502000,upbit_day_open,,36012000,1330.34
2023-09-22,35989000,upbit_day_open,,35952000,1340.08
2023-09-23,35964000,upbit_day_open,,35960000,1336.58
2023-09-24,35951000,upbit_day_open,,35534000,1336.58
2023-09-25,35530000,upbit_day_open,,35491000,1336.58
2023-09-26,35497000,upbit_day_open,,35566000,1336.03
2023-09-27,35566000,upbit_day_open,,35982000,1348.69
2023-09-28,35979000,upbit_day_open,,36596000,1349.05
2023-09-29,36596000,upbit_day_open,,36444000,1356.41
2023-09-30,36444000,upbit_day_open,,36600000,1347.86
2023-10-01,36614000,upbit_day_open,,37789000,1347.86
2023-10-02,37788000,upbit_day_open,,37424000,1347.86
2023-10-03,37424000,upbit_day_open,,37197000,1351.67
2023-10-04,37198000,upbit_day_open,,37595000,1360.62
2023-10-05,37592000,upbit_day_open,,37258000,1362.94
2023-10-06,37258000,upbit_day_open,,37798000,1350.22
2023-10-07,37798000,upbit_day_open,,37902000,1350.17
2023-10-08,37902000,upbit_day_open,,37929000,1350.17
2023-10-09,37929000,upbit_day_open,,37595000,1350.17
2023-10-10,37595000,upbit_day_open,,37336000,1350.17
2023-10-11,37323000,upbit_day_open,,36671000,1349.79
2023-10-12,36671000,upbit_day_open,,36750000,1339.31
2023-10-13,36750000,upbit_day_open,,36968000,1338.21
2023-10-14,36968000,upbit_day_open,,36790000,1349.65
2023-10-15,36790000,upbit_day_open,,37086000,1349.65
2023-10-16,37087000,upbit_day_open,,38697000,1349.65
2023-10-17,38686000,upbit_day_open,,38652000,1353.67
2023-10-18,38652000,upbit_day_open,,38710000,1353.6
2023-10-19,38672000,upbit_day_open,,39000000,1349.45
2023-10-20,39000000,upbit_day_open,,40250000,1357.5
2023-10-21,40250000,upbit_day_open,,40400000,1352.92
2023-10-22,40406000,upbit_day_open,,40354000,1352.92
2023-10-23,40354000,upbit_day_open,,44179000,1352.92
2023-10-24,44179000,upbit_day_open,,45599000,1353.7
2023-10-25,45593000,upbit_day_open,,46484000,1342.68
2023-10-26,46485000,upbit_day_open,,46141000,1349.07
2023-10-27,46140000,upbit_day_open,,45980000,1359.32
2023-10-28,45980000,upbit_day_open,,46314000,1355.15
2023-10-29,46316000,upbit_day_open,,46825000,1355.15
2023-10-30,46825000,upbit_day_open,,46732000,1355.15
2023-10-31,46734000,upbit_day_open,,47030000,1350.98
2023-11-01,47030000,upbit_day_open,,48079000,1351.03
2023-11-02,48100000,upbit_day_open,,47516000,1356.94
2023-11-03,47524000,upbit_day_open,,46676000,1342.91
2023-11-04,46675000,upbit_day_open,,47050000,1322.04
2023-11-05,47052000,upbit_day_open,,47056000,1322.04
2023-11-06,47056000,upbit_day_open,,46781000,1322.04
2023-11-07,46781000,upbit_day_open,,47301000,1297.94
2023-11-08,47301000,upbit_day_open,,47458000,1308.33
2023-11-09,47457000,upbit_day_open,,49400000,1309.98
2023-11-10,49400000,upbit_day_open,,50030000,1309.89
2023-11-11,50030000,upbit_day_open,,49629000,1309.89
2023-11-12,49629000,upbit_day_open,,49418000,1309.89
2023-11-13,49418000,upbit_day_open,,49154000,1309.89
2023-11-14,49151000,upbit_day_open,,47969000,1324.97
2023-11-15,47969000,upbit_day_open,,50457000,1328.74
2023-11-16,50463000,upbit_day_open,,48868000,1300.34
2023-11-17,48878000,upbit_day_open,,49390000,1297.1
2023-11-18,49390000,upbit_day_open,,49165000,1296.21
2023-11-19,49190000,upbit_day_open,,49800000,1296.21
2023-11-20,49800000,upbit_day_open,,50170000,1296.21
2023-11-21,50170000,upbit_day_open,,48510000,1291.48
2023-11-22,48521000,upbit_day_open,,50042000,1289.34
2023-11-23,50050000,upbit_day_open,,49929000,1300.06
2023-11-24,49936000,upbit_day_open,,50601000,1300.06
2023-11-25,50606000,upbit_day_open,,50533000,1306.08
2023-11-26,50533000,upbit_day_open,,50210000,1306.08
2023-11-27,50210000,upbit_day_open,,50275000,1306.08
2023-11-28,50274000,upbit_day_open,,50576000,1304.33
2023-11-29,50576000,upbit_day_open,,50720000,1293.71
2023-11-30,50720000,upbit_day_open,,50586000,1292.74
2023-12-01,50601000,upbit_day_open,,51709000,1289.95
2023-12-02,51710000,upbit_day_open,,52603000,1305.45
2023-12-03,52615000,upbit_day_open,,53700000,1305.45
2023-12-04,53761000,upbit_day_open,,56920000,1305.45
2023-12-05,56922000,upbit_day_open,,60227000,1304.43
2023-12-06,60230000,upbit_day_open,,60314000,1311.47
2023-12-07,60295000,upbit_day_open,,59250000,1313.03
2023-12-08,59237000,upbit_day_open,,60142000,1325.27
2023-12-09,60148000,upbit_day_open,,60082000,1307.11
2023-12-10,60082000,upbit_day_open,,59835000,1307.11
2023-12-11,59834000,upbit_day_open,,56950000,1307.11
2023-12-12,56950000,upbit_day_open,,57605000,1316.38
2023-12-13,57605000,upbit_day_open,,59056000,1313.75
2023-12-14,59056000,upbit_day_open,,58735000,1319.76
2023-12-15,58727000,upbit_day_open,,58028000,1296.11
2023-12-16,58020000,upbit_day_open,,57935000,1295.92
2023-12-17,57928000,upbit_day_open,,56710000,1295.92
2023-12-18,56710000,upbit_day_open,,58130000,1295.92
2023-12-19,58099000,upbit_day_open,,57845000,1297.63
2023-12-20,57840000,upbit_day_open,,59351000,1307.95
2023-12-21,59350000,upbit_day_open,,59479000,1299.22
2023-12-22,59479000,upbit_day_open,,59532000,1304.82
2023-12-23,59532000,upbit_day_open,,59250000,1302.54
2023-12-24,59249000,upbit_day_open,,58002000,1302.54
2023-12-25,58002000,upbit_day_open,,58042000,1302.54
2023-12-26,58042000,upbit_day_open,,57032000,1302.54
2023-12-27,57032000,upbit_day_open,,57920000,1294.25
2023-12-28,57920000,upbit_day_open,,56907000,1293.38
2023-12-29,56904000,upbit_day_open,,56450000,1288.45
2023-12-30,56450000,upbit_day_open,,56639000,1290.97
2023-12-31,56639000,upbit_day_open,,57047000,1290.97
2024-01-01,57045000,upbit_day_open,,58839000,1290.97
2024-01-02,58839000,upbit_day_open,,60206000,1290.97
2024-01-03,60205000,upbit_day_open,,58581000,1300.52
2024-01-04,58581000,upbit_day_open,,59477000,1305.1
2024-01-05,59477000,upbit_day_open,,59351000,1310.39
2024-01-06,59351000,upbit_day_open,,59329000,1315.62
2024-01-07,59329000,upbit_day_open,,59108000,1315.62
2024-01-08,59105000,upbit_day_open,,63010000,1315.62
2024-01-09,63011000,upbit_day_open,,62014000,1315.58
2024-01-10,62001000,upbit_day_open,,63621000,1315.92
2024-01-11,63621000,upbit_day_open,,63550000,1320.42
2024-01-12,63560000,upbit_day_open,,59435000,1313.04
2024-01-13,59430000,upbit_day_open,,58968000,1313.41
2024-01-14,58968000,upbit_day_open,,57391000,1313.41
2024-01-15,57380000,upbit_day_open,,58354000,1313.41
2024-01-16,58416000,upbit_day_open,,59196000,1313.41
2024-01-17,59218000,upbit_day_open,,58776000,1331.5
2024-01-18,58776000,upbit_day_open,,57284000,1344.23
2024-01-19,57281000,upbit_day_open,,57739000,1338.73
2024-01-20,57738000,upbit_day_open,,57517000,1338.53
2024-01-21,57550000,upbit_day_open,,57387000,1338.53
2024-01-22,57392000,upbit_day_open,,54689000,1338.53
2024-01-23,54689000,upbit_day_open,,55389000,1338.25
2024-01-24,55389000,upbit_day_open,,55200000,1333.76
2024-01-25,55200000,upbit_day_open,,55101000,1337.74
2024-01-26,55101000,upbit_day_open,,57503000,1336
2024-01-27,57526000,upbit_day_open,,58086000,1336.08
2024-01-28,58084000,upbit_day_open,,57855000,1336.08
2024-01-29,57855000,upbit_day_open,,59101000,1336.08
2024-01-30,59129000,upbit_day_open,,58965000,1335.5
2024-01-31,58966000,upbit_day_open,,58738000,1328.93
2024-02-01,58730000,upbit_day_open,,59150000,1334.9
2024-02-02,59150000,upbit_day_open,,59299000,1331.78
2024-02-03,59295000,upbit_day_open,,59260000,1321.9
2024-02-04,59262000,upbit_day_open,,58811000,1321.9
2024-02-05,58814000,upbit_day_open,,58882000,1321.9
2024-02-06,58882000,upbit_day_open,,59039000,1330.98
2024-02-07,59020000,upbit_day_open,,60232000,1326.83
2024-02-08,60242000,upbit_day_open,,62011000,1327.37
2024-02-09,62011000,upbit_day_open,,63682000,1328.07
2024-02-10,63682000,upbit_day_open,,64549000,1333.1
2024-02-11,64549000,upbit_day_open,,65230000,1333.1
2024-02-12,65231000,upbit_day_open,,67002000,1333.1
2024-02-13,67002000,upbit_day_open,,67309000,1331.37
2024-02-14,67309000,upbit_day_open,,70199000,1327.88
2024-02-15,70195000,upbit_day_open,,71253000,1335.06
2024-02-16,71253000,upbit_day_open,,72128000,1333.84
2024-02-17,72134000,upbit_day_open,,71530000,1334.96
2024-02-18,71500000,upbit_day_open,,71964000,1334.96
2024-02-19,71968000,upbit_day_open,,71755000,1334.96
2024-02-20,71755000,upbit_day_open,,72191000,1334.96
2024-02-21,72160000,upbit_day_open,,72397000,1337.25
2024-02-22,72397000,upbit_day_open,,71601000,1334.95
2024-02-23,71600000,upbit_day_open,,70805000,1328.71
2024-02-24,70804000,upbit_day_open,,71107000,1328.71
2024-02-25,71107000,upbit_day_open,,71256000,1328.71
2024-02-26,71254000,upbit_day_open,,74742000,1328.71
2024-02-27,74741000,upbit_day_open,,78619000,1330.86
2024-02-28,78621000,upbit_day_open,,87634000,1330.86
2024-02-29,87695000,upbit_day_open,,85910000,1336.02
2024-03-01,85911000,upbit_day_open,,87397000,1336.19
2024-03-02,87397000,upbit_day_open,,86383000,1334.8
2024-03-03,86382000,upbit_day_open,,87982000,1334.8
2024-03-04,87978000,upbit_day_open,,95500000,1334.8
2024-03-05,95500000,upbit_day_open,,91275000,1331.29
2024-03-06,91284000,upbit_day_open,,93325000,1336.51
2024-03-07,93325000,upbit_day_open,,94060000,1333.99
2024-03-08,94044000,upbit_day_open,,96237000,1324.3
2024-03-09,96237000,upbit_day_open,,95946000,1319.28
2024-03-10,95946000,upbit_day_open,,97495000,1319.28
2024-03-11,97501000,upbit_day_open,,100404000,1319.28
2024-03-12,100404000,upbit_day_open,,101200000,1312.55
2024-03-13,101200000,upbit_day_open,,104122000,1310.82
2024-03-14,104121000,upbit_day_open,,102506000,1314.67
2024-03-15,102506000,upbit_day_open,,101000000,1318.2
2024-03-16,101010000,upbit_day_open,,96767000,1329.35
2024-03-17,96769000,upbit_day_open,,99922000,1329.35
2024-03-18,99934000,upbit_day_open,,99040000,1329.35
2024-03-19,99042000,upbit_day_open,,92572000,1333.59
2024-03-20,92541000,upbit_day_open,,99726000,1338.28
2024-03-21,99726000,upbit_day_open,,95552000,1339.02
2024-03-22,95618000,upbit_day_open,,93855000,1322.11
2024-03-23,93850000,upbit_day_open,,93274000,1338.14
2024-03-24,93317000,upbit_day_open,,96624000,1338.14
2024-03-25,96624000,upbit_day_open,,99202000,1338.14
2024-03-26,99202000,upbit_day_open,,100051000,1342.61
2024-03-27,100051000,upbit_day_open,,99890000,1344
2024-03-28,99890000,upbit_day_open,,100900000,1348.58
2024-03-29,100900000,upbit_day_open,,99801000,1346.01
2024-03-30,99876000,upbit_day_open,,99985000,1347.08
2024-03-31,99985000,upbit_day_open,,100970000,1347.08
2024-04-01,100991000,upbit_day_open,,100100000,1347.08
2024-04-02,100100000,upbit_day_open,,96053000,1348.75
2024-04-03,96053000,upbit_day_open,,96502000,1351.37
2024-04-04,96502000,upbit_day_open,,99361000,1348.5
2024-04-05,99445000,upbit_day_open,,98394000,1346.87
2024-04-06,98385000,upbit_day_open,,99023000,1352.58
2024-04-07,99000000,upbit_day_open,,99369000,1352.58
2024-04-08,99369000,upbit_day_open,,102101000,1352.58
2024-04-09,102050000,upbit_day_open,,99350000,1353.2
2024-04-10,99409000,upbit_day_open,,100600000,1354.8
2024-04-11,100601000,upbit_day_open,,100541000,1349.05
2024-04-12,100542000,upbit_day_open,,99776000,1364.19
2024-04-13,99645000,upbit_day_open,,97149000,1374.74
2024-04-14,97092000,upbit_day_open,,98905000,1374.74
2024-04-15,98931000,upbit_day_open,,96527000,1374.74
2024-04-16,96530000,upbit_day_open,,95597000,1383.63
2024-04-17,95597000,upbit_day_open,,91419000,1393.92
2024-04-18,91439000,upbit_day_open,,93356000,1385.88
2024-04-19,93392000,upbit_day_open,,93390000,1373.42
2024-04-20,93390000,upbit_day_open,,94805000,1376.72
2024-04-21,94840000,upbit_day_open,,94868000,1376.72
2024-04-22,94911000,upbit_day_open,,97192000,1376.72
2024-04-23,97239000,upbit_day_open,,96045000,1381.84
2024-04-24,96071000,upbit_day_open,,93534000,1379.27
2024-04-25,93518000,upbit_day_open,,92745000,1369.86
2024-04-26,92761000,upbit_day_open,,91951000,1369.86
2024-04-27,91955000,upbit_day_open,,91499000,1375.1
2024-04-28,91499000,upbit_day_open,,90530000,1375.1
2024-04-29,90533000,upbit_day_open,,91400000,1375.1
2024-04-30,91400000,upbit_day_open,,87137000,1377.35
2024-05-01,87152000,upbit_day_open,,83499000,1381.92
2024-05-02,83499000,upbit_day_open,,83078000,1386.95
2024-05-03,83096000,upbit_day_open,,89291000,1375.39
2024-05-04,89291000,upbit_day_open,,90303000,1363.04
2024-05-05,90303000,upbit_day_open,,90061000,1363.04
2024-05-06,90100000,upbit_day_open,,88804000,1363.04
2024-05-07,88780000,upbit_day_open,,87595000,1358.81
2024-05-08,87595000,upbit_day_open,,85872000,1359.45
2024-05-09,85872000,upbit_day_open,,88116000,1359.45
2024-05-10,88116000,upbit_day_open,,85842000,1369.74
2024-05-11,85842000,upbit_day_open,,85791000,1367.77
2024-05-12,85791000,upbit_day_open,,86521000,1367.77
2024-05-13,86521000,upbit_day_open,,87928000,1367.77
2024-05-14,87934000,upbit_day_open,,86500000,1367.91
2024-05-15,86500000,upbit_day_open,,92111000,1368.77
2024-05-16,92111000,upbit_day_open,,90800000,1360.15
2024-05-17,90839000,upbit_day_open,,92646000,1345.15
2024-05-18,92632000,upbit_day_open,,93066000,1354.83
2024-05-19,93066000,upbit_day_open,,92185000,1354.83
2024-05-20,92185000,upbit_day_open,,97260000,1354.83
2024-05-21,97260000,upbit_day_open,,96700000,1356
2024-05-22,96717000,upbit_day_open,,95421000,1363.54
2024-05-23,95421000,upbit_day_open,,94900000,1362.36
2024-05-24,94897000,upbit_day_open,,95214000,1362.38
2024-05-25,95214000,upbit_day_open,,96240000,1369.02
2024-05-26,96240000,upbit_day_open,,95610000,1369.02
2024-05-27,95634000,upbit_day_open,,96050000,1369.02
2024-05-28,96050000,upbit_day_open,,94600000,1369.02
2024-05-29,94654000,upbit_day_open,,93910000,1357.65
2024-05-30,93910000,upbit_day_open,,94943000,1365.07
2024-05-31,95005000,upbit_day_open,,94505000,1365.07
2024-06-01,94504000,upbit_day_open,,94720000,1385.43
2024-06-02,94762000,upbit_day_open,,95000000,1385.43
2024-06-03,95000000,upbit_day_open,,95994000,1385.43
2024-06-04,95994000,upbit_day_open,,97500000,1375.91
2024-06-05,97490000,upbit_day_open,,98385000,1375.96
2024-06-06,98385000,upbit_day_open,,98334000,1372.58
2024-06-07,98320000,upbit_day_open,,97919000,1365.45
2024-06-08,97919000,upbit_day_open,,98125000,1366.38
2024-06-09,98137000,upbit_day_open,,97983000,1366.38
2024-06-10,97983000,upbit_day_open,,97276000,1366.38
2024-06-11,97279000,upbit_day_open,,95329000,1375.71
2024-06-12,95329000,upbit_day_open,,95934000,1375.71
2024-06-13,95930000,upbit_day_open,,94614000,1378.01
2024-06-14,94614000,upbit_day_open,,93978000,1376.11
2024-06-15,93979000,upbit_day_open,,93910000,1378.96
2024-06-16,93913000,upbit_day_open,,94219000,1378.96
2024-06-17,94219000,upbit_day_open,,93588000,1378.96
2024-06-18,93589000,upbit_day_open,,91649000,1380.5
2024-06-19,91649000,upbit_day_open,,91555000,1380.88
2024-06-20,91549000,upbit_day_open,,91780000,1380.88
2024-06-21,91753000,upbit_day_open,,90308000,1384.38
2024-06-22,90308000,upbit_day_open,,90874000,1388.17
2024-06-23,90874000,upbit_day_open,,89046000,1388.17
2024-06-24,89100000,upbit_day_open,,85496000,1388.17
2024-06-25,85495000,upbit_day_open,,87450000,1389.17
2024-06-26,87463000,upbit_day_open,,86027000,1387.16
2024-06-27,86092000,upbit_day_open,,86884000,1388.65
2024-06-28,86875000,upbit_day_open,,85158000,1385.76
2024-06-29,85157000,upbit_day_open,,85765000,1376.55
2024-06-30,85765000,upbit_day_open,,87920000,1376.55
2024-07-01,87920000,upbit_day_open,,88253000,1376.55
2024-07-02,88259000,upbit_day_open,,87248000,1383
2024-07-03,87270000,upbit_day_open,,85331000,1386.55
2024-07-04,85331000,upbit_day_open,,81680000,1384.85
2024-07-05,81680000,upbit_day_open,,81118000,1384.85
2024-07-06,81118000,upbit_day_open,,82826000,1379.87
2024-07-07,82850000,upbit_day_open,,79397000,1379.87
2024-07-08,79397000,upbit_day_open,,80534000,1379.87
2024-07-09,80499000,upbit_day_open,,82043000,1382.73
2024-07-10,82043000,upbit_day_open,,81896000,1383.39
2024-07-11,81926000,upbit_day_open,,81070000,1383.42
2024-07-12,81070000,upbit_day_open,,81540000,1370.85
2024-07-13,81548000,upbit_day_open,,82901000,1374.9
2024-07-14,82901000,upbit_day_open,,85430000,1374.9
2024-07-15,85430000,upbit_day_open,,91162000,1374.9
2024-07-16,91162000,upbit_day_open,,90807000,1382.97
2024-07-17,90825000,upbit_day_open,,89467000,1384.99
2024-07-18,89452000,upbit_day_open,,89850000,1380.61
2024-07-19,89850000,upbit_day_open,,93004000,1383.85
2024-07-20,93004000,upbit_day_open,,94065000,1389.29
2024-07-21,94073000,upbit_day_open,,95000000,1389.29
2024-07-22,95000000,upbit_day_open,,94357000,1389.29
2024-07-23,94284000,upbit_day_open,,92230000,1388.71
2024-07-24,92196000,upbit_day_open,,91501000,1385.78
2024-07-25,91501000,upbit_day_open,,92465000,1379.4
2024-07-26,92475000,upbit_day_open,,94727000,1380.57
2024-07-27,94639000,upbit_day_open,,94292000,1383.11
2024-07-28,94341000,upbit_day_open,,95363000,1383.11
2024-07-29,95363000,upbit_day_open,,93618000,1383.11
2024-07-30,93605000,upbit_day_open,,92788000,1381.93
2024-07-31,92790000,upbit_day_open,,90345000,1384.98
2024-08-01,90346000,upbit_day_open,,91789000,1369.29
2024-08-02,91789000,upbit_day_open,,86691000,1368.5
2024-08-03,86691000,upbit_day_open,,85957000,1359.38
2024-08-04,85954000,upbit_day_open,,81871000,1359.38
2024-08-05,81871000,upbit_day_open,,77833000,1359.38
2024-08-06,77786000,upbit_day_open,,80224000,1367.68
2024-08-07,80166000,upbit_day_open,,78388000,1377.4
2024-08-08,78386000,upbit_day_open,,86397000,1374.98
2024-08-09,86397000,upbit_day_open,,85518000,1376.94
2024-08-10,85522000,upbit_day_open,,85669000,1363.71
2024-08-11,85669000,upbit_day_open,,82815000,1363.71
2024-08-12,82816000,upbit_day_open,,83221000,1363.71
2024-08-13,83207000,upbit_day_open,,84600000,1369.87
2024-08-14,84587000,upbit_day_open,,82457000,1367.28
2024-08-15,82440000,upbit_day_open,,81004000,1355.35
2024-08-16,81044000,upbit_day_open,,82209000,1363.21
2024-08-17,82185000,upbit_day_open,,82849000,1354.34
2024-08-18,82821000,upbit_day_open,,81500000,1354.34
2024-08-19,81500000,upbit_day_open,,81680000,1354.34
2024-08-20,81678000,upbit_day_open,,80751000,1334.21
2024-08-21,80751000,upbit_day_open,,82900000,1331.78
2024-08-22,82900000,upbit_day_open,,82003000,1333.74
2024-08-23,82003000,upbit_day_open,,85600000,1343.23
2024-08-24,85600000,upbit_day_open,,85767000,1327.56
2024-08-25,85807000,upbit_day_open,,86254000,1327.56
2024-08-26,86227000,upbit_day_open,,84408000,1327.56
2024-08-27,84408000,upbit_day_open,,80950000,1328.53
2024-08-28,80947000,upbit_day_open,,80569000,1330.9
2024-08-29,80618000,upbit_day_open,,80790000,1335.15
2024-08-30,80745000,upbit_day_open,,80439000,1332.02
2024-08-31,80439000,upbit_day_open,,80262000,1336
2024-09-01,80300000,upbit_day_open,,78301000,1336
2024-09-02,78303000,upbit_day_open,,80205000,1336
2024-09-03,80247000,upbit_day_open,,78272000,1336
2024-09-04,78270000,upbit_day_open,,78739000,1339.79
2024-09-05,78739000,upbit_day_open,,76330000,1336.93
2024-09-06,76330000,upbit_day_open,,73644000,1335.14
2024-09-07,73644000,upbit_day_open,,73640000,1335.68
2024-09-08,73640000,upbit_day_open,,74437000,1335.68
2024-09-09,74439000,upbit_day_open,,77275000,1335.68
2024-09-10,77274000,upbit_day_open,,78089000,1342.16
2024-09-11,78091000,upbit_day_open,,77301000,1343.41
2024-09-12,77363000,upbit_day_open,,78269000,1340.59
2024-09-13,78269000,upbit_day_open,,80930000,1341.35
2024-09-14,80930000,upbit_day_open,,80524000,1329.26
2024-09-15,80524000,upbit_day_open,,79690000,1329.26
2024-09-16,79691000,upbit_day_open,,78469000,1329.26
2024-09-17,78468000,upbit_day_open,,81116000,1320.59
2024-09-18,81116000,upbit_day_open,,82604000,1323.81
2024-09-19,82602000,upbit_day_open,,83892000,1324.15
2024-09-20,83891000,upbit_day_open,,84385000,1329.08
2024-09-21,84384000,upbit_day_open,,84425000,1333.66
2024-09-22,84429000,upbit_day_open,,84829000,1333.66
2024-09-23,84838000,upbit_day_open,,84631000,1333.66
2024-09-24,84630000,upbit_day_open,,85248000,1334.12
2024-09-25,85248000,upbit_day_open,,84362000,1330
2024-09-26,84362000,upbit_day_open,,86000000,1335.1
2024-09-27,85948000,upbit_day_open,,86958000,1314.78
2024-09-28,86958000,upbit_day_open,,86732000,1309.43
2024-09-29,86731000,upbit_day_open,,85958000,1309.43
2024-09-30,85958000,upbit_day_open,,83730000,1309.43
2024-10-01,83730000,upbit_day_open,,81500000,1314.94
2024-10-02,81500000,upbit_day_open,,81707000,1323.78
2024-10-03,81707000,upbit_day_open,,82424000,1321.53
2024-10-04,82401000,upbit_day_open,,83805000,1335.58
2024-10-05,83804000,upbit_day_open,,83956000,1348.74
2024-10-06,83997000,upbit_day_open,,84533000,1348.74
2024-10-07,84436000,upbit_day_open,,83942000,1348.74
2024-10-08,83942000,upbit_day_open,,84139000,1343.75
2024-10-09,84139000,upbit_day_open,,82385000,1346.49
2024-10-10,82383000,upbit_day_open,,82131000,1346.04
2024-10-11,82131000,upbit_day_open,,84451000,1350.77
2024-10-12,84450000,upbit_day_open,,84956000,1350.71
2024-10-13,84997000,upbit_day_open,,84806000,1350.71
2024-10-14,84782000,upbit_day_open,,88640000,1350.71
2024-10-15,88640000,upbit_day_open,,90600000,1350.71
2024-10-16,90518000,upbit_day_open,,91610000,1365.17
2024-10-17,91610000,upbit_day_open,,91725000,1363.76
2024-10-18,91758000,upbit_day_open,,93330000,1371.08
2024-10-19,93358000,upbit_day_open,,93322000,1369.65
2024-10-20,93322000,upbit_day_open,,93901000,1369.65
2024-10-21,93901000,upbit_day_open,,92161000,1369.65
2024-10-22,92161000,upbit_day_open,,92877000,1379.14
2024-10-23,92877000,upbit_day_open,,92375000,1379.22
2024-10-24,92375000,upbit_day_open,,94077000,1381.61
2024-10-25,94077000,upbit_day_open,,93762000,1382.11
2024-10-26,93762000,upbit_day_open,,93993000,1389.24
2024-10-27,93993000,upbit_day_open,,94819000,1389.24
2024-10-28,94824000,upbit_day_open,,97401000,1389.24
2024-10-29,97401000,upbit_day_open,,101305000,1385.57
2024-10-30,101300000,upbit_day_open,,100571000,1382.2
2024-10-31,100571000,upbit_day_open,,98112000,1378.41
2024-11-01,98112000,upbit_day_open,,97285000,1377.57
2024-11-02,97331000,upbit_day_open,,97205000,1376.95
2024-11-03,97205000,upbit_day_open,,95883000,1376.95
2024-11-04,95987000,upbit_day_open,,94289000,1376.95
2024-11-05,94289000,upbit_day_open,,96170000,1375.17
2024-11-06,96196000,upbit_day_open,,104085000,1380.26
2024-11-07,104085000,upbit_day_open,,104115000,1399.98
2024-11-08,104177000,upbit_day_open,,106843000,1384.66
2024-11-09,106845000,upbit_day_open,,106294000,1396.69
2024-11-10,106294000,upbit_day_open,,111440000,1396.69
2024-11-11,111440000,upbit_day_open,,124503000,1396.69
2024-11-12,124476000,upbit_day_open,,124967000,1396.69
2024-11-13,124951000,upbit_day_open,,128111000,1408.28
2024-11-14,128111000,upbit_day_open,,123572000,1404.24
2024-11-15,123543000,upbit_day_open,,128236000,1402.77
2024-11-16,128128000,upbit_day_open,,127071000,1397.42
2024-11-17,127130000,upbit_day_open,,126472000,1397.42
2024-11-18,126469000,upbit_day_open,,127142000,1397.42
2024-11-19,127142000,upbit_day_open,,129720000,1394.28
2024-11-20,129711000,upbit_day_open,,133180000,1392.83
2024-11-21,133180000,upbit_day_open,,137050000,1399.51
2024-11-22,137050000,upbit_day_open,,136879000,1401
2024-11-23,136879000,upbit_day_open,,136000000,1405.49
2024-11-24,136000000,upbit_day_open,,136096000,1405.49
2024-11-25,136110000,upbit_day_open,,129791000,1405.49
2024-11-26,129791000,upbit_day_open,,128783000,1401.03
2024-11-27,128800000,upbit_day_open,,132999000,1396.69
2024-11-28,132999000,upbit_day_open,,133138000,1391.14
2024-11-29,133144000,upbit_day_open,,134542000,1391.14
2024-11-30,134542000,upbit_day_open,,133701000,1396.99
2024-12-01,133722000,upbit_day_open,,133802000,1396.99
2024-12-02,133802000,upbit_day_open,,133535000,1396.99
2024-12-03,133523000,upbit_day_open,,133700000,1406.13
2024-12-04,133720000,upbit_day_open,,138760000,1427.83
2024-12-05,138765000,upbit_day_open,,137501000,1412.16
2024-12-06,137501000,upbit_day_open,,139340000,1415.88
2024-12-07,139402000,upbit_day_open,,138960000,1422.4
2024-12-08,138970000,upbit_day_open,,141005000,1422.4
2024-12-09,141056000,upbit_day_open,,138864000,1422.4
2024-12-10,138934000,upbit_day_open,,138205000,1430.05
2024-12-11,138205000,upbit_day_open,,143111000,1432.6
2024-12-12,143111000,upbit_day_open,,142757000,1428.5
2024-12-13,142780000,upbit_day_open,,144402000,1429.47
2024-12-14,144432000,upbit_day_open,,145927000,1434.82
2024-12-15,145927000,upbit_day_open,,149243000,1434.82
2024-12-16,149243000,upbit_day_open,,153403000,1434.82
2024-12-17,153403000,upbit_day_open,,155223000,1437.86
2024-12-18,155222000,upbit_day_open,,147754000,1436.16
2024-12-19,147753000,upbit_day_open,,147474000,1438.13
2024-12-20,147474000,upbit_day_open,,148138000,1446.06
2024-12-21,148138000,upbit_day_open,,147830000,1444.52
2024-12-22,147836000,upbit_day_open,,144800000,1444.52
2024-12-23,144802000,upbit_day_open,,142901000,1444.52
2024-12-24,142901000,upbit_day_open,,146831000,1451.76
2024-12-25,146832000,upbit_day_open,,148081000,1457.36
2024-12-26,148216000,upbit_day_open,,144076000,1457.36
2024-12-27,144016000,upbit_day_open,,142111000,1467.66
2024-12-28,142107000,upbit_day_open,,142302000,1470.4
2024-12-29,142306000,upbit_day_open,,139735000,1470.4
2024-12-30,139831000,upbit_day_open,,137892000,1470.4
2024-12-31,137865000,upbit_day_open,,139257000,1472.32
2025-01-01,139394000,upbit_day_open,,141320000,1477.86
2025-01-02,141322000,upbit_day_open,,143848000,1477.86
2025-01-03,143848000,upbit_day_open,,144655000,1472.52
2025-01-04,144653000,upbit_day_open,,144745000,1470
2025-01-05,144767000,upbit_day_open,,144700000,1470
2025-01-06,144731000,upbit_day_open,,150264000,1470
2025-01-07,150255000,upbit_day_open,,144789000,1459.94
2025-01-08,144789000,upbit_day_open,,142368000,1452.42
2025-01-09,142375000,upbit_day_open,,139740000,1459.85
2025-01-10,139748000,upbit_day_open,,142457000,1459.23
2025-01-11,142614000,upbit_day_open,,141771000,1473.36
2025-01-12,141768000,upbit_day_open,,142086000,1473.36
2025-01-13,142074000,upbit_day_open,,142108000,1473.36
2025-01-14,142108000,upbit_day_open,,143501000,1466.87
2025-01-15,143546000,upbit_day_open,,147309000,1459.5
2025-01-16,147309000,upbit_day_open,,146670000,1456.5
2025-01-17,146750000,upbit_day_open,,152345000,1456.16
2025-01-18,152434000,upbit_day_open,,155801000,1457.04
2025-01-19,155720000,upbit_day_open,,154000000,1457.04
2025-01-20,154000000,upbit_day_open,,153225000,1457.04
2025-01-21,153225000,upbit_day_open,,157571000,1457.04
2025-01-22,157571000,upbit_day_open,,154999000,1435.29
2025-01-23,154999000,upbit_day_open,,155112000,1435.77
2025-01-24,155112000,upbit_day_open,,157146000,1434.29
2025-01-25,157170000,upbit_day_open,,157200000,1429.17
2025-01-26,157200000,upbit_day_open,,156100000,1429.17
2025-01-27,156100000,upbit_day_open,,154919000,1429.17
2025-01-28,154919000,upbit_day_open,,155919000,1433.83
2025-01-29,155919000,upbit_day_open,,158859000,1446.42
2025-01-30,158859000,upbit_day_open,,158139000,1441.85
2025-01-31,158182000,upbit_day_open,,156580000,1442.16
2025-02-01,156580000,upbit_day_open,,157330000,1453.86
2025-02-02,157399000,upbit_day_open,,154000000,1453.86
2025-02-03,154000000,upbit_day_open,,158217000,1453.86
2025-02-04,158217000,upbit_day_open,,154122000,1461.21
2025-02-05,154140000,upbit_day_open,,151450000,1451.02
2025-02-06,151450000,upbit_day_open,,151356000,1442.37
2025-02-07,151359000,upbit_day_open,,149601000,1447.05
2025-02-08,149602000,upbit_day_open,,148803000,1453.97
2025-02-09,148873000,upbit_day_open,,147579000,1453.97
2025-02-10,147602000,upbit_day_open,,147724000,1453.97
2025-02-11,147812000,upbit_day_open,,146020000,1451
2025-02-12,146034000,upbit_day_open,,147846000,1452.31
2025-02-13,147846000,upbit_day_open,,145877000,1453.49
2025-02-14,145802000,upbit_day_open,,146551000,1446.95
2025-02-15,146551000,upbit_day_open,,147501000,1439.89
2025-02-16,147503000,upbit_day_open,,145625000,1439.89
2025-02-17,145625000,upbit_day_open,,144390000,1439.89
2025-02-18,144390000,upbit_day_open,,143728000,1439.89
2025-02-19,143760000,upbit_day_open,,144312000,1438.83
2025-02-20,144314000,upbit_day_open,,145719000,1441.06
2025-02-21,145719000,upbit_day_open,,142859000,1434.71
2025-02-22,142891000,upbit_day_open,,142300000,1434.06
2025-02-23,142364000,upbit_day_open,,141364000,1434.06
2025-02-24,141371000,upbit_day_open,,132135000,1434.06
2025-02-25,132135000,upbit_day_open,,129715000,1429.77
2025-02-26,129715000,upbit_day_open,,122784000,1433.79
2025-02-27,122775000,upbit_day_open,,124331000,1433.2
2025-02-28,124404000,upbit_day_open,,124499000,1447.35
2025-03-01,124499000,upbit_day_open,,128320000,1459.04
2025-03-02,128320000,upbit_day_open,,142500000,1459.04
2025-03-03,142500000,upbit_day_open,,130094000,1459.04
2025-03-04,130110000,upbit_day_open,,130430000,1456.49
2025-03-05,130368000,upbit_day_open,,134990000,1458.46
2025-03-06,134990000,upbit_day_open,,133870000,1445.21
2025-03-07,133858000,upbit_day_open,,129522000,1447.34
2025-03-08,129522000,upbit_day_open,,128531000,1449.3
2025-03-09,128579000,upbit_day_open,,121111000,1449.3
2025-03-10,121039000,upbit_day_open,,117477000,1449.3
2025-03-11,117495000,upbit_day_open,,123232000,1456.74
2025-03-12,123232000,upbit_day_open,,123871000,1453.07
2025-03-13,123871000,upbit_day_open,,120216000,1451.7
2025-03-14,120216000,upbit_day_open,,123878000,1455.76
2025-03-15,123855000,upbit_day_open,,124000000,1451.76
2025-03-16,124013000,upbit_day_open,,121749000,1451.76
2025-03-17,121720000,upbit_day_open,,122801000,1451.76
2025-03-18,122801000,upbit_day_open,,121272000,1444.71
2025-03-19,121272000,upbit_day_open,,127194000,1451.28
2025-03-20,127194000,upbit_day_open,,124297000,1462.15
2025-03-21,124329000,upbit_day_open,,124500000,1467.77
2025-03-22,124500000,upbit_day_open,,124150000,1466.49
2025-03-23,124150000,upbit_day_open,,126937000,1466.49
2025-03-24,126912000,upbit_day_open,,128890000,1466.49
2025-03-25,128890000,upbit_day_open,,128823000,1466.91
2025-03-26,128822000,upbit_day_open,,128556000,1465.32
2025-03-27,128556000,upbit_day_open,,128701000,1467.25
2025-03-28,128701000,upbit_day_open,,125800000,1463.9
2025-03-29,125800000,upbit_day_open,,123378000,1469.2
2025-03-30,123274000,upbit_day_open,,123046000,1469.2
2025-03-31,123046000,upbit_day_open,,123209000,1469.2
2025-04-01,123209000,upbit_day_open,,126632000,1474.44
2025-04-02,126632000,upbit_day_open,,122798000,1471
2025-04-03,122794000,upbit_day_open,,123244000,1462.06
2025-04-04,123244000,upbit_day_open,,123409000,1450.55
2025-04-05,123409000,upbit_day_open,,123300000,1457.76
2025-04-06,123255000,upbit_day_open,,117517000,1457.76
2025-04-07,117517000,upbit_day_open,,118061000,1457.76
2025-04-08,118062000,upbit_day_open,,114489000,1470.22
2025-04-09,114497000,upbit_day_open,,121339000,1477.97
2025-04-10,121339000,upbit_day_open,,117936000,1472.75
2025-04-11,117929000,upbit_day_open,,121450000,1450.37
2025-04-12,121450000,upbit_day_open,,123551000,1418.79
2025-04-13,123577000,upbit_day_open,,121577000,1418.79
2025-04-14,121577000,upbit_day_open,,122694000,1418.79
2025-04-15,122694000,upbit_day_open,,122158000,1422.56
2025-04-16,122154000,upbit_day_open,,121850000,1427.16
2025-04-17,121850000,upbit_day_open,,122700000,1415.24
2025-04-18,122669000,upbit_day_open,,122288000,1416.1
2025-04-19,122288000,upbit_day_open,,122720000,1423.49
2025-04-20,122720000,upbit_day_open,,122746000,1423.49
2025-04-21,122746000,upbit_day_open,,126237000,1423.49
2025-04-22,126200000,upbit_day_open,,133855000,1420.52
2025-04-23,133856000,upbit_day_open,,134373000,1425
2025-04-24,134373000,upbit_day_open,,134650000,1425.88
2025-04-25,134641000,upbit_day_open,,136416000,1432.97
2025-04-26,136557000,upbit_day_open,,136499000,1440.72
2025-04-27,136525000,upbit_day_open,,135150000,1440.72
2025-04-28,135160000,upbit_day_open,,136816000,1440.72
2025-04-29,136820000,upbit_day_open,,136310000,1436.31
2025-04-30,136310000,upbit_day_open,,136050000,1432.01
2025-05-01,136148000,upbit_day_open,,139145000,1425.68
2025-05-02,139145000,upbit_day_open,,138636000,1437.58
2025-05-03,138640000,upbit_day_open,,137560000,1398.89
2025-05-04,137598000,upbit_day_open,,135652000,1398.89
2025-05-05,135677000,upbit_day_open,,134890000,1398.89
2025-05-06,134890000,upbit_day_open,,137400000,1375.11
2025-05-07,137351000,upbit_day_open,,137660000,1377.15
2025-05-08,137680000,upbit_day_open,,144780000,1391.86
2025-05-09,144688000,upbit_day_open,,143720000,1403.61
2025-05-10,143726000,upbit_day_open,,144964000,1398.51
2025-05-11,144982000,upbit_day_open,,145510000,1398.51
2025-05-12,145510000,upbit_day_open,,144875000,1398.51
2025-05-13,144875000,upbit_day_open,,145880000,1417.77
2025-05-14,145965000,upbit_day_open,,145718000,1418.65
2025-05-15,145793000,upbit_day_open,,146026000,1398.83
2025-05-16,146030000,upbit_day_open,,146465000,1397.65
2025-05-17,146465000,upbit_day_open,,146555000,1401.19
2025-05-18,146580000,upbit_day_open,,150458000,1401.19
2025-05-19,150296000,upbit_day_open,,148699000,1401.19
2025-05-20,148700000,upbit_day_open,,150424000,1388.48
2025-05-21,150424000,upbit_day_open,,152356000,1393.36
2025-05-22,152356000,upbit_day_open,,154861000,1371.64
2025-05-23,154861000,upbit_day_open,,149878000,1381.55
2025-05-24,149962000,upbit_day_open,,150660000,1365.03
2025-05-25,150680000,upbit_day_open,,152133000,1365.03
2025-05-26,152133000,upbit_day_open,,152195000,1365.03
2025-05-27,152197000,upbit_day_open,,151323000,1365.03
2025-05-28,151323000,upbit_day_open,,150280000,1375.85
2025-05-29,150280000,upbit_day_open,,147370000,1374.6
2025-05-30,147370000,upbit_day_open,,147044000,1371.75
2025-05-31,147044000,upbit_day_open,,147932000,1381.13
2025-06-01,147932000,upbit_day_open,,149100000,1381.13
2025-06-02,149102000,upbit_day_open,,148074000,1381.13
2025-06-03,148070000,upbit_day_open,,147322000,1376.42
2025-06-04,147378000,upbit_day_open,,145210000,1378.45
2025-06-05,145218000,upbit_day_open,,141588000,1364.16
2025-06-06,141588000,upbit_day_open,,145196000,1355.97
2025-06-07,145196000,upbit_day_open,,146514000,1360.28
2025-06-08,146540000,upbit_day_open,,145799000,1360.28
2025-06-09,145801000,upbit_day_open,,150330000,1360.28
2025-06-10,150330000,upbit_day_open,,150604000,1354.99
2025-06-11,150628000,upbit_day_open,,149702000,1367.55
2025-06-12,149710000,upbit_day_open,,145801000,1368.29
2025-06-13,145811000,upbit_day_open,,147266000,1356.47
2025-06-14,147265000,upbit_day_open,,146401000,1364.93
2025-06-15,146401000,upbit_day_open,,145997000,1364.93
2025-06-16,145998000,upbit_day_open,,146673000,1364.93
2025-06-17,146661000,upbit_day_open,,145456000,1357.55
2025-06-18,145456000,upbit_day_open,,145380000,1370.29
2025-06-19,145381000,upbit_day_open,,144978000,1372.11
2025-06-20,144979000,upbit_day_open,,143956000,1372.11
2025-06-21,143956000,upbit_day_open,,142782000,1372.45
2025-06-22,142811000,upbit_day_open,,140908000,1372.45
2025-06-23,140908000,upbit_day_open,,146182000,1372.45
2025-06-24,146180000,upbit_day_open,,145625000,1382.61
2025-06-25,145626000,upbit_day_open,,147365000,1359
2025-06-26,147365000,upbit_day_open,,146852000,1362.17
2025-06-27,146868000,upbit_day_open,,147058000,1355.64
2025-06-28,147001000,upbit_day_open,,147174000,1360.72
2025-06-29,147174000,upbit_day_open,,147996000,1360.72
2025-06-30,147996000,upbit_day_open,,145759000,1360.72
2025-07-01,145759000,upbit_day_open,,145019000,1353.5
2025-07-02,145019000,upbit_day_open,,147372000,1358.06
2025-07-03,147372000,upbit_day_open,,148737000,1356.9
2025-07-04,148737000,upbit_day_open,,147797000,1364.65
2025-07-05,147798000,upbit_day_open,,148197000,1364.65
2025-07-06,148197000,upbit_day_open,,148500000,1364.65
2025-07-07,148500000,upbit_day_open,,148100000,1364.65
2025-07-08,148100000,upbit_day_open,,148302000,1369.6
2025-07-09,148302000,upbit_day_open,,150701000,1372.74
2025-07-10,150750000,upbit_day_open,,156519000,1375.04
2025-07-11,156517000,upbit_day_open,,158187000,1373.37
2025-07-12,158187000,upbit_day_open,,159681000,1375.37
2025-07-13,159683000,upbit_day_open,,161740000,1375.37
2025-07-14,161740000,upbit_day_open,,163923000,1375.37
2025-07-15,163923000,upbit_day_open,,160811000,1382.51
2025-07-16,160811000,upbit_day_open,,161250000,1385.39
2025-07-17,161246000,upbit_day_open,,162232000,1390.84
2025-07-18,162232000,upbit_day_open,,161100000,1391.04
2025-07-19,161098000,upbit_day_open,,161428000,1390.29
2025-07-20,161428000,upbit_day_open,,160072000,1390.29
2025-07-21,160072000,upbit_day_open,,160096000,1390.29
2025-07-22,160094000,upbit_day_open,,162321000,1381.22
2025-07-23,162321000,upbit_day_open,,161990000,1381.58
2025-07-24,162000000,upbit_day_open,,160928000,1375.38
2025-07-25,160938000,upbit_day_open,,160217000,1371
2025-07-26,160225000,upbit_day_open,,160900000,1382.92
2025-07-27,160900000,upbit_day_open,,162717000,1382.92
2025-07-28,162548000,upbit_day_open,,162483000,1382.92
2025-07-29,162483000,upbit_day_open,,163158000,1388.21
2025-07-30,163248000,upbit_day_open,,163118000,1390.63
2025-07-31,163118000,upbit_day_open,,161398000,1391.58
2025-08-01,161400000,upbit_day_open,,158102000,1396.19
2025-08-02,158101000,upbit_day_open,,157376000,1388.34
2025-08-03,157376000,upbit_day_open,,160227000,1388.34
2025-08-04,160208000,upbit_day_open,,160332000,1388.34
2025-08-05,160333000,upbit_day_open,,159999000,1385.71
2025-08-06,159999000,upbit_day_open,,160000000,1386.64
2025-08-07,160000000,upbit_day_open,,161853000,1384.64
2025-08-08,161853000,upbit_day_open,,160099000,1386.05
2025-08-09,160099000,upbit_day_open,,160180000,1389.7
2025-08-10,160180000,upbit_day_open,,163859000,1389.7
2025-08-11,163860000,upbit_day_open,,164210000,1389.7
2025-08-12,164210000,upbit_day_open,,164298000,1392.74
2025-08-13,164298000,upbit_day_open,,168051000,1385.4
2025-08-14,168051000,upbit_day_open,,164723000,1378.9
2025-08-15,164723000,upbit_day_open,,164122000,1390.59
2025-08-16,164122000,upbit_day_open,,163058000,1387.87
2025-08-17,163058000,upbit_day_open,,163111000,1387.87
2025-08-18,163110000,upbit_day_open,,161513000,1387.87
2025-08-19,161513000,upbit_day_open,,157172000,1387.34
2025-08-20,157180000,upbit_day_open,,159149000,1392.04
2025-08-21,159237000,upbit_day_open,,157737000,1397.7
2025-08-22,157737000,upbit_day_open,,161176000,1401.88
2025-08-23,161176000,upbit_day_open,,159705000,1381.71
2025-08-24,159705000,upbit_day_open,,157603000,1381.71
2025-08-25,157603000,upbit_day_open,,155887000,1381.71
2025-08-26,155887000,upbit_day_open,,156661000,1389.06
2025-08-27,156660000,upbit_day_open,,155534000,1393.52
2025-08-28,155532000,upbit_day_open,,156737000,1394.54
2025-08-29,156737000,upbit_day_open,,152262000,1384.85
2025-08-30,152262000,upbit_day_open,,151734000,1389.76
2025-08-31,151734000,upbit_day_open,,150700000,1389.76
2025-09-01,150700000,upbit_day_open,,152419000,1389.76
2025-09-02,152419000,upbit_day_open,,154850000,1389.76
2025-09-03,154850000,upbit_day_open,,154890000,1394.76
2025-09-04,154890000,upbit_day_open,,155410000,1389.21
2025-09-05,155337000,upbit_day_open,,154930000,1394.8
2025-09-06,154930000,upbit_day_open,,154325000,1385.28
2025-09-07,154325000,upbit_day_open,,155001000,1385.28
2025-09-08,155001000,upbit_day_open,,156048000,1385.28
2025-09-09,156048000,upbit_day_open,,155450000,1386.29
2025-09-10,155451000,upbit_day_open,,158561000,1388.16
2025-09-11,158562000,upbit_day_open,,160375000,1386.97
2025-09-12,160395000,upbit_day_open,,161101000,1388.97
2025-09-13,161110000,upbit_day_open,,160536000,1394.06
2025-09-14,160536000,upbit_day_open,,160338000,1394.06
2025-09-15,160338000,upbit_day_open,,160705000,1394.06
2025-09-16,160705000,upbit_day_open,,162167000,1385.09
2025-09-17,162200000,upbit_day_open,,161468000,1381.49
2025-09-18,161468000,upbit_day_open,,162478000,1375.5
2025-09-19,162478000,upbit_day_open,,162138000,1388.51
2025-09-20,162162000,upbit_day_open,,162236000,1397.43
2025-09-21,162236000,upbit_day_open,,161412000,1397.43
2025-09-22,161410000,upbit_day_open,,160730000,1397.43
2025-09-23,160731000,upbit_day_open,,159679000,1392.4
2025-09-24,159680000,upbit_day_open,,160700000,1394.28
2025-09-25,160700000,upbit_day_open,,158200000,1404.7
2025-09-26,158219000,upbit_day_open,,158128000,1408.67
2025-09-27,158129000,upbit_day_open,,157895000,1410.05
2025-09-28,157892000,upbit_day_open,,160579000,1410.05
2025-09-29,160579000,upbit_day_open,,162976000,1410.05
2025-09-30,162976000,upbit_day_open,,162828000,1399.76
2025-10-01,162828000,upbit_day_open,,168424000,1404.63
2025-10-02,168424000,upbit_day_open,,170704000,1402.45
2025-10-03,170749000,upbit_day_open,,173460000,1406.72
2025-10-04,173460000,upbit_day_open,,174964000,1406.16
2025-10-05,174986000,upbit_day_open,,177024000,1406.16
2025-10-06,177002000,upbit_day_open,,177536000,1406.16
2025-10-07,177562000,upbit_day_open,,175460000,1410.47
2025-10-08,175490000,upbit_day_open,,178011000,1413.12
2025-10-09,177853000,upbit_day_open,,177616000,1424.17
2025-10-10,177616000,upbit_day_open,,172257000,1423.68
2025-10-11,172180000,upbit_day_open,,170390000,1428.39
2025-10-12,170390000,upbit_day_open,,173833000,1428.39
2025-10-13,173833000,upbit_day_open,,171680000,1428.39
2025-10-14,171695000,upbit_day_open,,170070000,1428.39
2025-10-15,170109000,upbit_day_open,,168539000,1429.91
2025-10-16,168642000,upbit_day_open,,165290000,1423.12
2025-10-17,165291000,upbit_day_open,,163639000,1416.07
2025-10-18,163639000,upbit_day_open,,163631000,1421.89
2025-10-19,163631000,upbit_day_open,,164806000,1421.89
2025-10-20,164806000,upbit_day_open,,165911000,1421.89
2025-10-21,165911000,upbit_day_open,,163400000,1420.39
2025-10-22,163400000,upbit_day_open,,163153000,1430.58
2025-10-23,163153000,upbit_day_open,,165546000,1429.94
2025-10-24,165546000,upbit_day_open,,165703000,1437.25
2025-10-25,165703000,upbit_day_open,,166310000,1438.35
2025-10-26,166330000,upbit_day_open,,169514000,1438.35
2025-10-27,169514000,upbit_day_open,,168980000,1438.35
2025-10-28,168980000,upbit_day_open,,168263000,1432.72
2025-10-29,168263000,upbit_day_open,,164617000,1432.72
2025-10-30,164597000,upbit_day_open,,164258000,1420.83
2025-10-31,164259000,upbit_day_open,,164275000,1430.45
2025-11-01,164275000,upbit_day_open,,164000000,1428.37
2025-11-02,164001000,upbit_day_open,,164129000,1428.37
2025-11-03,164074000,upbit_day_open,,158587000,1428.37
2025-11-04,158589000,upbit_day_open,,152873000,1430.65
2025-11-05,152873000,upbit_day_open,,156008000,1440.22
2025-11-06,156008000,upbit_day_open,,151401000,1440.95
2025-11-07,151412000,upbit_day_open,,153850000,1449.28
2025-11-08,153850000,upbit_day_open,,152541000,1461.07
2025-11-09,152542000,upbit_day_open,,155490000,1461.07
2025-11-10,155490000,upbit_day_open,,156797000,1461.07
2025-11-11,156802000,upbit_day_open,,154302000,1456.34
2025-11-12,154302000,upbit_day_open,,153300000,1456.34
2025-11-13,153300000,upbit_day_open,,151306000,1468.6
2025-11-14,151314000,upbit_day_open,,143623000,1465.32
2025-11-15,143623000,upbit_day_open,,144265000,1453.2
2025-11-16,144265000,upbit_day_open,,140320000,1453.2
2025-11-17,140320000,upbit_day_open,,137706000,1453.2
2025-11-18,137706000,upbit_day_open,,137750000,1459.71
2025-11-19,137750000,upbit_day_open,,136500000,1461.3
2025-11-20,136500000,upbit_day_open,,129896000,1467.69
2025-11-21,129896000,upbit_day_open,,128044000,1472.65
2025-11-22,128044000,upbit_day_open,,127333000,1470.84
2025-11-23,127373000,upbit_day_open,,131960000,1470.84
2025-11-24,131998000,upbit_day_open,,132574000,1470.84
2025-11-25,132574000,upbit_day_open,,130736000,1475.94
2025-11-26,130779000,upbit_day_open,,135366000,1468.02
2025-11-27,135366000,upbit_day_open,,136941000,1468.39
2025-11-28,136989000,upbit_day_open,,136334000,1468.39
2025-11-29,136334000,upbit_day_open,,136073000,1467.65
2025-11-30,136000000,upbit_day_open,,135744000,1467.65
2025-12-01,135752000,upbit_day_open,,129172000,1467.65
2025-12-02,129169000,upbit_day_open,,135626000,1467.79
2025-12-03,135683000,upbit_day_open,,138881000,1469.23
2025-12-04,138998000,upbit_day_open,,137390000,1465.94
2025-12-05,137447000,upbit_day_open,,133828000,1473.22
2025-12-06,133870000,upbit_day_open,,133598000,1472.83
2025-12-07,133601000,upbit_day_open,,135195000,1472.83
2025-12-08,135195000,upbit_day_open,,134986000,1472.83
2025-12-09,134975000,upbit_day_open,,137200000,1469.19
2025-12-10,137254000,upbit_day_open,,136700000,1469.48
2025-12-11,136702000,upbit_day_open,,137332000,1470.2
2025-12-12,137333000,upbit_day_open,,134902000,1471.38
2025-12-13,134930000,upbit_day_open,,134733000,1477.72
2025-12-14,134733000,upbit_day_open,,131795000,1477.72
2025-12-15,131797000,upbit_day_open,,129132000,1477.72
2025-12-16,129132000,upbit_day_open,,130682000,1468.62
2025-12-17,130682000,upbit_day_open,,128680000,1472.48
2025-12-18,128680000,upbit_day_open,,127135000,1475.05
2025-12-19,127233000,upbit_day_open,,131223000,1473.21
2025-12-20,131223000,upbit_day_open,,131469000,1477.26
2025-12-21,131526000,upbit_day_open,,131860000,1477.26
2025-12-22,131859000,upbit_day_open,,132200000,1477.26
2025-12-23,132201000,upbit_day_open,,130451000,1480.13
2025-12-24,130451000,upbit_day_open,,129236000,1481.45
2025-12-25,129236000,upbit_day_open,,128498000,1443.62
2025-12-26,128497000,upbit_day_open,,128152000,1443.62
2025-12-27,128149000,upbit_day_open,,128298000,1441.16
2025-12-28,128298000,upbit_day_open,,127914000,1441.16
2025-12-29,127914000,upbit_day_open,,127161000,1441.16
2025-12-30,127161000,upbit_day_open,,128570000,1433.88
2025-12-31,128570000,upbit_day_open,,128067000,1439.42
2026-01-01,128000000,upbit_day_open,,128830000,1444.55
2026-01-02,128830000,upbit_day_open,,130150000,1444.55
2026-01-03,130151000,upbit_day_open,,131077000,1444.45
2026-01-04,131077000,upbit_day_open,,132386000,1444.45
2026-01-05,132386000,upbit_day_open,,136074000,1444.45
2026-01-06,136074000,upbit_day_open,,136299000,1444.88
2026-01-07,136299000,upbit_day_open,,132939000,1446.93
2026-01-08,132939000,upbit_day_open,,133174000,1447.45
2026-01-09,133200000,upbit_day_open,,133451000,1452.15
2026-01-10,133449000,upbit_day_open,,133503000,1458.61
2026-01-11,133503000,upbit_day_open,,133702000,1458.61
2026-01-12,133751000,upbit_day_open,,134602000,1458.61
2026-01-13,134602000,upbit_day_open,,139968000,1467.08
2026-01-14,139946000,upbit_day_open,,142160000,1475.78
2026-01-15,142160000,upbit_day_open,,140907000,1464.29
2026-01-16,140907000,upbit_day_open,,141083000,1469.39
2026-01-17,141087000,upbit_day_open,,140527000,1474.05
2026-01-18,140526000,upbit_day_open,,138940000,1474.05
2026-01-19,138944000,upbit_day_open,,137010000,1474.05
2026-01-20,137010000,upbit_day_open,,131849000,1474.05
2026-01-21,131849000,upbit_day_open,,132505000,1478.33
2026-01-22,132505000,upbit_day_open,,132864000,1465.95
2026-01-23,132864000,upbit_day_open,,131961000,1464.34
2026-01-24,131906000,upbit_day_open,,131644000,1462.89
2026-01-25,131644000,upbit_day_open,,128500000,1462.89
2026-01-26,128500000,upbit_day_open,,129474000,1462.89
2026-01-27,129474000,upbit_day_open,,129687000,1441.49
2026-01-28,129690000,upbit_day_open,,129079000,1437.45
2026-01-29,129051000,upbit_day_open,,124287000,1436.06
2026-01-30,124258000,upbit_day_open,,125210000,1433.84
2026-01-31,125210000,upbit_day_open,,117616000,1444.51
2026-02-01,117616000,upbit_day_open,,113416000,1444.51
2026-02-02,113416000,upbit_day_open,,116997000,1444.51
2026-02-03,116932000,upbit_day_open,,111882000,1452.03
2026-02-04,111882000,upbit_day_open,,107867000,1447.7
2026-02-05,107867000,upbit_day_open,,92920000,1459.24
2026-02-06,92894000,upbit_day_open,,104990000,1463.13
2026-02-07,104995000,upbit_day_open,,102617000,1462.75
2026-02-08,102602000,upbit_day_open,,104587000,1462.75
2026-02-09,104597000,upbit_day_open,,103479000,1462.75
2026-02-10,103479000,upbit_day_open,,102136000,1458.12
2026-02-11,102136000,upbit_day_open,,99166000,1456.82
2026-02-12,99162000,upbit_day_open,,97328000,1446.96
2026-02-13,97327000,upbit_day_open,,100786000,1439.8
2026-02-14,100799000,upbit_day_open,,102850000,1442.9
2026-02-15,102864000,upbit_day_open,,102103000,1442.9
2026-02-16,102158000,upbit_day_open,,101944000,1442.9
2026-02-17,101944000,upbit_day_open,,100054000,1442.9
2026-02-18,100054000,upbit_day_open,,98622000,1444.43
2026-02-19,98622000,upbit_day_open,,98846000,1445.15
2026-02-20,98847000,upbit_day_open,,100065000,1450.1
2026-02-21,100066000,upbit_day_open,,99986000,1445.97
2026-02-22,100033000,upbit_day_open,,99542000,1445.97
2026-02-23,99579000,upbit_day_open,,95352000,1445.97
2026-02-24,95352000,upbit_day_open,,93807000,1442.62
2026-02-25,93807000,upbit_day_open,,97937000,1440.45
2026-02-26,97935000,upbit_day_open,,97449000,1427.12
2026-02-27,97450000,upbit_day_open,,96121000,1433.32
2026-02-28,96120000,upbit_day_open,,97626000,1439.82
2026-03-01,97626000,upbit_day_open,,95904000,1439.82
2026-03-02,95906000,upbit_day_open,,100520000,1439.82
2026-03-03,100578000,upbit_day_open,,100274000,1439.8
2026-03-04,100310000,upbit_day_open,,105374000,1485.6
2026-03-05,105374000,upbit_day_open,,103877000,1462.7
2026-03-06,103877000,upbit_day_open,,100763000,1483.36
2026-03-07,100821000,upbit_day_open,,99385000,1482.98
2026-03-08,99387000,upbit_day_open,,97845000,1482.98
2026-03-09,97845000,upbit_day_open,,100425000,1482.98
2026-03-10,100499000,upbit_day_open,,102417000,1478.15
2026-03-11,102417000,upbit_day_open,,102731000,1465.29
2026-03-12,102734000,upbit_day_open,,103248000,1474.94
2026-03-13,103247000,upbit_day_open,,104404000,1491.81
2026-03-14,104477000,upbit_day_open,,105131000,1498.88
2026-03-15,105199000,upbit_day_open,,106940000,1498.88
2026-03-16,106995000,upbit_day_open,,110058000,1498.88
2026-03-17,110062000,upbit_day_open,,109012000,1493.01
2026-03-18,109015000,upbit_day_open,,106000000,1488.68
2026-03-19,106000000,upbit_day_open,,104078000,1500.19
2026-03-20,104078000,upbit_day_open,,105314000,1495.88
2026-03-21,105399000,upbit_day_open,,103782000,1504.15
2026-03-22,103831000,upbit_day_open,,102021000,1504.15
2026-03-23,102021000,upbit_day_open,,105247000,1504.15
2026-03-24,105290000,upbit_day_open,,105149000,1492.07
2026-03-25,105149000,upbit_day_open,,106523000,1496.95
2026-03-26,106524000,upbit_day_open,,103849000,1500.32
2026-03-27,103959000,upbit_day_open,,101019000,1504.57
2026-03-28,101019000,upbit_day_open,,100895000,1509.86
2026-03-29,100892000,upbit_day_open,,100379000,1509.86
2026-03-30,100379000,upbit_day_open,,101468000,1509.86
2026-03-31,101468000,upbit_day_open,,103275000,1518.7
2026-04-01,103342000,upbit_day_open,,103129000,1523.5
2026-04-02,103129000,upbit_day_open,,101723000,1511.31
2026-04-03,101737000,upbit_day_open,,101648000,1509.54
2026-04-04,101648000,upbit_day_open,,102147000,1510.17
2026-04-05,102131000,upbit_day_open,,104288000,1510.17
2026-04-06,104289000,upbit_day_open,,103923000,1510.17
2026-04-07,103964000,upbit_day_open,,107255000,1507.55
2026-04-08,107295000,upbit_day_open,,105862000,1501.86
2026-04-09,105868000,upbit_day_open,,106628000,1477.1
2026-04-10,106695000,upbit_day_open,,108308000,1472.92
2026-04-11,108308000,upbit_day_open,,108567000,1483.9
2026-04-12,108567000,upbit_day_open,,105700000,1483.9
2026-04-13,105732000,upbit_day_open,,109806000,1483.9
2026-04-14,109804000,upbit_day_open,,109875000,1486.94
2026-04-15,109870000,upbit_day_open,,110456000,1471.51
2026-04-16,110455000,upbit_day_open,,110782000,1474.41
2026-04-17,110782000,upbit_day_open,,113773000,1478.19
2026-04-18,113741000,upbit_day_open,,112375000,1461.66
2026-04-19,112417000,upbit_day_open,,110020000,1461.66
2026-04-20,110040000,upbit_day_open,,112455000,1461.66
2026-04-21,112455000,upbit_day_open,,113049000,1470.31
2026-04-22,113049000,upbit_day_open,,115901000,1478.52
2026-04-23,115909000,upbit_day_open,,116429000,1480.61
2026-04-24,116430000,upbit_day_open,,115463000,1479.19
2026-04-25,115464000,upbit_day_open,,115696000,1476.47
2026-04-26,115696000,upbit_day_open,,116655000,1476.47
2026-04-27,116692000,upbit_day_open,,115338000,1476.47
2026-04-28,115304000,upbit_day_open,,113437000,1473.4
2026-04-29,113441000,upbit_day_open,,113406000,1472.37
2026-04-30,113394000,upbit_day_open,,113810000,1487.69
2026-05-01,113810000,upbit_day_open,,115947000,1477.93
2026-05-02,115999000,upbit_day_open,,116561000,1477.22
2026-05-03,116561000,upbit_day_open,,116590000,1477.22
2026-05-04,116590000,upbit_day_open,,118620000,1477.22
2026-05-05,118620000,upbit_day_open,,119724000,1476.01
2026-05-06,119742000,upbit_day_open,,119394000,1478.41
2026-05-07,119394000,upbit_day_open,,117896000,1447.01
2026-05-08,117896000,upbit_day_open,,118150000,1453.85
2026-05-09,118170000,upbit_day_open,,118954000,1461.06
2026-05-10,118992000,upbit_day_open,,120433000,1461.06
2026-05-11,120461000,upbit_day_open,,120095000,1461.06
2026-05-12,120095000,upbit_day_open,,119202000,1469.91
2026-05-13,119202000,upbit_day_open,,117854000,1490.32
2026-05-14,117854000,upbit_day_open,,119848000,1490.11
2026-05-15,119849000,upbit_day_open,,117780000,1491.75
2026-05-16,117783000,upbit_day_open,,116697000,1499.61
2026-05-17,116706000,upbit_day_open,,115494000,1499.61
2026-05-18,115494000,upbit_day_open,,114328000,1499.61
2026-05-19,114350000,upbit_day_open,,114473000,1494.67
2026-05-20,114473000,upbit_day_open,,114949000,1508.49
2026-05-21,114949000,upbit_day_open,,115159000,1498.77
2026-05-22,115159000,upbit_day_open,,113350000,1508.47
2026-05-23,113350000,upbit_day_open,,114869000,1517.33
2026-05-24,114869000,upbit_day_open,,115381000,1517.33
2026-05-25,115381000,upbit_day_open,,114891000,1517.33
2026-05-26,114935000,upbit_day_open,,112425000,1517.33
2026-05-27,112425000,upbit_day_open,,109549000,1506.75
2026-05-28,109549000,upbit_day_open,,108465000,1498.28
2026-05-29,108469000,upbit_day_open,,108790000,1495.94
2026-05-30,108790000,upbit_day_open,,109399000,1503.96
2026-05-31,109399000,upbit_day_open,,108445000,1503.96
2026-06-01,108445000,upbit_day_open,,104140000,1503.96
2026-06-02,104140000,upbit_day_open,,98760000,1511.71
2026-06-03,98760000,upbit_day_open,,95032000,1517.4
2026-06-04,95032000,upbit_day_open,,95506000,1518.03
2026-06-05,95506000,upbit_day_open,,93000000,1531.91
2026-06-06,93000000,upbit_day_open,,92560000,1555.96
2026-06-07,92560000,upbit_day_open,,95430000,1555.96
2026-06-08,95502000,upbit_day_open,,94730000,1555.96
2026-06-09,94735000,upbit_day_open,,92555000,1528.23
2026-06-10,92555000,upbit_day_open,,92601000,1529.94
2026-06-11,92560000,upbit_day_open,,95623000,1519.26
2026-06-12,95623000,upbit_day_open,,96029000,1530.97
2026-06-13,96029000,upbit_day_open,,97475000,1518.87
2026-06-14,97476000,upbit_day_open,,99190000,1518.87
2026-06-15,99200000,upbit_day_open,,99588000,1518.87
2026-06-16,99576000,upbit_day_open,,98645000,1514.87
2026-06-17,98624000,upbit_day_open,,97219000,1508.12
2026-06-18,97277000,upbit_day_open,,94988000,1514.24
2026-06-19,94988000,upbit_day_open,,96102000,1540.64
2026-06-20,96074000,upbit_day_open,,97291000,1540.64
2026-06-21,97261000,upbit_day_open,,95395000,1540.64
2026-06-22,95395000,upbit_day_open,,96640000,1540.64
2026-06-23,96640000,upbit_day_open,,94490000,1537.86
2026-06-24,94490000,upbit_day_open,,92583000,1532.43
2026-06-25,92583000,upbit_day_open,,90890000,1542.53
2026-06-26,90899000,upbit_day_open,,91165000,1541.44
2026-06-27,91165000,upbit_day_open,,91144000,1533.44
2026-06-28,91130000,upbit_day_open,,90224000,1533.44
2026-06-29,90240000,upbit_day_open,,91106000,1533.44
2026-06-30,91135000,upbit_day_open,,89290000,1542.07
2026-07-01,89348000,upbit_day_open,,91116000,1548.78
2026-07-02,91163000,upbit_day_open,,92950000,1550.59
2026-07-03,92950000,upbit_day_open,,94387000,1538.05
2026-07-04,94392000,upbit_day_open,,95242000,1538.05
2026-07-05,95265000,upbit_day_open,,95672000,1538.05
2026-07-06,95673000,upbit_day_open,,96040000,1538.05
2026-07-07,96110000,upbit_day_open,,94922000,1530.98
2026-07-08,94950000,upbit_day_open,,92917000,1514.43
2026-07-09,92917000,upbit_day_open,,94317000,1511.17
2026-07-10,94317000,upbit_day_open,,95718000,1508.76
2026-07-11,95718000,upbit_day_open,,95226000,1501.06
2026-07-12,95266000,upbit_day_open,,95003000,1501.06
2026-07-13,95087000,upbit_day_open,,92347000,1501.06
2026-07-14,92347000,upbit_day_open,,95464000,1492.63
2026-07-15,95436000,upbit_day_open,,95130000,1490.26
2026-07-16,95159000,upbit_day_open,,93949000,1488.39
2026-07-17,93949000,upbit_day_open,,94300000,1478.2
2026-07-18,94300000,upbit_day_open,,95485000,1489.44
2026-07-19,95495000,upbit_day_open,,95073000,1489.44
2026-07-20,95073000,upbit_day_open,,95250000,1489.44
2026-07-21,95250000,upbit_day_open,,97200000,1478.31
2026-07-22,97219000,upbit_day_open,,96557000,1479.77
2026-07-23,96558000,upbit_day_open,,95351000,1476.63
2026-07-24,95365000,upbit_day_open,,94019000,1474.88
2026-07-25,94019000,upbit_day_open,,94224000,1460.76
2026-07-26,94226000,upbit_day_open,,95068000,1460.76
2026-07-27,95016000,upbit_day_open,,93147000,1460.76
2026-07-28,93147000,upbit_day_open,,92680000,1467.54
2026-07-29,92680000,upbit_day_open,,91424000,1453.26
2026-07-30,91374000,upbit_day_open,,91620000,1446.32
2026-07-31,91565000,upbit_day_open,,90360000,1424.05
2026-08-01,90363000,upbit_day_open,,90557000,1436.81
2026-08-02,90557000,upbit_day_open,,90890000,1436.81
2026-08-03,90938000,upbit_day_open,,90380000,1436.81
2026-08-04,90380000,upbit_day_open,,91274000,1430.49
2026-08-05,91238000,upbit_day_open,,91729000,1427.48
2026-08-06,91729000,upbit_day_open,,91247000,1424
2026-08-07,91248000,upbit_day_open,,91338000,1423.61
2026-08-08,91338000,upbit_day_open,,91351000,1409.94
2026-08-09,91390000,upbit_day_open,,91130000,1409.94
2026-08-10,91116000,upbit_day_open,,90322000,1409.94
2026-08-11,90349000,upbit_day_open,,89639000,1417.54
2026-08-12,89672000,upbit_day_open,,89642000,1412.93
2026-08-13,89642000,upbit_day_open,,89554000,1416.3
2026-08-14,89580000,upbit_day_open,,89120000,1418
2026-08-15,89141000,upbit_day_open,,89246000,1414.29
2026-08-16,89266000,upbit_day_open,,89168000,1414.29
2026-08-17,89197000,upbit_day_open,,90959000,1414.29
2026-08-18,90959000,upbit_day_open,,90933000,1412.8
2026-08-19,90906000,upbit_day_open,,95347000,1411.6
2026-08-20,95347000,upbit_day_open,,100591000,1388.39
2026-08-21,100591000,upbit_day_open,,107503000,1393.35
2026-08-22,107449000,upbit_day_open,,105580000,1385.01
2026-08-23,105581000,upbit_day_open,,106736000,1385.01
2026-08-24,106735000,upbit_day_open,,108653000,1385.01
2026-08-25,108653000,upbit_day_open,,109165000,1383.15
2026-08-26,109165000,upbit_day_open,,109830000,1383.63
2026-08-27,109830000,upbit_day_open,,111004000,1386.17
2026-08-28,111004000,upbit_day_open,,107744000,1381.25
2026-08-29,107771000,upbit_day_open,,108746000,1379.41
2026-08-30,108747000,upbit_day_open,,108031000,1379.41
2026-08-31,108025000,upbit_day_open,,108304000,1379.41
2026-09-01,108304000,upbit_day_open,,107005000,1368.25
2026-09-02,107005000,upbit_day_open,,106400000,1371.76
2026-09-03,106400000,upbit_day_open,,110926000,1358.85
2026-09-04,110937000,upbit_day_open,,109126000,1356.89
2026-09-05,109147000,upbit_day_open,,108998000,1346.51
2026-09-06,108954000,upbit_day_open,,109407000,1346.51
2026-09-07,109407000,upbit_day_open,,107714000,1346.51
2026-09-08,107765000,upbit_day_open,,106367000,1346.51
2026-09-09,106367000,upbit_day_open,,106402000,1341.22
2026-09-10,106402000,upbit_day_open,,104712000,1339.81
2026-09-11,104721000,upbit_day_open,,105188000,1345.63
2026-09-12,105217000,upbit_day_open,,105083000,1340.3
2026-09-13,105085000,upbit_day_open,,104523000,1340.3
2026-09-14,104564000,upbit_day_open,,105685000,1340.3
2026-09-15,105654000,upbit_day_open,,102989000,1346.6
2026-09-16,102993000,upbit_day_open,,104852000,1361.84
2026-09-17,104852000,upbit_day_open,,105396000,1367.65
2026-09-18,105404000,upbit_day_open,,110641000,1380.46
2026-09-19,110663000,upbit_day_open,,110917000,1387.97
2026-09-20,110919000,upbit_day_open,,111156000,1386.04
2026-09-21,111162000,upbit_day_open,,117123000,1383.84
2026-09-22,117127000,upbit_day_open,,115650000,1358.9
2026-09-23,115650000,upbit_day_open,,115908000,1353.7
2026-09-24,115909000,upbit_day_open,,115122000,1371.62
2026-09-25,115123000,upbit_day_open,,113657000,1359.43
