ts_utc_seconds,funding_rate_per_8h,source
1465070400,0.00024966667,bitmex_XBTUSD
1465099200,0.00024233333,bitmex_XBTUSD
1465128000,0.00023733333,bitmex_XBTUSD
1465156800,0.00023433333,bitmex_XBTUSD
1465185600,0.000229,bitmex_XBTUSD
1465214400,0.00024033333,bitmex_XBTUSD
1465243200,0.00024666667,bitmex_XBTUSD
1465272000,0.00020366667,bitmex_XBTUSD
1465300800,0.00021133333,bitmex_XBTUSD
1465329600,0.00020366667,bitmex_XBTUSD
1465358400,0.00018766667,bitmex_XBTUSD
1465387200,0.00017066667,bitmex_XBTUSD
1465416000,0.00017166667,bitmex_XBTUSD
1465444800,0.00016166667,bitmex_XBTUSD
1465473600,0.00018366667,bitmex_XBTUSD
1465502400,0.00017,bitmex_XBTUSD
1465531200,0.000145,bitmex_XBTUSD
1465560000,0.000142,bitmex_XBTUSD
1465588800,0.000169,bitmex_XBTUSD
1465617600,0.00044233333,bitmex_XBTUSD
1465646400,0.00016366667,bitmex_XBTUSD
1465675200,0.00017833333,bitmex_XBTUSD
1465704000,0.000168,bitmex_XBTUSD
1465732800,0.000547,bitmex_XBTUSD
1465761600,0.004297,bitmex_XBTUSD
1465790400,0.008047,bitmex_XBTUSD
1465819200,0.01125,bitmex_XBTUSD
1465848000,0.007787,bitmex_XBTUSD
1465876800,0.01125,bitmex_XBTUSD
1465905600,0.008049,bitmex_XBTUSD
1465934400,0.004299,bitmex_XBTUSD
1465963200,0.000549,bitmex_XBTUSD
1465992000,0.001374,bitmex_XBTUSD
1466020800,0.001041,bitmex_XBTUSD
1466049600,0.000704,bitmex_XBTUSD
1466078400,0.004454,bitmex_XBTUSD
1466107200,0.008204,bitmex_XBTUSD
1466136000,0.009534,bitmex_XBTUSD
1466164800,0.01125,bitmex_XBTUSD
1466193600,0.0075,bitmex_XBTUSD
1466222400,0.00713,bitmex_XBTUSD
1466251200,0.00606,bitmex_XBTUSD
1466280000,0.00284,bitmex_XBTUSD
1466308800,0.0013,bitmex_XBTUSD
1466337600,-0.000117,bitmex_XBTUSD
1466366400,0.003354,bitmex_XBTUSD
1466395200,0.00177,bitmex_XBTUSD
1466424000,0.001834,bitmex_XBTUSD
1466452800,0.00207,bitmex_XBTUSD
1466481600,-0.000337,bitmex_XBTUSD
1466510400,-0.001974,bitmex_XBTUSD
1466539200,0.000488,bitmex_XBTUSD
1466568000,-0.000681,bitmex_XBTUSD
1466596800,0.003069,bitmex_XBTUSD
1466625600,0.002513,bitmex_XBTUSD
1466654400,-0.001237,bitmex_XBTUSD
1466683200,0.001946,bitmex_XBTUSD
1466712000,0.005192,bitmex_XBTUSD
1466740800,0.001442,bitmex_XBTUSD
1466769600,-0.002308,bitmex_XBTUSD
1466798400,-0.000763,bitmex_XBTUSD
1466827200,-2e-06,bitmex_XBTUSD
1466856000,0.001289,bitmex_XBTUSD
1466884800,0.002666,bitmex_XBTUSD
1466913600,0.001083,bitmex_XBTUSD
1466942400,0.000261,bitmex_XBTUSD
1466971200,-9.3e-05,bitmex_XBTUSD
1467000000,-4.3e-05,bitmex_XBTUSD
1467028800,0.000287,bitmex_XBTUSD
1467057600,0.001166,bitmex_XBTUSD
1467086400,0.000448,bitmex_XBTUSD
1467115200,0.00022,bitmex_XBTUSD
1467144000,0.000211,bitmex_XBTUSD
1467172800,0.000202,bitmex_XBTUSD
1467201600,-0.000105,bitmex_XBTUSD
1467230400,0.000191,bitmex_XBTUSD
1467259200,0.001416,bitmex_XBTUSD
1467288000,0.002604,bitmex_XBTUSD
1467316800,0.001988,bitmex_XBTUSD
1467345600,0.00309,bitmex_XBTUSD
1467374400,0.003111,bitmex_XBTUSD
1467403200,0.000217,bitmex_XBTUSD
1467432000,0.000205,bitmex_XBTUSD
1467460800,0.000765,bitmex_XBTUSD
1467489600,0.001705,bitmex_XBTUSD
1467518400,0.001394,bitmex_XBTUSD
1467547200,0.000623,bitmex_XBTUSD
1467576000,0.000207,bitmex_XBTUSD
1467604800,0.000204,bitmex_XBTUSD
1467633600,-0.000139,bitmex_XBTUSD
1467662400,-9.2e-05,bitmex_XBTUSD
1467691200,0.000208,bitmex_XBTUSD
1467720000,-0.00132,bitmex_XBTUSD
1467748800,-0.000722,bitmex_XBTUSD
1467777600,-0.001257,bitmex_XBTUSD
1467806400,-0.001004,bitmex_XBTUSD
1467835200,0.000593,bitmex_XBTUSD
1467864000,0.001098,bitmex_XBTUSD
1467892800,0.001506,bitmex_XBTUSD
1467921600,0.000156,bitmex_XBTUSD
1467950400,-0.001269,bitmex_XBTUSD
1467979200,-0.002353,bitmex_XBTUSD
1468008000,-0.001726,bitmex_XBTUSD
1468036800,-0.000864,bitmex_XBTUSD
1468065600,-0.001431,bitmex_XBTUSD
1468094400,-0.001237,bitmex_XBTUSD
1468123200,-0.000622,bitmex_XBTUSD
1468152000,-0.000253,bitmex_XBTUSD
1468180800,-0.000754,bitmex_XBTUSD
1468209600,9.6e-05,bitmex_XBTUSD
1468238400,0.000135,bitmex_XBTUSD
1468267200,-0.000576,bitmex_XBTUSD
1468296000,-0.000786,bitmex_XBTUSD
1468324800,-0.000247,bitmex_XBTUSD
1468353600,0.000126,bitmex_XBTUSD
1468382400,0.000136,bitmex_XBTUSD
1468411200,0.000772,bitmex_XBTUSD
1468440000,0.000139,bitmex_XBTUSD
1468468800,0.00013,bitmex_XBTUSD
1468497600,-0.0007,bitmex_XBTUSD
1468526400,-0.000554,bitmex_XBTUSD
1468555200,1.5e-05,bitmex_XBTUSD
1468584000,0.000121,bitmex_XBTUSD
1468612800,0.000125,bitmex_XBTUSD
1468641600,-0.000803,bitmex_XBTUSD
1468670400,-0.000573,bitmex_XBTUSD
1468699200,0.000122,bitmex_XBTUSD
1468728000,-0.001387,bitmex_XBTUSD
1468756800,-0.001602,bitmex_XBTUSD
1468785600,0.000168,bitmex_XBTUSD
1468814400,0.000819,bitmex_XBTUSD
1468843200,0.001208,bitmex_XBTUSD
1468872000,0.001257,bitmex_XBTUSD
1468900800,0.001456,bitmex_XBTUSD
1468929600,0.000377,bitmex_XBTUSD
1468958400,0.000129,bitmex_XBTUSD
1468987200,0.000176,bitmex_XBTUSD
1469016000,0.000127,bitmex_XBTUSD
1469044800,0.000853,bitmex_XBTUSD
1469073600,0.000121,bitmex_XBTUSD
1469102400,-0.000543,bitmex_XBTUSD
1469131200,0.000131,bitmex_XBTUSD
1469160000,0.000269,bitmex_XBTUSD
1469188800,0.000128,bitmex_XBTUSD
1469217600,0.000126,bitmex_XBTUSD
1469246400,-0.000276,bitmex_XBTUSD
1469275200,-0.000394,bitmex_XBTUSD
1469304000,0.000682,bitmex_XBTUSD
1469332800,0.000537,bitmex_XBTUSD
1469361600,0.000116,bitmex_XBTUSD
1469390400,0.000122,bitmex_XBTUSD
1469419200,0.000122,bitmex_XBTUSD
1469448000,0.000123,bitmex_XBTUSD
1469476800,-0.000494,bitmex_XBTUSD
1469505600,-0.000466,bitmex_XBTUSD
1469534400,3.2e-05,bitmex_XBTUSD
1469563200,0.000118,bitmex_XBTUSD
1469592000,0.000112,bitmex_XBTUSD
1469620800,-5.9e-05,bitmex_XBTUSD
1469649600,-0.000507,bitmex_XBTUSD
1469678400,5.2e-05,bitmex_XBTUSD
1469707200,0.000931,bitmex_XBTUSD
1469736000,0.001155,bitmex_XBTUSD
1469764800,8.1e-05,bitmex_XBTUSD
1469793600,-0.000565,bitmex_XBTUSD
1469822400,2e-05,bitmex_XBTUSD
1469851200,8.3e-05,bitmex_XBTUSD
1469880000,8.2e-05,bitmex_XBTUSD
1469908800,5.1e-05,bitmex_XBTUSD
1469937600,-0.000205,bitmex_XBTUSD
1469966400,-0.000315,bitmex_XBTUSD
1469995200,-0.001254,bitmex_XBTUSD
1470024000,-0.000235,bitmex_XBTUSD
1470052800,-0.001021,bitmex_XBTUSD
1470081600,-0.001146,bitmex_XBTUSD
1470110400,-0.001155,bitmex_XBTUSD
1470139200,-0.001121,bitmex_XBTUSD
1470168000,-0.000649,bitmex_XBTUSD
1470196800,-0.003071,bitmex_XBTUSD
1470225600,-0.006821,bitmex_XBTUSD
1470254400,-0.006473,bitmex_XBTUSD
1470283200,-0.005813,bitmex_XBTUSD
1470312000,-0.002411,bitmex_XBTUSD
1470340800,-0.002101,bitmex_XBTUSD
1470369600,-0.004203,bitmex_XBTUSD
1470398400,-0.001655,bitmex_XBTUSD
1470427200,-0.001555,bitmex_XBTUSD
1470456000,-0.002718,bitmex_XBTUSD
1470484800,-0.002256,bitmex_XBTUSD
1470513600,-0.003371,bitmex_XBTUSD
1470542400,0.000379,bitmex_XBTUSD
1470571200,-0.000257,bitmex_XBTUSD
1470600000,-0.00094,bitmex_XBTUSD
1470628800,-0.000914,bitmex_XBTUSD
1470657600,-0.000779,bitmex_XBTUSD
1470686400,0.000239,bitmex_XBTUSD
1470715200,3.7e-05,bitmex_XBTUSD
1470744000,-0.000386,bitmex_XBTUSD
1470772800,7.8e-05,bitmex_XBTUSD
1470801600,0.000736,bitmex_XBTUSD
1470830400,0.000173,bitmex_XBTUSD
1470859200,0.000938,bitmex_XBTUSD
1470888000,0.000644,bitmex_XBTUSD
1470916800,-0.000956,bitmex_XBTUSD
1470945600,7.8e-05,bitmex_XBTUSD
1470974400,7.8e-05,bitmex_XBTUSD
1471003200,7.8e-05,bitmex_XBTUSD
1471032000,-0.00039,bitmex_XBTUSD
1471060800,-0.000389,bitmex_XBTUSD
1471089600,0.000296,bitmex_XBTUSD
1471118400,-8.7e-05,bitmex_XBTUSD
1471147200,-0.000167,bitmex_XBTUSD
1471176000,-0.000188,bitmex_XBTUSD
1471204800,-0.00026,bitmex_XBTUSD
1471233600,-0.001202,bitmex_XBTUSD
1471262400,-0.001919,bitmex_XBTUSD
1471291200,-0.002166,bitmex_XBTUSD
1471320000,-0.000663,bitmex_XBTUSD
1471348800,-0.000325,bitmex_XBTUSD
1471377600,-0.000128,bitmex_XBTUSD
1471406400,-0.000126,bitmex_XBTUSD
1471435200,-0.000753,bitmex_XBTUSD
1471464000,-0.000624,bitmex_XBTUSD
1471492800,-0.000172,bitmex_XBTUSD
1471521600,0.000757,bitmex_XBTUSD
1471550400,0.001583,bitmex_XBTUSD
1471579200,0.001661,bitmex_XBTUSD
1471608000,0.000731,bitmex_XBTUSD
1471636800,-0.000214,bitmex_XBTUSD
1471665600,-0.000211,bitmex_XBTUSD
1471694400,-0.000204,bitmex_XBTUSD
1471723200,0.000776,bitmex_XBTUSD
1471752000,0.001231,bitmex_XBTUSD
1471780800,0.00049,bitmex_XBTUSD
1471809600,-0.000198,bitmex_XBTUSD
1471838400,-0.000196,bitmex_XBTUSD
1471867200,-0.000217,bitmex_XBTUSD
1471896000,0.000101,bitmex_XBTUSD
1471924800,0.001095,bitmex_XBTUSD
1471953600,0.000731,bitmex_XBTUSD
1471982400,-0.000127,bitmex_XBTUSD
1472011200,-0.000165,bitmex_XBTUSD
1472040000,-0.000142,bitmex_XBTUSD
1472068800,0.002761,bitmex_XBTUSD
1472097600,0.00028,bitmex_XBTUSD
1472126400,-0.001344,bitmex_XBTUSD
1472155200,-0.000376,bitmex_XBTUSD
1472184000,0.000668,bitmex_XBTUSD
1472212800,0.001204,bitmex_XBTUSD
1472241600,0.001259,bitmex_XBTUSD
1472270400,0.000335,bitmex_XBTUSD
1472299200,-0.000185,bitmex_XBTUSD
1472328000,-0.000198,bitmex_XBTUSD
1472356800,-0.000116,bitmex_XBTUSD
1472385600,0.000193,bitmex_XBTUSD
1472414400,-0.000401,bitmex_XBTUSD
1472443200,-0.000306,bitmex_XBTUSD
1472472000,-3e-06,bitmex_XBTUSD
1472500800,0.000733,bitmex_XBTUSD
1472529600,-0.000202,bitmex_XBTUSD
1472558400,-0.000234,bitmex_XBTUSD
1472587200,-0.000272,bitmex_XBTUSD
1472616000,7.8e-05,bitmex_XBTUSD
1472644800,0.000748,bitmex_XBTUSD
1472673600,0.001136,bitmex_XBTUSD
1472702400,0.002567,bitmex_XBTUSD
1472731200,0.003108,bitmex_XBTUSD
1472760000,0.001602,bitmex_XBTUSD
1472788800,6.7e-05,bitmex_XBTUSD
1472817600,-0.000701,bitmex_XBTUSD
1472846400,-0.000924,bitmex_XBTUSD
1472875200,-0.000202,bitmex_XBTUSD
1472904000,0.001066,bitmex_XBTUSD
1472932800,-5e-05,bitmex_XBTUSD
1472961600,-3.1e-05,bitmex_XBTUSD
1472990400,5.1e-05,bitmex_XBTUSD
1473019200,0.001067,bitmex_XBTUSD
1473048000,0.002951,bitmex_XBTUSD
1473076800,0.003223,bitmex_XBTUSD
1473105600,0.000859,bitmex_XBTUSD
1473134400,0.000726,bitmex_XBTUSD
1473163200,0.0009,bitmex_XBTUSD
1473192000,0.000848,bitmex_XBTUSD
1473220800,0.001796,bitmex_XBTUSD
1473249600,0.001444,bitmex_XBTUSD
1473278400,0.001168,bitmex_XBTUSD
1473307200,9.1e-05,bitmex_XBTUSD
1473336000,-0.001844,bitmex_XBTUSD
1473364800,0.000249,bitmex_XBTUSD
1473393600,0.001469,bitmex_XBTUSD
1473422400,0.002872,bitmex_XBTUSD
1473451200,0.003484,bitmex_XBTUSD
1473480000,0.000515,bitmex_XBTUSD
1473508800,0.000659,bitmex_XBTUSD
1473537600,0.000912,bitmex_XBTUSD
1473566400,0.001778,bitmex_XBTUSD
1473595200,0.001514,bitmex_XBTUSD
1473624000,0.001194,bitmex_XBTUSD
1473652800,0.001351,bitmex_XBTUSD
1473681600,-0.000162,bitmex_XBTUSD
1473710400,-0.000634,bitmex_XBTUSD
1473739200,-0.000321,bitmex_XBTUSD
1473768000,9.2e-05,bitmex_XBTUSD
1473796800,0.000146,bitmex_XBTUSD
1473825600,-7.8e-05,bitmex_XBTUSD
1473854400,-0.0005,bitmex_XBTUSD
1473883200,-0.000556,bitmex_XBTUSD
1473912000,-0.000461,bitmex_XBTUSD
1473940800,-0.000383,bitmex_XBTUSD
1473969600,-0.000279,bitmex_XBTUSD
1473998400,-2.9e-05,bitmex_XBTUSD
1474027200,-7.7e-05,bitmex_XBTUSD
1474056000,-4.9e-05,bitmex_XBTUSD
1474084800,-1.1e-05,bitmex_XBTUSD
1474113600,-7e-06,bitmex_XBTUSD
1474142400,-6e-06,bitmex_XBTUSD
1474171200,-0.000141,bitmex_XBTUSD
1474200000,-4e-06,bitmex_XBTUSD
1474228800,-1e-06,bitmex_XBTUSD
1474257600,-1e-06,bitmex_XBTUSD
1474286400,3e-05,bitmex_XBTUSD
1474315200,0.000823,bitmex_XBTUSD
1474344000,0.000313,bitmex_XBTUSD
1474372800,-0.00073,bitmex_XBTUSD
1474401600,0.000276,bitmex_XBTUSD
1474430400,5.9e-05,bitmex_XBTUSD
1474459200,-0.000759,bitmex_XBTUSD
1474488000,-0.000622,bitmex_XBTUSD
1474516800,-0.00098,bitmex_XBTUSD
1474545600,-0.001097,bitmex_XBTUSD
1474574400,-0.000694,bitmex_XBTUSD
1474603200,-0.000528,bitmex_XBTUSD
1474632000,-0.000456,bitmex_XBTUSD
1474660800,0.000334,bitmex_XBTUSD
1474689600,0.001492,bitmex_XBTUSD
1474718400,9e-05,bitmex_XBTUSD
1474747200,0.000116,bitmex_XBTUSD
1474776000,9.3e-05,bitmex_XBTUSD
1474804800,9.2e-05,bitmex_XBTUSD
1474833600,9.1e-05,bitmex_XBTUSD
1474862400,9.1e-05,bitmex_XBTUSD
1474891200,0.000184,bitmex_XBTUSD
1474920000,0.000667,bitmex_XBTUSD
1474948800,0.000965,bitmex_XBTUSD
1474977600,0.00111,bitmex_XBTUSD
1475006400,0.001394,bitmex_XBTUSD
1475035200,0.001255,bitmex_XBTUSD
1475064000,0.00031,bitmex_XBTUSD
1475092800,8.3e-05,bitmex_XBTUSD
1475121600,8.6e-05,bitmex_XBTUSD
1475150400,8.6e-05,bitmex_XBTUSD
1475179200,0.00043,bitmex_XBTUSD
1475208000,0.000384,bitmex_XBTUSD
1475236800,0.000319,bitmex_XBTUSD
1475265600,0.000677,bitmex_XBTUSD
1475294400,9e-05,bitmex_XBTUSD
1475323200,0.001461,bitmex_XBTUSD
1475352000,0.002602,bitmex_XBTUSD
1475380800,0.002425,bitmex_XBTUSD
1475409600,0.000687,bitmex_XBTUSD
1475438400,8.8e-05,bitmex_XBTUSD
1475467200,-0.000868,bitmex_XBTUSD
1475496000,8.4e-05,bitmex_XBTUSD
1475524800,0.000456,bitmex_XBTUSD
1475553600,0.00023,bitmex_XBTUSD
1475582400,8.1e-05,bitmex_XBTUSD
1475611200,7.9e-05,bitmex_XBTUSD
1475640000,7.8e-05,bitmex_XBTUSD
1475668800,7.8e-05,bitmex_XBTUSD
1475697600,0.000537,bitmex_XBTUSD
1475726400,0.00036,bitmex_XBTUSD
1475755200,7.6e-05,bitmex_XBTUSD
1475784000,7.3e-05,bitmex_XBTUSD
1475812800,7.3e-05,bitmex_XBTUSD
1475841600,6.8e-05,bitmex_XBTUSD
1475870400,0.000778,bitmex_XBTUSD
1475899200,6.5e-05,bitmex_XBTUSD
1475928000,6e-05,bitmex_XBTUSD
1475956800,0.000668,bitmex_XBTUSD
1475985600,0.000442,bitmex_XBTUSD
1476014400,0.000429,bitmex_XBTUSD
1476043200,6e-05,bitmex_XBTUSD
1476072000,6.6e-05,bitmex_XBTUSD
1476100800,0.000628,bitmex_XBTUSD
1476129600,0.002495,bitmex_XBTUSD
1476158400,0.001333,bitmex_XBTUSD
1476187200,0.000842,bitmex_XBTUSD
1476216000,4.1e-05,bitmex_XBTUSD
1476244800,0.001375,bitmex_XBTUSD
1476273600,0.001567,bitmex_XBTUSD
1476302400,0.000909,bitmex_XBTUSD
1476331200,5.5e-05,bitmex_XBTUSD
1476360000,-0.001502,bitmex_XBTUSD
1476388800,6.7e-05,bitmex_XBTUSD
1476417600,6.9e-05,bitmex_XBTUSD
1476446400,0.000159,bitmex_XBTUSD
1476475200,0.000433,bitmex_XBTUSD
1476504000,0.000712,bitmex_XBTUSD
1476532800,0.000753,bitmex_XBTUSD
1476561600,0.00172,bitmex_XBTUSD
1476590400,0.00075,bitmex_XBTUSD
1476619200,-0.000564,bitmex_XBTUSD
1476648000,-0.000168,bitmex_XBTUSD
1476676800,5.4e-05,bitmex_XBTUSD
1476705600,0.000467,bitmex_XBTUSD
1476734400,0.000126,bitmex_XBTUSD
1476763200,5.4e-05,bitmex_XBTUSD
1476792000,-0.000844,bitmex_XBTUSD
1476820800,-7.7e-05,bitmex_XBTUSD
1476849600,7.1e-05,bitmex_XBTUSD
1476878400,7.3e-05,bitmex_XBTUSD
1476907200,7.2e-05,bitmex_XBTUSD
1476936000,-0.000582,bitmex_XBTUSD
1476964800,-0.001526,bitmex_XBTUSD
1476993600,-0.0007,bitmex_XBTUSD
1477022400,-1.4e-05,bitmex_XBTUSD
1477051200,7.2e-05,bitmex_XBTUSD
1477080000,7.3e-05,bitmex_XBTUSD
1477108800,3.7e-05,bitmex_XBTUSD
1477137600,7.2e-05,bitmex_XBTUSD
1477166400,7.2e-05,bitmex_XBTUSD
1477195200,0.003251,bitmex_XBTUSD
1477224000,0.00375,bitmex_XBTUSD
1477252800,0.002458,bitmex_XBTUSD
1477281600,0.00375,bitmex_XBTUSD
1477310400,0.00375,bitmex_XBTUSD
1477339200,0.00375,bitmex_XBTUSD
1477368000,0.002356,bitmex_XBTUSD
1477396800,0.001393,bitmex_XBTUSD
1477425600,0.000763,bitmex_XBTUSD
1477454400,0.001436,bitmex_XBTUSD
1477483200,0.001236,bitmex_XBTUSD
1477512000,0.001371,bitmex_XBTUSD
1477540800,0.000774,bitmex_XBTUSD
1477569600,0.001228,bitmex_XBTUSD
1477598400,0.00015,bitmex_XBTUSD
1477627200,0.000399,bitmex_XBTUSD
1477656000,0.001096,bitmex_XBTUSD
1477684800,0.000335,bitmex_XBTUSD
1477713600,0.000825,bitmex_XBTUSD
1477742400,0.001719,bitmex_XBTUSD
1477771200,0.002944,bitmex_XBTUSD
1477800000,0.001713,bitmex_XBTUSD
1477828800,0.000387,bitmex_XBTUSD
1477857600,9e-05,bitmex_XBTUSD
1477886400,-0.000259,bitmex_XBTUSD
1477915200,9.1e-05,bitmex_XBTUSD
1477944000,0.000742,bitmex_XBTUSD
1477972800,9.2e-05,bitmex_XBTUSD
1478001600,0.000496,bitmex_XBTUSD
1478030400,0.00375,bitmex_XBTUSD
1478059200,0.00375,bitmex_XBTUSD
1478088000,0.00375,bitmex_XBTUSD
1478116800,0.00375,bitmex_XBTUSD
1478145600,0.000983,bitmex_XBTUSD
1478174400,0.00375,bitmex_XBTUSD
1478203200,0.002656,bitmex_XBTUSD
1478232000,0.000484,bitmex_XBTUSD
1478260800,0.000235,bitmex_XBTUSD
1478289600,0.000247,bitmex_XBTUSD
1478318400,0.000154,bitmex_XBTUSD
1478347200,-0.000128,bitmex_XBTUSD
1478376000,0.000101,bitmex_XBTUSD
1478404800,0.000114,bitmex_XBTUSD
1478433600,0.000715,bitmex_XBTUSD
1478462400,0.002335,bitmex_XBTUSD
1478491200,-0.001065,bitmex_XBTUSD
1478520000,-0.000117,bitmex_XBTUSD
1478548800,0.000747,bitmex_XBTUSD
1478577600,0.000107,bitmex_XBTUSD
1478606400,-0.000664,bitmex_XBTUSD
1478635200,-0.000633,bitmex_XBTUSD
1478664000,0.0001,bitmex_XBTUSD
1478692800,0.000926,bitmex_XBTUSD
1478721600,0.001334,bitmex_XBTUSD
1478750400,0.001626,bitmex_XBTUSD
1478779200,0.001522,bitmex_XBTUSD
1478808000,0.000834,bitmex_XBTUSD
1478836800,0.001213,bitmex_XBTUSD
1478865600,0.001666,bitmex_XBTUSD
1478894400,0.001202,bitmex_XBTUSD
1478923200,0.000162,bitmex_XBTUSD
1478952000,0.000175,bitmex_XBTUSD
1478980800,0.000139,bitmex_XBTUSD
1479009600,0.000113,bitmex_XBTUSD
1479038400,0.00011,bitmex_XBTUSD
1479067200,0.00011,bitmex_XBTUSD
1479096000,0.00011,bitmex_XBTUSD
1479124800,0.000111,bitmex_XBTUSD
1479153600,0.000111,bitmex_XBTUSD
1479182400,0.000331,bitmex_XBTUSD
1479211200,0.000205,bitmex_XBTUSD
1479240000,0.000281,bitmex_XBTUSD
1479268800,0.000141,bitmex_XBTUSD
1479297600,0.000259,bitmex_XBTUSD
1479326400,0.000264,bitmex_XBTUSD
1479355200,0.00375,bitmex_XBTUSD
1479384000,0.00375,bitmex_XBTUSD
1479412800,0.00314,bitmex_XBTUSD
1479441600,0.001242,bitmex_XBTUSD
1479470400,0.001496,bitmex_XBTUSD
1479499200,0.001417,bitmex_XBTUSD
1479528000,0.000767,bitmex_XBTUSD
1479556800,0.002356,bitmex_XBTUSD
1479585600,0.000294,bitmex_XBTUSD
1479614400,-6e-05,bitmex_XBTUSD
1479643200,0.00026,bitmex_XBTUSD
1479672000,0.00027,bitmex_XBTUSD
1479700800,5e-06,bitmex_XBTUSD
1479729600,-0.000267,bitmex_XBTUSD
1479758400,0.000273,bitmex_XBTUSD
1479787200,-0.000106,bitmex_XBTUSD
1479816000,-0.000243,bitmex_XBTUSD
1479844800,0.000291,bitmex_XBTUSD
1479873600,0.000229,bitmex_XBTUSD
1479902400,0.001307,bitmex_XBTUSD
1479931200,0.00114,bitmex_XBTUSD
1479960000,0.000302,bitmex_XBTUSD
1479988800,0.000306,bitmex_XBTUSD
1480017600,0.00031,bitmex_XBTUSD
1480046400,-0.001222,bitmex_XBTUSD
1480075200,0.000346,bitmex_XBTUSD
1480104000,0.000375,bitmex_XBTUSD
1480132800,-0.001321,bitmex_XBTUSD
1480161600,-0.000404,bitmex_XBTUSD
1480190400,0.00041,bitmex_XBTUSD
1480219200,0.000464,bitmex_XBTUSD
1480248000,3.7e-05,bitmex_XBTUSD
1480276800,0.000265,bitmex_XBTUSD
1480305600,0.000274,bitmex_XBTUSD
1480334400,0.000256,bitmex_XBTUSD
1480363200,0.000299,bitmex_XBTUSD
1480392000,-0.000497,bitmex_XBTUSD
1480420800,-0.000237,bitmex_XBTUSD
1480449600,0.000316,bitmex_XBTUSD
1480478400,-0.000749,bitmex_XBTUSD
1480507200,-6.4e-05,bitmex_XBTUSD
1480536000,0.000357,bitmex_XBTUSD
1480564800,0.000321,bitmex_XBTUSD
1480593600,0.000313,bitmex_XBTUSD
1480622400,0.000362,bitmex_XBTUSD
1480651200,0.001303,bitmex_XBTUSD
1480680000,0.001023,bitmex_XBTUSD
1480708800,0.001222,bitmex_XBTUSD
1480737600,0.000554,bitmex_XBTUSD
1480766400,0.000899,bitmex_XBTUSD
1480795200,0.000349,bitmex_XBTUSD
1480824000,0.000332,bitmex_XBTUSD
1480852800,0.000352,bitmex_XBTUSD
1480881600,0.000785,bitmex_XBTUSD
1480910400,0.000997,bitmex_XBTUSD
1480939200,0.002658,bitmex_XBTUSD
1480968000,0.000869,bitmex_XBTUSD
1480996800,0.000284,bitmex_XBTUSD
1481025600,0.000706,bitmex_XBTUSD
1481054400,0.00021,bitmex_XBTUSD
1481083200,-0.001011,bitmex_XBTUSD
1481112000,6e-06,bitmex_XBTUSD
1481140800,0.00014,bitmex_XBTUSD
1481169600,-0.000255,bitmex_XBTUSD
1481198400,-0.000584,bitmex_XBTUSD
1481227200,-0.000364,bitmex_XBTUSD
1481256000,9.6e-05,bitmex_XBTUSD
1481284800,9.1e-05,bitmex_XBTUSD
1481313600,9.8e-05,bitmex_XBTUSD
1481342400,8.8e-05,bitmex_XBTUSD
1481371200,7.7e-05,bitmex_XBTUSD
1481400000,0.0003,bitmex_XBTUSD
1481428800,0.001261,bitmex_XBTUSD
1481457600,0.000191,bitmex_XBTUSD
1481486400,2.5e-05,bitmex_XBTUSD
1481515200,2.5e-05,bitmex_XBTUSD
1481544000,2.4e-05,bitmex_XBTUSD
1481572800,6e-06,bitmex_XBTUSD
1481601600,0.000159,bitmex_XBTUSD
1481630400,0.001098,bitmex_XBTUSD
1481659200,0.000688,bitmex_XBTUSD
1481688000,-0.000401,bitmex_XBTUSD
1481716800,-3.1e-05,bitmex_XBTUSD
1481745600,3.4e-05,bitmex_XBTUSD
1481774400,-0.000992,bitmex_XBTUSD
1481803200,7.7e-05,bitmex_XBTUSD
1481832000,0.000536,bitmex_XBTUSD
1481860800,0.000274,bitmex_XBTUSD
1481889600,0.001047,bitmex_XBTUSD
1481918400,0.001102,bitmex_XBTUSD
1481947200,0.000109,bitmex_XBTUSD
1481976000,0.000129,bitmex_XBTUSD
1482004800,0.000158,bitmex_XBTUSD
1482033600,0.000138,bitmex_XBTUSD
1482062400,0.00018,bitmex_XBTUSD
1482091200,0.000137,bitmex_XBTUSD
1482120000,-0.000593,bitmex_XBTUSD
1482148800,0.0001,bitmex_XBTUSD
1482177600,-1.3e-05,bitmex_XBTUSD
1482206400,6.2e-05,bitmex_XBTUSD
1482235200,0.000105,bitmex_XBTUSD
1482264000,-0.000312,bitmex_XBTUSD
1482292800,0.000139,bitmex_XBTUSD
1482321600,0.000636,bitmex_XBTUSD
1482350400,5.2e-05,bitmex_XBTUSD
1482379200,0.000491,bitmex_XBTUSD
1482408000,0.001698,bitmex_XBTUSD
1482436800,0.001735,bitmex_XBTUSD
1482465600,0.001295,bitmex_XBTUSD
1482494400,0.001265,bitmex_XBTUSD
1482523200,0.001353,bitmex_XBTUSD
1482552000,0.001264,bitmex_XBTUSD
1482580800,0.00375,bitmex_XBTUSD
1482609600,0.002148,bitmex_XBTUSD
1482638400,3e-05,bitmex_XBTUSD
1482667200,-0.001167,bitmex_XBTUSD
1482696000,0.000285,bitmex_XBTUSD
1482724800,0.000616,bitmex_XBTUSD
1482753600,0.002335,bitmex_XBTUSD
1482782400,0.001662,bitmex_XBTUSD
1482811200,0.001231,bitmex_XBTUSD
1482840000,0.001688,bitmex_XBTUSD
1482868800,0.002376,bitmex_XBTUSD
1482897600,0.00375,bitmex_XBTUSD
1482926400,0.003336,bitmex_XBTUSD
1482955200,0.000206,bitmex_XBTUSD
1482984000,-0.000283,bitmex_XBTUSD
1483012800,5.5e-05,bitmex_XBTUSD
1483041600,0.000107,bitmex_XBTUSD
1483070400,-0.001657,bitmex_XBTUSD
1483099200,0.001225,bitmex_XBTUSD
1483128000,0.000142,bitmex_XBTUSD
1483156800,0.00011,bitmex_XBTUSD
1483185600,-0.000971,bitmex_XBTUSD
1483214400,-0.000402,bitmex_XBTUSD
1483243200,0.001,bitmex_XBTUSD
1483272000,0.000982,bitmex_XBTUSD
1483300800,0.001365,bitmex_XBTUSD
1483329600,0.002787,bitmex_XBTUSD
1483358400,0.000829,bitmex_XBTUSD
1483387200,0.002059,bitmex_XBTUSD
1483416000,0.000295,bitmex_XBTUSD
1483444800,0.003163,bitmex_XBTUSD
1483473600,0.000598,bitmex_XBTUSD
1483502400,-0.000506,bitmex_XBTUSD
1483531200,0.000997,bitmex_XBTUSD
1483560000,0.00375,bitmex_XBTUSD
1483588800,0.00375,bitmex_XBTUSD
1483617600,0.00375,bitmex_XBTUSD
1483646400,0.00375,bitmex_XBTUSD
1483675200,0.000446,bitmex_XBTUSD
1483704000,-0.000111,bitmex_XBTUSD
1483732800,-0.001391,bitmex_XBTUSD
1483761600,-0.000916,bitmex_XBTUSD
1483790400,0.000305,bitmex_XBTUSD
1483819200,-0.00063,bitmex_XBTUSD
1483848000,0.00037,bitmex_XBTUSD
1483876800,0.000521,bitmex_XBTUSD
1483905600,-0.001217,bitmex_XBTUSD
1483934400,-0.000385,bitmex_XBTUSD
1483963200,-0.001023,bitmex_XBTUSD
1483992000,-0.000636,bitmex_XBTUSD
1484020800,0.000122,bitmex_XBTUSD
1484049600,0.000245,bitmex_XBTUSD
1484078400,0.000304,bitmex_XBTUSD
1484107200,-0.000552,bitmex_XBTUSD
1484136000,-0.000115,bitmex_XBTUSD
1484164800,-0.002108,bitmex_XBTUSD
1484193600,-0.00375,bitmex_XBTUSD
1484222400,-0.001178,bitmex_XBTUSD
1484251200,0.000114,bitmex_XBTUSD
1484280000,-0.000849,bitmex_XBTUSD
1484308800,-0.00375,bitmex_XBTUSD
1484337600,0,bitmex_XBTUSD
1484366400,0.000957,bitmex_XBTUSD
1484395200,0.000172,bitmex_XBTUSD
1484424000,0.000104,bitmex_XBTUSD
1484452800,0.000105,bitmex_XBTUSD
1484481600,-0.001917,bitmex_XBTUSD
1484510400,-0.002276,bitmex_XBTUSD
1484539200,-0.001081,bitmex_XBTUSD
1484568000,8.8e-05,bitmex_XBTUSD
1484596800,0.001728,bitmex_XBTUSD
1484625600,0.000369,bitmex_XBTUSD
1484654400,0.000141,bitmex_XBTUSD
1484683200,0.000184,bitmex_XBTUSD
1484712000,0.000116,bitmex_XBTUSD
1484740800,0.000319,bitmex_XBTUSD
1484769600,-0.000989,bitmex_XBTUSD
1484798400,-0.003045,bitmex_XBTUSD
1484827200,-0.001597,bitmex_XBTUSD
1484856000,0.000745,bitmex_XBTUSD
1484884800,7.2e-05,bitmex_XBTUSD
1484913600,-0.000267,bitmex_XBTUSD
1484942400,9e-05,bitmex_XBTUSD
1484971200,0.00066,bitmex_XBTUSD
1485000000,0.000981,bitmex_XBTUSD
1485028800,0.001098,bitmex_XBTUSD
1485057600,0.001428,bitmex_XBTUSD
1485086400,0.001689,bitmex_XBTUSD
1485115200,-0.000456,bitmex_XBTUSD
1485144000,-0.001139,bitmex_XBTUSD
1485172800,-0.001026,bitmex_XBTUSD
1485201600,-0.001402,bitmex_XBTUSD
1485230400,-0.000385,bitmex_XBTUSD
1485259200,-0.002586,bitmex_XBTUSD
1485288000,-0.002883,bitmex_XBTUSD
1485316800,-0.002498,bitmex_XBTUSD
1485345600,-0.00228,bitmex_XBTUSD
1485374400,-0.002098,bitmex_XBTUSD
1485403200,-0.001826,bitmex_XBTUSD
1485432000,4e-06,bitmex_XBTUSD
1485460800,-6.6e-05,bitmex_XBTUSD
1485489600,9e-06,bitmex_XBTUSD
1485518400,-1.5e-05,bitmex_XBTUSD
1485547200,-0.000621,bitmex_XBTUSD
1485576000,-0.000765,bitmex_XBTUSD
1485604800,-0.000469,bitmex_XBTUSD
1485633600,-6.5e-05,bitmex_XBTUSD
1485662400,8e-05,bitmex_XBTUSD
1485691200,8.5e-05,bitmex_XBTUSD
1485720000,7.2e-05,bitmex_XBTUSD
1485748800,-0.000156,bitmex_XBTUSD
1485777600,0.000106,bitmex_XBTUSD
1485806400,-0.000259,bitmex_XBTUSD
1485835200,-0.000555,bitmex_XBTUSD
1485864000,-0.001333,bitmex_XBTUSD
1485892800,5.3e-05,bitmex_XBTUSD
1485921600,0.00071,bitmex_XBTUSD
1485950400,0.001624,bitmex_XBTUSD
1485979200,0.00011,bitmex_XBTUSD
1486008000,-0.000176,bitmex_XBTUSD
1486036800,0.000101,bitmex_XBTUSD
1486065600,-0.000313,bitmex_XBTUSD
1486094400,9.4e-05,bitmex_XBTUSD
1486123200,7.8e-05,bitmex_XBTUSD
1486152000,-0.000652,bitmex_XBTUSD
1486180800,-0.001586,bitmex_XBTUSD
1486209600,-0.001041,bitmex_XBTUSD
1486238400,5.7e-05,bitmex_XBTUSD
1486267200,0.000705,bitmex_XBTUSD
1486296000,0.002052,bitmex_XBTUSD
1486324800,0.002273,bitmex_XBTUSD
1486353600,0.000569,bitmex_XBTUSD
1486382400,0.001159,bitmex_XBTUSD
1486411200,0.000876,bitmex_XBTUSD
1486440000,6.9e-05,bitmex_XBTUSD
1486468800,7.1e-05,bitmex_XBTUSD
1486497600,5.8e-05,bitmex_XBTUSD
1486526400,0.000231,bitmex_XBTUSD
1486555200,0.001102,bitmex_XBTUSD
1486584000,-0.001363,bitmex_XBTUSD
1486612800,-0.000973,bitmex_XBTUSD
1486641600,-0.00014,bitmex_XBTUSD
1486670400,0.000874,bitmex_XBTUSD
1486699200,-0.002141,bitmex_XBTUSD
1486728000,-0.003535,bitmex_XBTUSD
1486756800,-0.001926,bitmex_XBTUSD
1486785600,-0.000322,bitmex_XBTUSD
1486814400,0.000177,bitmex_XBTUSD
1486843200,0.000678,bitmex_XBTUSD
1486872000,-8.4e-05,bitmex_XBTUSD
1486900800,-0.000624,bitmex_XBTUSD
1486929600,-0.000124,bitmex_XBTUSD
1486958400,0.000844,bitmex_XBTUSD
1486987200,0.001511,bitmex_XBTUSD
1487016000,-0.000106,bitmex_XBTUSD
1487044800,-0.001313,bitmex_XBTUSD
1487073600,-0.001451,bitmex_XBTUSD
1487102400,0.001416,bitmex_XBTUSD
1487131200,0.001347,bitmex_XBTUSD
1487160000,0.001271,bitmex_XBTUSD
1487188800,0.000988,bitmex_XBTUSD
1487217600,0.000503,bitmex_XBTUSD
1487246400,0.001953,bitmex_XBTUSD
1487275200,0.000748,bitmex_XBTUSD
1487304000,0.000311,bitmex_XBTUSD
1487332800,0.001376,bitmex_XBTUSD
1487361600,0.000923,bitmex_XBTUSD
1487390400,0.001368,bitmex_XBTUSD
1487419200,0.001115,bitmex_XBTUSD
1487448000,3.9e-05,bitmex_XBTUSD
1487476800,0.000366,bitmex_XBTUSD
1487505600,-0.000129,bitmex_XBTUSD
1487534400,2.9e-05,bitmex_XBTUSD
1487563200,9.8e-05,bitmex_XBTUSD
1487592000,4.1e-05,bitmex_XBTUSD
1487620800,0.001021,bitmex_XBTUSD
1487649600,4.2e-05,bitmex_XBTUSD
1487678400,0.001741,bitmex_XBTUSD
1487707200,0.002602,bitmex_XBTUSD
1487736000,0.00213,bitmex_XBTUSD
1487764800,0.002748,bitmex_XBTUSD
1487793600,0.00375,bitmex_XBTUSD
1487822400,0.001115,bitmex_XBTUSD
1487851200,6e-05,bitmex_XBTUSD
1487880000,0.000951,bitmex_XBTUSD
1487908800,0.003118,bitmex_XBTUSD
1487937600,0.00375,bitmex_XBTUSD
1487966400,0.00375,bitmex_XBTUSD
1487995200,0.001678,bitmex_XBTUSD
1488024000,0.000179,bitmex_XBTUSD
1488052800,0.000165,bitmex_XBTUSD
1488081600,0.000793,bitmex_XBTUSD
1488110400,0.000654,bitmex_XBTUSD
1488139200,0.000188,bitmex_XBTUSD
1488168000,0.000741,bitmex_XBTUSD
1488196800,0.000768,bitmex_XBTUSD
1488225600,0.000179,bitmex_XBTUSD
1488254400,0.000709,bitmex_XBTUSD
1488283200,0.001371,bitmex_XBTUSD
1488312000,0.000235,bitmex_XBTUSD
1488340800,0.000159,bitmex_XBTUSD
1488369600,0.000129,bitmex_XBTUSD
1488398400,0.000111,bitmex_XBTUSD
1488427200,0.001357,bitmex_XBTUSD
1488456000,0.000365,bitmex_XBTUSD
1488484800,0.000132,bitmex_XBTUSD
1488513600,0.000172,bitmex_XBTUSD
1488542400,-5.6e-05,bitmex_XBTUSD
1488571200,0.000221,bitmex_XBTUSD
1488600000,0.000266,bitmex_XBTUSD
1488628800,0.00029,bitmex_XBTUSD
1488657600,0.000527,bitmex_XBTUSD
1488686400,0.001489,bitmex_XBTUSD
1488715200,0.001789,bitmex_XBTUSD
1488744000,0.001934,bitmex_XBTUSD
1488772800,0.001953,bitmex_XBTUSD
1488801600,0.002539,bitmex_XBTUSD
1488830400,0.002289,bitmex_XBTUSD
1488859200,0.000385,bitmex_XBTUSD
1488888000,0.00011,bitmex_XBTUSD
1488916800,0.000937,bitmex_XBTUSD
1488945600,0.000473,bitmex_XBTUSD
1488974400,0.000447,bitmex_XBTUSD
1489003200,-2.5e-05,bitmex_XBTUSD
1489032000,8.2e-05,bitmex_XBTUSD
1489060800,9e-05,bitmex_XBTUSD
1489089600,0.000102,bitmex_XBTUSD
1489118400,9.8e-05,bitmex_XBTUSD
1489147200,9.2e-05,bitmex_XBTUSD
1489176000,0.000102,bitmex_XBTUSD
1489204800,0.000284,bitmex_XBTUSD
1489233600,-0.002897,bitmex_XBTUSD
1489262400,-0.00127,bitmex_XBTUSD
1489291200,-0.001386,bitmex_XBTUSD
1489320000,-0.001511,bitmex_XBTUSD
1489348800,-0.001069,bitmex_XBTUSD
1489377600,-0.000143,bitmex_XBTUSD
1489406400,-6.4e-05,bitmex_XBTUSD
1489435200,-0.000444,bitmex_XBTUSD
1489464000,-0.000103,bitmex_XBTUSD
1489492800,6.6e-05,bitmex_XBTUSD
1489521600,5.8e-05,bitmex_XBTUSD
1489550400,5.2e-05,bitmex_XBTUSD
1489579200,5.1e-05,bitmex_XBTUSD
1489608000,5.4e-05,bitmex_XBTUSD
1489636800,5e-05,bitmex_XBTUSD
1489665600,4.9e-05,bitmex_XBTUSD
1489694400,-0.001302,bitmex_XBTUSD
1489723200,5e-05,bitmex_XBTUSD
1489752000,5.1e-05,bitmex_XBTUSD
1489780800,-0.000359,bitmex_XBTUSD
1489809600,-0.000439,bitmex_XBTUSD
1489838400,-0.001483,bitmex_XBTUSD
1489867200,-0.00153,bitmex_XBTUSD
1489896000,-0.00375,bitmex_XBTUSD
1489924800,-0.00375,bitmex_XBTUSD
1489953600,-0.003741,bitmex_XBTUSD
1489982400,-0.001362,bitmex_XBTUSD
1490011200,-0.000593,bitmex_XBTUSD
1490040000,-0.000531,bitmex_XBTUSD
1490068800,-0.000155,bitmex_XBTUSD
1490097600,-3.5e-05,bitmex_XBTUSD
1490126400,-0.00039,bitmex_XBTUSD
1490155200,-0.000588,bitmex_XBTUSD
1490184000,-0.001878,bitmex_XBTUSD
1490212800,-0.000822,bitmex_XBTUSD
1490241600,-0.001082,bitmex_XBTUSD
1490270400,-0.00015,bitmex_XBTUSD
1490299200,-0.000307,bitmex_XBTUSD
1490328000,-0.000886,bitmex_XBTUSD
1490356800,-0.001098,bitmex_XBTUSD
1490385600,-0.000396,bitmex_XBTUSD
1490414400,-0.001255,bitmex_XBTUSD
1490443200,-0.001217,bitmex_XBTUSD
1490472000,-0.001005,bitmex_XBTUSD
1490500800,-0.000141,bitmex_XBTUSD
1490529600,0.000209,bitmex_XBTUSD
1490558400,5.9e-05,bitmex_XBTUSD
1490587200,2.8e-05,bitmex_XBTUSD
1490616000,-0.001023,bitmex_XBTUSD
1490644800,-0.000402,bitmex_XBTUSD
1490673600,-0.000336,bitmex_XBTUSD
1490702400,-0.000119,bitmex_XBTUSD
1490731200,-0.000107,bitmex_XBTUSD
1490760000,-0.000715,bitmex_XBTUSD
1490788800,-0.000379,bitmex_XBTUSD
1490817600,-0.000108,bitmex_XBTUSD
1490846400,-0.000482,bitmex_XBTUSD
1490875200,-0.00012,bitmex_XBTUSD
1490904000,0.000327,bitmex_XBTUSD
1490932800,-5e-05,bitmex_XBTUSD
1490961600,0.000123,bitmex_XBTUSD
1490990400,-3.5e-05,bitmex_XBTUSD
1491019200,-3.7e-05,bitmex_XBTUSD
1491048000,9.6e-05,bitmex_XBTUSD
1491076800,0.000278,bitmex_XBTUSD
1491105600,-5.3e-05,bitmex_XBTUSD
1491134400,-1.9e-05,bitmex_XBTUSD
1491163200,-2.8e-05,bitmex_XBTUSD
1491192000,-2.2e-05,bitmex_XBTUSD
1491220800,-9.4e-05,bitmex_XBTUSD
1491249600,-4e-05,bitmex_XBTUSD
1491278400,-0.001242,bitmex_XBTUSD
1491307200,-0.001352,bitmex_XBTUSD
1491336000,-0.002161,bitmex_XBTUSD
1491364800,-0.001474,bitmex_XBTUSD
1491393600,-0.001533,bitmex_XBTUSD
1491422400,-0.001487,bitmex_XBTUSD
1491451200,-0.001317,bitmex_XBTUSD
1491480000,-0.000742,bitmex_XBTUSD
1491508800,-5.8e-05,bitmex_XBTUSD
1491537600,-3e-05,bitmex_XBTUSD
1491566400,-0.000581,bitmex_XBTUSD
1491595200,-0.000809,bitmex_XBTUSD
1491624000,-0.001196,bitmex_XBTUSD
1491652800,-0.001226,bitmex_XBTUSD
1491681600,-0.000528,bitmex_XBTUSD
1491710400,-0.000919,bitmex_XBTUSD
1491739200,-0.001178,bitmex_XBTUSD
1491768000,-0.001401,bitmex_XBTUSD
1491796800,0.000809,bitmex_XBTUSD
1491825600,0.001757,bitmex_XBTUSD
1491854400,0.000831,bitmex_XBTUSD
1491883200,0.000598,bitmex_XBTUSD
1491912000,-9e-06,bitmex_XBTUSD
1491940800,-8e-06,bitmex_XBTUSD
1491969600,-1e-05,bitmex_XBTUSD
1491998400,-0.00023,bitmex_XBTUSD
1492027200,-1e-05,bitmex_XBTUSD
1492056000,-3.5e-05,bitmex_XBTUSD
1492084800,-3.2e-05,bitmex_XBTUSD
1492113600,-0.00104,bitmex_XBTUSD
1492142400,-0.001545,bitmex_XBTUSD
1492171200,-0.001768,bitmex_XBTUSD
1492200000,-0.000494,bitmex_XBTUSD
1492228800,0.000681,bitmex_XBTUSD
1492257600,0.000652,bitmex_XBTUSD
1492286400,-0.000112,bitmex_XBTUSD
1492315200,0.000347,bitmex_XBTUSD
1492344000,-0.000126,bitmex_XBTUSD
1492372800,-0.000269,bitmex_XBTUSD
1492401600,-0.000379,bitmex_XBTUSD
1492430400,0.000549,bitmex_XBTUSD
1492459200,0.00053,bitmex_XBTUSD
1492488000,0.000752,bitmex_XBTUSD
1492516800,-0.000125,bitmex_XBTUSD
1492545600,0.000662,bitmex_XBTUSD
1492574400,0.000423,bitmex_XBTUSD
1492603200,-0.00031,bitmex_XBTUSD
1492632000,-0.000208,bitmex_XBTUSD
1492660800,-0.000862,bitmex_XBTUSD
1492689600,-0.000241,bitmex_XBTUSD
1492718400,-0.000208,bitmex_XBTUSD
1492747200,0.001586,bitmex_XBTUSD
1492776000,0.002188,bitmex_XBTUSD
1492804800,0.001821,bitmex_XBTUSD
1492833600,0.001477,bitmex_XBTUSD
1492862400,0.001082,bitmex_XBTUSD
1492891200,0.000346,bitmex_XBTUSD
1492920000,-0.000123,bitmex_XBTUSD
1492948800,0.000954,bitmex_XBTUSD
1492977600,0.000292,bitmex_XBTUSD
1493006400,0.000445,bitmex_XBTUSD
1493035200,0.0001,bitmex_XBTUSD
1493064000,-0.000285,bitmex_XBTUSD
1493092800,-0.000148,bitmex_XBTUSD
1493121600,-3.6e-05,bitmex_XBTUSD
1493150400,-6.6e-05,bitmex_XBTUSD
1493179200,0.001155,bitmex_XBTUSD
1493208000,0.00158,bitmex_XBTUSD
1493236800,0.000844,bitmex_XBTUSD
1493265600,0.0001,bitmex_XBTUSD
1493294400,0.001132,bitmex_XBTUSD
1493323200,0.001564,bitmex_XBTUSD
1493352000,0.0005,bitmex_XBTUSD
1493380800,0.001621,bitmex_XBTUSD
1493409600,0.001505,bitmex_XBTUSD
1493438400,0.000119,bitmex_XBTUSD
1493467200,0.0001,bitmex_XBTUSD
1493496000,-0.00096,bitmex_XBTUSD
1493524800,-9.2e-05,bitmex_XBTUSD
1493553600,-7.9e-05,bitmex_XBTUSD
1493582400,0.001013,bitmex_XBTUSD
1493611200,0.001031,bitmex_XBTUSD
1493640000,0.000238,bitmex_XBTUSD
1493668800,0.00132,bitmex_XBTUSD
1493697600,0.003351,bitmex_XBTUSD
1493726400,0.00375,bitmex_XBTUSD
1493755200,0.003719,bitmex_XBTUSD
1493784000,0.0001,bitmex_XBTUSD
1493812800,0.001058,bitmex_XBTUSD
1493841600,0.001003,bitmex_XBTUSD
1493870400,0.0001,bitmex_XBTUSD
1493899200,-0.000924,bitmex_XBTUSD
1493928000,-0.00237,bitmex_XBTUSD
1493956800,0.0001,bitmex_XBTUSD
1493985600,-0.000363,bitmex_XBTUSD
1494014400,0.0001,bitmex_XBTUSD
1494043200,-0.002562,bitmex_XBTUSD
1494072000,-0.001272,bitmex_XBTUSD
1494100800,-0.000506,bitmex_XBTUSD
1494129600,-0.001193,bitmex_XBTUSD
1494158400,0.0001,bitmex_XBTUSD
1494187200,0.000804,bitmex_XBTUSD
1494216000,0.0001,bitmex_XBTUSD
1494244800,0.00375,bitmex_XBTUSD
1494273600,0.00375,bitmex_XBTUSD
1494302400,0.00375,bitmex_XBTUSD
1494331200,0.00375,bitmex_XBTUSD
1494360000,0.002088,bitmex_XBTUSD
1494388800,0.000514,bitmex_XBTUSD
1494417600,0.001893,bitmex_XBTUSD
1494446400,0.001122,bitmex_XBTUSD
1494475200,0.000133,bitmex_XBTUSD
1494504000,-0.001147,bitmex_XBTUSD
1494532800,-0.000415,bitmex_XBTUSD
1494561600,0.001866,bitmex_XBTUSD
1494590400,0.003396,bitmex_XBTUSD
1494619200,0.002662,bitmex_XBTUSD
1494648000,0.00375,bitmex_XBTUSD
1494676800,0.002183,bitmex_XBTUSD
1494705600,0.001487,bitmex_XBTUSD
1494734400,0.001385,bitmex_XBTUSD
1494763200,0.002156,bitmex_XBTUSD
1494792000,0.001556,bitmex_XBTUSD
1494820800,0.001065,bitmex_XBTUSD
1494849600,0.002919,bitmex_XBTUSD
1494878400,-0.00081,bitmex_XBTUSD
1494907200,-0.000268,bitmex_XBTUSD
1494936000,0.002847,bitmex_XBTUSD
1494964800,0.002466,bitmex_XBTUSD
1494993600,0.001645,bitmex_XBTUSD
1495022400,0.00375,bitmex_XBTUSD
1495051200,0.00375,bitmex_XBTUSD
1495080000,0.00375,bitmex_XBTUSD
1495108800,0.00375,bitmex_XBTUSD
1495137600,0.00375,bitmex_XBTUSD
1495166400,0.00375,bitmex_XBTUSD
1495195200,0.00375,bitmex_XBTUSD
1495224000,0.00354,bitmex_XBTUSD
1495252800,-0.000198,bitmex_XBTUSD
1495281600,0.0001,bitmex_XBTUSD
1495310400,0.0001,bitmex_XBTUSD
1495339200,0.003544,bitmex_XBTUSD
1495368000,0.00375,bitmex_XBTUSD
1495396800,0.00375,bitmex_XBTUSD
1495425600,0.000647,bitmex_XBTUSD
1495454400,0.001221,bitmex_XBTUSD
1495483200,0.00375,bitmex_XBTUSD
1495512000,0.00375,bitmex_XBTUSD
1495540800,0.001214,bitmex_XBTUSD
1495569600,0.000472,bitmex_XBTUSD
1495598400,-0.000249,bitmex_XBTUSD
1495627200,0.00108,bitmex_XBTUSD
1495656000,0.001752,bitmex_XBTUSD
1495684800,0.001889,bitmex_XBTUSD
1495713600,0.00375,bitmex_XBTUSD
1495742400,0.002117,bitmex_XBTUSD
1495771200,0.00375,bitmex_XBTUSD
1495800000,0,bitmex_XBTUSD
1495828800,-4.2e-05,bitmex_XBTUSD
1495857600,-0.002481,bitmex_XBTUSD
1495886400,-0.00375,bitmex_XBTUSD
1495915200,0,bitmex_XBTUSD
1495944000,0.002115,bitmex_XBTUSD
1495972800,0.003164,bitmex_XBTUSD
1496001600,0.0001,bitmex_XBTUSD
1496030400,-0.002444,bitmex_XBTUSD
1496059200,0.0001,bitmex_XBTUSD
1496088000,0.000509,bitmex_XBTUSD
1496116800,8.7e-05,bitmex_XBTUSD
1496145600,0.00375,bitmex_XBTUSD
1496174400,0.00375,bitmex_XBTUSD
1496203200,0.002965,bitmex_XBTUSD
1496232000,-0.000785,bitmex_XBTUSD
1496260800,-0.001045,bitmex_XBTUSD
1496289600,0.000588,bitmex_XBTUSD
1496318400,0.0001,bitmex_XBTUSD
1496347200,0.0001,bitmex_XBTUSD
1496376000,0.0001,bitmex_XBTUSD
1496404800,0.00028,bitmex_XBTUSD
1496433600,0.000891,bitmex_XBTUSD
1496462400,0.001339,bitmex_XBTUSD
1496491200,0.003355,bitmex_XBTUSD
1496520000,0.002099,bitmex_XBTUSD
1496548800,0,bitmex_XBTUSD
1496577600,0.0001,bitmex_XBTUSD
1496606400,0.00062,bitmex_XBTUSD
1496635200,0.00108,bitmex_XBTUSD
1496664000,0.000875,bitmex_XBTUSD
1496692800,0.001891,bitmex_XBTUSD
1496721600,0.00375,bitmex_XBTUSD
1496750400,0.00375,bitmex_XBTUSD
1496779200,0.00375,bitmex_XBTUSD
1496808000,0.00375,bitmex_XBTUSD
1496836800,0.00375,bitmex_XBTUSD
1496865600,0.00375,bitmex_XBTUSD
1496894400,0.002689,bitmex_XBTUSD
1496923200,0.0001,bitmex_XBTUSD
1496952000,0.0001,bitmex_XBTUSD
1496980800,0.0001,bitmex_XBTUSD
1497009600,0.00375,bitmex_XBTUSD
1497038400,0.002404,bitmex_XBTUSD
1497067200,0.000538,bitmex_XBTUSD
1497096000,0.0001,bitmex_XBTUSD
1497124800,0.000215,bitmex_XBTUSD
1497153600,0.003722,bitmex_XBTUSD
1497182400,0.003264,bitmex_XBTUSD
1497211200,0.002421,bitmex_XBTUSD
1497240000,0.00375,bitmex_XBTUSD
1497268800,0.00375,bitmex_XBTUSD
1497297600,0.001712,bitmex_XBTUSD
1497326400,-0.002038,bitmex_XBTUSD
1497355200,-0.000696,bitmex_XBTUSD
1497384000,-0.000605,bitmex_XBTUSD
1497412800,0.0001,bitmex_XBTUSD
1497441600,5.2e-05,bitmex_XBTUSD
1497470400,-0.002343,bitmex_XBTUSD
1497499200,-0.00233,bitmex_XBTUSD
1497528000,-0.003212,bitmex_XBTUSD
1497556800,-0.00375,bitmex_XBTUSD
1497585600,0,bitmex_XBTUSD
1497614400,-0.002169,bitmex_XBTUSD
1497643200,-0.00375,bitmex_XBTUSD
1497672000,-0.00375,bitmex_XBTUSD
1497700800,-0.00375,bitmex_XBTUSD
1497729600,-0.002425,bitmex_XBTUSD
1497758400,-9.4e-05,bitmex_XBTUSD
1497787200,0.0001,bitmex_XBTUSD
1497816000,-0.000496,bitmex_XBTUSD
1497844800,-0.000501,bitmex_XBTUSD
1497873600,0.0001,bitmex_XBTUSD
1497902400,0.00022,bitmex_XBTUSD
1497931200,9.6e-05,bitmex_XBTUSD
1497960000,0.000493,bitmex_XBTUSD
1497988800,0.000279,bitmex_XBTUSD
1498017600,0.000806,bitmex_XBTUSD
1498046400,0.002352,bitmex_XBTUSD
1498075200,0.00076,bitmex_XBTUSD
1498104000,0.000587,bitmex_XBTUSD
1498132800,0.001053,bitmex_XBTUSD
1498161600,0.0001,bitmex_XBTUSD
1498190400,-6.5e-05,bitmex_XBTUSD
1498219200,0.0001,bitmex_XBTUSD
1498248000,8e-05,bitmex_XBTUSD
1498276800,0.000849,bitmex_XBTUSD
1498305600,0.0001,bitmex_XBTUSD
1498334400,-0.000524,bitmex_XBTUSD
1498363200,-0.000576,bitmex_XBTUSD
1498392000,-0.001727,bitmex_XBTUSD
1498420800,-0.001445,bitmex_XBTUSD
1498449600,-4.1e-05,bitmex_XBTUSD
1498478400,0.0001,bitmex_XBTUSD
1498507200,-0.001814,bitmex_XBTUSD
1498536000,-0.001217,bitmex_XBTUSD
1498564800,0.000653,bitmex_XBTUSD
1498593600,-0.001747,bitmex_XBTUSD
1498622400,-0.00375,bitmex_XBTUSD
1498651200,-0.00375,bitmex_XBTUSD
1498680000,-0.003427,bitmex_XBTUSD
1498708800,-0.003658,bitmex_XBTUSD
1498737600,-0.002382,bitmex_XBTUSD
1498766400,-0.003462,bitmex_XBTUSD
1498795200,-0.002182,bitmex_XBTUSD
1498824000,-0.00125,bitmex_XBTUSD
1498852800,-0.001324,bitmex_XBTUSD
1498881600,-0.00047,bitmex_XBTUSD
1498910400,-0.001424,bitmex_XBTUSD
1498939200,-0.00375,bitmex_XBTUSD
1498968000,-0.002346,bitmex_XBTUSD
1498996800,-0.001545,bitmex_XBTUSD
1499025600,-0.001857,bitmex_XBTUSD
1499054400,-0.002216,bitmex_XBTUSD
1499083200,-0.00104,bitmex_XBTUSD
1499112000,0.0001,bitmex_XBTUSD
1499140800,0.000649,bitmex_XBTUSD
1499169600,0.001245,bitmex_XBTUSD
1499198400,0.000817,bitmex_XBTUSD
1499227200,1.3e-05,bitmex_XBTUSD
1499256000,0.0001,bitmex_XBTUSD
1499284800,-0.001123,bitmex_XBTUSD
1499313600,0.0001,bitmex_XBTUSD
1499342400,0.0001,bitmex_XBTUSD
1499371200,-0.000239,bitmex_XBTUSD
1499400000,0.0001,bitmex_XBTUSD
1499428800,7.7e-05,bitmex_XBTUSD
1499457600,-0.002819,bitmex_XBTUSD
1499486400,-0.001934,bitmex_XBTUSD
1499515200,-2e-06,bitmex_XBTUSD
1499544000,8.5e-05,bitmex_XBTUSD
1499572800,0.0001,bitmex_XBTUSD
1499601600,-0.000563,bitmex_XBTUSD
1499630400,-0.001881,bitmex_XBTUSD
1499659200,-0.001384,bitmex_XBTUSD
1499688000,-0.000704,bitmex_XBTUSD
1499716800,-0.000639,bitmex_XBTUSD
1499745600,-0.000302,bitmex_XBTUSD
1499774400,-0.000137,bitmex_XBTUSD
1499803200,-0.00078,bitmex_XBTUSD
1499832000,-0.001529,bitmex_XBTUSD
1499860800,-0.000716,bitmex_XBTUSD
1499889600,0.0001,bitmex_XBTUSD
1499918400,-0.000563,bitmex_XBTUSD
1499947200,-0.000706,bitmex_XBTUSD
1499976000,-0.001809,bitmex_XBTUSD
1500004800,-0.001987,bitmex_XBTUSD
1500033600,-0.001588,bitmex_XBTUSD
1500062400,-0.001367,bitmex_XBTUSD
1500091200,-0.001204,bitmex_XBTUSD
1500120000,-0.001173,bitmex_XBTUSD
1500148800,-0.001613,bitmex_XBTUSD
1500177600,0.0001,bitmex_XBTUSD
1500206400,0.001229,bitmex_XBTUSD
1500235200,0.002177,bitmex_XBTUSD
1500264000,0.001359,bitmex_XBTUSD
1500292800,0.003215,bitmex_XBTUSD
1500321600,0.0001,bitmex_XBTUSD
1500350400,0.000868,bitmex_XBTUSD
1500379200,-0.000274,bitmex_XBTUSD
1500408000,0.0001,bitmex_XBTUSD
1500436800,-0.000286,bitmex_XBTUSD
1500465600,-0.001824,bitmex_XBTUSD
1500494400,-0.001123,bitmex_XBTUSD
1500523200,-0.001464,bitmex_XBTUSD
1500552000,-0.001123,bitmex_XBTUSD
1500580800,0.0001,bitmex_XBTUSD
1500609600,0.000982,bitmex_XBTUSD
1500638400,0.000603,bitmex_XBTUSD
1500667200,0.0001,bitmex_XBTUSD
1500696000,0.000699,bitmex_XBTUSD
1500724800,0.001088,bitmex_XBTUSD
1500753600,0.00375,bitmex_XBTUSD
1500782400,0.00241,bitmex_XBTUSD
1500811200,0.002196,bitmex_XBTUSD
1500840000,-0.001017,bitmex_XBTUSD
1500868800,-0.000328,bitmex_XBTUSD
1500897600,0.0001,bitmex_XBTUSD
1500926400,0.0001,bitmex_XBTUSD
1500955200,0.000914,bitmex_XBTUSD
1500984000,0.001668,bitmex_XBTUSD
1501012800,0.000302,bitmex_XBTUSD
1501041600,-0.000508,bitmex_XBTUSD
1501070400,-0.001245,bitmex_XBTUSD
1501099200,-0.001723,bitmex_XBTUSD
1501128000,-0.001229,bitmex_XBTUSD
1501156800,-8.6e-05,bitmex_XBTUSD
1501185600,-0.001208,bitmex_XBTUSD
1501214400,-0.002802,bitmex_XBTUSD
1501243200,-0.002474,bitmex_XBTUSD
1501272000,-0.000902,bitmex_XBTUSD
1501300800,-0.000147,bitmex_XBTUSD
1501329600,-0.000239,bitmex_XBTUSD
1501358400,-0.001808,bitmex_XBTUSD
1501387200,-0.003124,bitmex_XBTUSD
1501416000,-0.001175,bitmex_XBTUSD
1501444800,-0.003324,bitmex_XBTUSD
1501473600,-0.00375,bitmex_XBTUSD
1501502400,-0.003224,bitmex_XBTUSD
1501531200,-0.002793,bitmex_XBTUSD
1501560000,-0.002791,bitmex_XBTUSD
1501588800,-0.002639,bitmex_XBTUSD
1501617600,-0.00375,bitmex_XBTUSD
1501646400,-0.00375,bitmex_XBTUSD
1501675200,-0.001086,bitmex_XBTUSD
1501704000,-0.000724,bitmex_XBTUSD
1501732800,-0.000682,bitmex_XBTUSD
1501761600,-0.000493,bitmex_XBTUSD
1501790400,-2.6e-05,bitmex_XBTUSD
1501819200,2.3e-05,bitmex_XBTUSD
1501848000,0.0001,bitmex_XBTUSD
1501876800,0.0001,bitmex_XBTUSD
1501905600,-1.3e-05,bitmex_XBTUSD
1501934400,0.00105,bitmex_XBTUSD
1501963200,0.00375,bitmex_XBTUSD
1501992000,0.003011,bitmex_XBTUSD
1502020800,0.00375,bitmex_XBTUSD
1502049600,0.002587,bitmex_XBTUSD
1502078400,0.002371,bitmex_XBTUSD
1502107200,0.000836,bitmex_XBTUSD
1502136000,0.000809,bitmex_XBTUSD
1502164800,0.000289,bitmex_XBTUSD
1502193600,0.000826,bitmex_XBTUSD
1502222400,0.0001,bitmex_XBTUSD
1502251200,-0.000108,bitmex_XBTUSD
1502280000,0.0001,bitmex_XBTUSD
1502308800,0.0001,bitmex_XBTUSD
1502337600,0.0001,bitmex_XBTUSD
1502366400,0.0001,bitmex_XBTUSD
1502395200,-0.00019,bitmex_XBTUSD
1502424000,-0.000336,bitmex_XBTUSD
1502452800,-0.001782,bitmex_XBTUSD
1502481600,0.0001,bitmex_XBTUSD
1502510400,0.0001,bitmex_XBTUSD
1502539200,0.0001,bitmex_XBTUSD
1502568000,-0.000858,bitmex_XBTUSD
1502596800,0.0001,bitmex_XBTUSD
1502625600,0.000599,bitmex_XBTUSD
1502654400,0.002018,bitmex_XBTUSD
1502683200,0.001394,bitmex_XBTUSD
1502712000,0.002041,bitmex_XBTUSD
1502740800,0.002262,bitmex_XBTUSD
1502769600,0.001289,bitmex_XBTUSD
1502798400,0.002072,bitmex_XBTUSD
1502827200,0.001482,bitmex_XBTUSD
1502856000,0.001028,bitmex_XBTUSD
1502884800,0.000362,bitmex_XBTUSD
1502913600,-0.000626,bitmex_XBTUSD
1502942400,0.000112,bitmex_XBTUSD
1502971200,0.003217,bitmex_XBTUSD
1503000000,0.002985,bitmex_XBTUSD
1503028800,0.00098,bitmex_XBTUSD
1503057600,0.0001,bitmex_XBTUSD
1503086400,0.0001,bitmex_XBTUSD
1503115200,-0.000415,bitmex_XBTUSD
1503144000,-0.000877,bitmex_XBTUSD
1503172800,-0.001211,bitmex_XBTUSD
1503201600,0.001942,bitmex_XBTUSD
1503230400,0.00375,bitmex_XBTUSD
1503259200,0.002734,bitmex_XBTUSD
1503288000,0.001769,bitmex_XBTUSD
1503316800,0.000574,bitmex_XBTUSD
1503345600,0.000319,bitmex_XBTUSD
1503374400,0.000621,bitmex_XBTUSD
1503403200,-0.000324,bitmex_XBTUSD
1503432000,-0.00375,bitmex_XBTUSD
1503460800,-0.000923,bitmex_XBTUSD
1503489600,0.001067,bitmex_XBTUSD
1503518400,0.001896,bitmex_XBTUSD
1503547200,0.002252,bitmex_XBTUSD
1503576000,0.001784,bitmex_XBTUSD
1503604800,0.000477,bitmex_XBTUSD
1503633600,0.000429,bitmex_XBTUSD
1503662400,0.000917,bitmex_XBTUSD
1503691200,0.001202,bitmex_XBTUSD
1503720000,0.001548,bitmex_XBTUSD
1503748800,0.0001,bitmex_XBTUSD
1503777600,-0.000621,bitmex_XBTUSD
1503806400,-0.000647,bitmex_XBTUSD
1503835200,0.0001,bitmex_XBTUSD
1503864000,0.000375,bitmex_XBTUSD
1503892800,0.00138,bitmex_XBTUSD
1503921600,0.0001,bitmex_XBTUSD
1503950400,-0.001839,bitmex_XBTUSD
1503979200,-0.000583,bitmex_XBTUSD
1504008000,0.0001,bitmex_XBTUSD
1504036800,0.0001,bitmex_XBTUSD
1504065600,0.00337,bitmex_XBTUSD
1504094400,0.003379,bitmex_XBTUSD
1504123200,0.00177,bitmex_XBTUSD
1504152000,0.001499,bitmex_XBTUSD
1504180800,0.000868,bitmex_XBTUSD
1504209600,0.000458,bitmex_XBTUSD
1504238400,0.000375,bitmex_XBTUSD
1504267200,-9.5e-05,bitmex_XBTUSD
1504296000,0.0001,bitmex_XBTUSD
1504324800,0.0001,bitmex_XBTUSD
1504353600,0.000738,bitmex_XBTUSD
1504382400,-2.2e-05,bitmex_XBTUSD
1504411200,-0.003358,bitmex_XBTUSD
1504440000,-0.001013,bitmex_XBTUSD
1504468800,0.0001,bitmex_XBTUSD
1504497600,-0.00365,bitmex_XBTUSD
1504526400,0.0001,bitmex_XBTUSD
1504555200,-0.001614,bitmex_XBTUSD
1504584000,-0.000751,bitmex_XBTUSD
1504612800,-0.00375,bitmex_XBTUSD
1504641600,-0.00375,bitmex_XBTUSD
1504670400,0,bitmex_XBTUSD
1504699200,0.001347,bitmex_XBTUSD
1504728000,-0.001497,bitmex_XBTUSD
1504756800,-0.000332,bitmex_XBTUSD
1504785600,0.0001,bitmex_XBTUSD
1504814400,0.000135,bitmex_XBTUSD
1504843200,0.0001,bitmex_XBTUSD
1504872000,0.0001,bitmex_XBTUSD
1504900800,0.0001,bitmex_XBTUSD
1504929600,-0.00254,bitmex_XBTUSD
1504958400,-0.00375,bitmex_XBTUSD
1504987200,-0.003011,bitmex_XBTUSD
1505016000,0.0001,bitmex_XBTUSD
1505044800,0.0001,bitmex_XBTUSD
1505073600,-0.00365,bitmex_XBTUSD
1505102400,-0.000997,bitmex_XBTUSD
1505131200,0.0001,bitmex_XBTUSD
1505160000,0.0001,bitmex_XBTUSD
1505188800,0.0001,bitmex_XBTUSD
1505217600,0.0001,bitmex_XBTUSD
1505246400,-0.000452,bitmex_XBTUSD
1505275200,-0.000871,bitmex_XBTUSD
1505304000,-0.00325,bitmex_XBTUSD
1505332800,-0.002017,bitmex_XBTUSD
1505361600,0.0001,bitmex_XBTUSD
1505390400,0.0001,bitmex_XBTUSD
1505419200,-0.001867,bitmex_XBTUSD
1505448000,0.0001,bitmex_XBTUSD
1505476800,-0.000702,bitmex_XBTUSD
1505505600,-0.001174,bitmex_XBTUSD
1505534400,-0.002182,bitmex_XBTUSD
1505563200,-0.001631,bitmex_XBTUSD
1505592000,-0.00375,bitmex_XBTUSD
1505620800,-0.00273,bitmex_XBTUSD
1505649600,0.0001,bitmex_XBTUSD
1505678400,0.0001,bitmex_XBTUSD
1505707200,0.000912,bitmex_XBTUSD
1505736000,0.000785,bitmex_XBTUSD
1505764800,0.0002,bitmex_XBTUSD
1505793600,0.0001,bitmex_XBTUSD
1505822400,0.000154,bitmex_XBTUSD
1505851200,1.9e-05,bitmex_XBTUSD
1505880000,4e-06,bitmex_XBTUSD
1505908800,-0.001108,bitmex_XBTUSD
1505937600,-0.000199,bitmex_XBTUSD
1505966400,0.000799,bitmex_XBTUSD
1505995200,-0.00036,bitmex_XBTUSD
1506024000,-0.001035,bitmex_XBTUSD
1506052800,-0.001217,bitmex_XBTUSD
1506081600,-0.001246,bitmex_XBTUSD
1506110400,-0.00186,bitmex_XBTUSD
1506139200,-0.000763,bitmex_XBTUSD
1506168000,-0.001432,bitmex_XBTUSD
1506196800,0.0001,bitmex_XBTUSD
1506225600,-0.000327,bitmex_XBTUSD
1506254400,-0.000439,bitmex_XBTUSD
1506283200,-0.001436,bitmex_XBTUSD
1506312000,-0.001934,bitmex_XBTUSD
1506340800,-0.001059,bitmex_XBTUSD
1506369600,0.000107,bitmex_XBTUSD
1506398400,0.001422,bitmex_XBTUSD
1506427200,0.00153,bitmex_XBTUSD
1506456000,0.001103,bitmex_XBTUSD
1506484800,0.000613,bitmex_XBTUSD
1506513600,0.0001,bitmex_XBTUSD
1506542400,0.001291,bitmex_XBTUSD
1506571200,0.000718,bitmex_XBTUSD
1506600000,0.0001,bitmex_XBTUSD
1506628800,0.0001,bitmex_XBTUSD
1506657600,0.0001,bitmex_XBTUSD
1506686400,0.001241,bitmex_XBTUSD
1506715200,0.001974,bitmex_XBTUSD
1506744000,0.001432,bitmex_XBTUSD
1506772800,0.001912,bitmex_XBTUSD
1506801600,0.002956,bitmex_XBTUSD
1506830400,0.000254,bitmex_XBTUSD
1506859200,-0.000423,bitmex_XBTUSD
1506888000,-0.000277,bitmex_XBTUSD
1506916800,0.000471,bitmex_XBTUSD
1506945600,0.000635,bitmex_XBTUSD
1506974400,0.0001,bitmex_XBTUSD
1507003200,0.0001,bitmex_XBTUSD
1507032000,0.0001,bitmex_XBTUSD
1507060800,-0.001301,bitmex_XBTUSD
1507089600,-0.000771,bitmex_XBTUSD
1507118400,-0.000466,bitmex_XBTUSD
1507147200,-0.001114,bitmex_XBTUSD
1507176000,-0.001421,bitmex_XBTUSD
1507204800,-0.000908,bitmex_XBTUSD
1507233600,-0.000611,bitmex_XBTUSD
1507262400,-4.5e-05,bitmex_XBTUSD
1507291200,0.0001,bitmex_XBTUSD
1507320000,0.000602,bitmex_XBTUSD
1507348800,0.000344,bitmex_XBTUSD
1507377600,0.000488,bitmex_XBTUSD
1507406400,0.0001,bitmex_XBTUSD
1507435200,0.0001,bitmex_XBTUSD
1507464000,0.001929,bitmex_XBTUSD
1507492800,0.00187,bitmex_XBTUSD
1507521600,0.001069,bitmex_XBTUSD
1507550400,-0.000185,bitmex_XBTUSD
1507579200,0.0001,bitmex_XBTUSD
1507608000,0.000957,bitmex_XBTUSD
1507636800,0.00375,bitmex_XBTUSD
1507665600,0.00375,bitmex_XBTUSD
1507694400,0.00375,bitmex_XBTUSD
1507723200,0.003101,bitmex_XBTUSD
1507752000,0.001669,bitmex_XBTUSD
1507780800,0.000969,bitmex_XBTUSD
1507809600,0.000594,bitmex_XBTUSD
1507838400,0.00375,bitmex_XBTUSD
1507867200,0.00375,bitmex_XBTUSD
1507896000,0.003614,bitmex_XBTUSD
1507924800,0.00375,bitmex_XBTUSD
1507953600,0.00375,bitmex_XBTUSD
1507982400,0.00375,bitmex_XBTUSD
1508011200,0.00375,bitmex_XBTUSD
1508040000,0.00375,bitmex_XBTUSD
1508068800,0.00375,bitmex_XBTUSD
1508097600,0.00375,bitmex_XBTUSD
1508126400,0.000175,bitmex_XBTUSD
1508155200,0.001658,bitmex_XBTUSD
1508184000,0.000528,bitmex_XBTUSD
1508212800,0.001408,bitmex_XBTUSD
1508241600,0.002446,bitmex_XBTUSD
1508270400,0.000384,bitmex_XBTUSD
1508299200,0.000915,bitmex_XBTUSD
1508328000,0.000202,bitmex_XBTUSD
1508356800,-0.000516,bitmex_XBTUSD
1508385600,0.0001,bitmex_XBTUSD
1508414400,0.000535,bitmex_XBTUSD
1508443200,0.001797,bitmex_XBTUSD
1508472000,0.000285,bitmex_XBTUSD
1508500800,0.000273,bitmex_XBTUSD
1508529600,0.0001,bitmex_XBTUSD
1508558400,0.00375,bitmex_XBTUSD
1508587200,0.00375,bitmex_XBTUSD
1508616000,0.001952,bitmex_XBTUSD
1508644800,0.0001,bitmex_XBTUSD
1508673600,0.0001,bitmex_XBTUSD
1508702400,-0.001273,bitmex_XBTUSD
1508731200,0.0001,bitmex_XBTUSD
1508760000,5.4e-05,bitmex_XBTUSD
1508788800,-0.000763,bitmex_XBTUSD
1508817600,-0.00037,bitmex_XBTUSD
1508846400,-0.001955,bitmex_XBTUSD
1508875200,-0.001208,bitmex_XBTUSD
1508904000,0.0001,bitmex_XBTUSD
1508932800,-2.9e-05,bitmex_XBTUSD
1508961600,-0.001532,bitmex_XBTUSD
1508990400,-0.00111,bitmex_XBTUSD
1509019200,-0.000873,bitmex_XBTUSD
1509048000,-0.00023,bitmex_XBTUSD
1509076800,0.0001,bitmex_XBTUSD
1509105600,0.0001,bitmex_XBTUSD
1509134400,-0.000184,bitmex_XBTUSD
1509163200,-0.000593,bitmex_XBTUSD
1509192000,-0.001795,bitmex_XBTUSD
1509220800,-0.002703,bitmex_XBTUSD
1509249600,-0.000931,bitmex_XBTUSD
1509278400,-0.001163,bitmex_XBTUSD
1509307200,9.8e-05,bitmex_XBTUSD
1509336000,0.000983,bitmex_XBTUSD
1509364800,0.003696,bitmex_XBTUSD
1509393600,0.001956,bitmex_XBTUSD
1509422400,0.0001,bitmex_XBTUSD
1509451200,0.00044,bitmex_XBTUSD
1509480000,0.000684,bitmex_XBTUSD
1509508800,0.000184,bitmex_XBTUSD
1509537600,0.000191,bitmex_XBTUSD
1509566400,0.0001,bitmex_XBTUSD
1509595200,-0.001213,bitmex_XBTUSD
1509624000,-0.00247,bitmex_XBTUSD
1509652800,-0.002422,bitmex_XBTUSD
1509681600,7.9e-05,bitmex_XBTUSD
1509710400,-1.4e-05,bitmex_XBTUSD
1509739200,0.001068,bitmex_XBTUSD
1509768000,-0.0012,bitmex_XBTUSD
1509796800,-0.00158,bitmex_XBTUSD
1509825600,-0.000902,bitmex_XBTUSD
1509854400,0.000941,bitmex_XBTUSD
1509883200,0.00036,bitmex_XBTUSD
1509912000,0.000197,bitmex_XBTUSD
1509940800,0.0001,bitmex_XBTUSD
1509969600,0.0001,bitmex_XBTUSD
1509998400,-0.000752,bitmex_XBTUSD
1510027200,-0.00018,bitmex_XBTUSD
1510056000,-0.001607,bitmex_XBTUSD
1510084800,-0.00352,bitmex_XBTUSD
1510113600,-0.002247,bitmex_XBTUSD
1510142400,0.0001,bitmex_XBTUSD
1510171200,0.000512,bitmex_XBTUSD
1510200000,0.000885,bitmex_XBTUSD
1510228800,0.0001,bitmex_XBTUSD
1510257600,-0.000151,bitmex_XBTUSD
1510286400,-0.000771,bitmex_XBTUSD
1510315200,-6.1e-05,bitmex_XBTUSD
1510344000,5.3e-05,bitmex_XBTUSD
1510372800,0.0001,bitmex_XBTUSD
1510401600,-0.002368,bitmex_XBTUSD
1510430400,-0.003052,bitmex_XBTUSD
1510459200,0.000698,bitmex_XBTUSD
1510488000,0.0001,bitmex_XBTUSD
1510516800,-0.002712,bitmex_XBTUSD
1510545600,0.000156,bitmex_XBTUSD
1510574400,-0.001317,bitmex_XBTUSD
1510603200,-0.001314,bitmex_XBTUSD
1510632000,-0.00375,bitmex_XBTUSD
1510660800,-0.000178,bitmex_XBTUSD
1510689600,-0.001726,bitmex_XBTUSD
1510718400,-0.003647,bitmex_XBTUSD
1510747200,0.000103,bitmex_XBTUSD
1510776000,-0.001686,bitmex_XBTUSD
1510804800,-0.002023,bitmex_XBTUSD
1510833600,0.0001,bitmex_XBTUSD
1510862400,0.000314,bitmex_XBTUSD
1510891200,0.000822,bitmex_XBTUSD
1510920000,0.003168,bitmex_XBTUSD
1510948800,0.001467,bitmex_XBTUSD
1510977600,0.001409,bitmex_XBTUSD
1511006400,-0.000291,bitmex_XBTUSD
1511035200,-0.000105,bitmex_XBTUSD
1511064000,0.000995,bitmex_XBTUSD
1511092800,0.002637,bitmex_XBTUSD
1511121600,0.001519,bitmex_XBTUSD
1511150400,0.002737,bitmex_XBTUSD
1511179200,0.003536,bitmex_XBTUSD
1511208000,0.002774,bitmex_XBTUSD
1511236800,0.001861,bitmex_XBTUSD
1511265600,0.001256,bitmex_XBTUSD
1511294400,0.0001,bitmex_XBTUSD
1511323200,0.000442,bitmex_XBTUSD
1511352000,0.0001,bitmex_XBTUSD
1511380800,-0.000126,bitmex_XBTUSD
1511409600,-0.000743,bitmex_XBTUSD
1511438400,-0.000737,bitmex_XBTUSD
1511467200,-0.000667,bitmex_XBTUSD
1511496000,-0.001006,bitmex_XBTUSD
1511524800,-0.003172,bitmex_XBTUSD
1511553600,-0.002022,bitmex_XBTUSD
1511582400,-0.000205,bitmex_XBTUSD
1511611200,1.9e-05,bitmex_XBTUSD
1511640000,0.002691,bitmex_XBTUSD
1511668800,0.0001,bitmex_XBTUSD
1511697600,0.0001,bitmex_XBTUSD
1511726400,-0.000396,bitmex_XBTUSD
1511755200,0.002506,bitmex_XBTUSD
1511784000,0.00375,bitmex_XBTUSD
1511812800,0.002629,bitmex_XBTUSD
1511841600,0.0001,bitmex_XBTUSD
1511870400,0.000519,bitmex_XBTUSD
1511899200,0.002559,bitmex_XBTUSD
1511928000,0.000373,bitmex_XBTUSD
1511956800,0.00375,bitmex_XBTUSD
1511985600,0.003592,bitmex_XBTUSD
1512014400,0.00375,bitmex_XBTUSD
1512043200,0.0001,bitmex_XBTUSD
1512072000,0.0001,bitmex_XBTUSD
1512100800,-0.00365,bitmex_XBTUSD
1512129600,0.0001,bitmex_XBTUSD
1512158400,0.0001,bitmex_XBTUSD
1512187200,0.002928,bitmex_XBTUSD
1512216000,0.00283,bitmex_XBTUSD
1512244800,0.000721,bitmex_XBTUSD
1512273600,0.000156,bitmex_XBTUSD
1512302400,0.000196,bitmex_XBTUSD
1512331200,0.002341,bitmex_XBTUSD
1512360000,0.00375,bitmex_XBTUSD
1512388800,0,bitmex_XBTUSD
1512417600,0.000405,bitmex_XBTUSD
1512446400,0.0001,bitmex_XBTUSD
1512475200,0.001176,bitmex_XBTUSD
1512504000,0.002047,bitmex_XBTUSD
1512532800,0.0001,bitmex_XBTUSD
1512561600,0.000853,bitmex_XBTUSD
1512590400,0.000799,bitmex_XBTUSD
1512619200,-0.00183,bitmex_XBTUSD
1512648000,-0.002875,bitmex_XBTUSD
1512676800,0.0001,bitmex_XBTUSD
1512705600,-0.001987,bitmex_XBTUSD
1512734400,0.001763,bitmex_XBTUSD
1512763200,0.00375,bitmex_XBTUSD
1512792000,0.00375,bitmex_XBTUSD
1512820800,0.00375,bitmex_XBTUSD
1512849600,0.00375,bitmex_XBTUSD
1512878400,0.001155,bitmex_XBTUSD
1512907200,0.001709,bitmex_XBTUSD
1512936000,0.00375,bitmex_XBTUSD
1512964800,0.00375,bitmex_XBTUSD
1512993600,0.00375,bitmex_XBTUSD
1513022400,0.00375,bitmex_XBTUSD
1513051200,0.00375,bitmex_XBTUSD
1513080000,0.00375,bitmex_XBTUSD
1513108800,0.00375,bitmex_XBTUSD
1513137600,0.00375,bitmex_XBTUSD
1513166400,0.001078,bitmex_XBTUSD
1513195200,0.00375,bitmex_XBTUSD
1513224000,0.00375,bitmex_XBTUSD
1513252800,0.001933,bitmex_XBTUSD
1513281600,0.002636,bitmex_XBTUSD
1513310400,0.001775,bitmex_XBTUSD
1513339200,0.00375,bitmex_XBTUSD
1513368000,0.00375,bitmex_XBTUSD
1513396800,0.00375,bitmex_XBTUSD
1513425600,0.00375,bitmex_XBTUSD
1513454400,0.00375,bitmex_XBTUSD
1513483200,0.00375,bitmex_XBTUSD
1513512000,0.00375,bitmex_XBTUSD
1513540800,0.00375,bitmex_XBTUSD
1513569600,0.00375,bitmex_XBTUSD
1513598400,0.00375,bitmex_XBTUSD
1513627200,0.001197,bitmex_XBTUSD
1513656000,0.000379,bitmex_XBTUSD
1513684800,0.00375,bitmex_XBTUSD
1513713600,0.00375,bitmex_XBTUSD
1513742400,0.000468,bitmex_XBTUSD
1513771200,-0.001903,bitmex_XBTUSD
1513800000,3.4e-05,bitmex_XBTUSD
1513828800,0.000491,bitmex_XBTUSD
1513857600,0.000994,bitmex_XBTUSD
1513886400,0.00375,bitmex_XBTUSD
1513915200,0.000718,bitmex_XBTUSD
1513944000,0.0001,bitmex_XBTUSD
1513972800,0.002462,bitmex_XBTUSD
1514001600,0.0001,bitmex_XBTUSD
1514030400,-0.00365,bitmex_XBTUSD
1514059200,-0.00375,bitmex_XBTUSD
1514088000,-0.00375,bitmex_XBTUSD
1514116800,-0.00375,bitmex_XBTUSD
1514145600,-0.00375,bitmex_XBTUSD
1514174400,-0.00375,bitmex_XBTUSD
1514203200,-0.00375,bitmex_XBTUSD
1514232000,-0.00022,bitmex_XBTUSD
1514260800,-0.00375,bitmex_XBTUSD
1514289600,-0.00375,bitmex_XBTUSD
1514318400,0,bitmex_XBTUSD
1514347200,0.00375,bitmex_XBTUSD
1514376000,0.00375,bitmex_XBTUSD
1514404800,0.00375,bitmex_XBTUSD
1514433600,0.002635,bitmex_XBTUSD
1514462400,0.0001,bitmex_XBTUSD
1514491200,-0.000407,bitmex_XBTUSD
1514520000,0.0001,bitmex_XBTUSD
1514548800,0.000953,bitmex_XBTUSD
1514577600,0.002145,bitmex_XBTUSD
1514606400,0.001537,bitmex_XBTUSD
1514635200,-0.002213,bitmex_XBTUSD
1514664000,-0.00375,bitmex_XBTUSD
1514692800,-0.00375,bitmex_XBTUSD
1514721600,-0.00375,bitmex_XBTUSD
1514750400,-0.001554,bitmex_XBTUSD
1514779200,0.001169,bitmex_XBTUSD
1514808000,0.001293,bitmex_XBTUSD
1514836800,0.000815,bitmex_XBTUSD
1514865600,-0.000467,bitmex_XBTUSD
1514894400,0.00198,bitmex_XBTUSD
1514923200,0.0006,bitmex_XBTUSD
1514952000,0.002378,bitmex_XBTUSD
1514980800,0.00367,bitmex_XBTUSD
1515009600,0.00375,bitmex_XBTUSD
1515038400,0.000779,bitmex_XBTUSD
1515067200,0.002045,bitmex_XBTUSD
1515096000,0.001065,bitmex_XBTUSD
1515124800,0.001163,bitmex_XBTUSD
1515153600,0.001687,bitmex_XBTUSD
1515182400,0.002424,bitmex_XBTUSD
1515211200,0.001618,bitmex_XBTUSD
1515240000,0.0001,bitmex_XBTUSD
1515268800,0.000566,bitmex_XBTUSD
1515297600,0.00096,bitmex_XBTUSD
1515326400,0.00375,bitmex_XBTUSD
1515355200,0.003283,bitmex_XBTUSD
1515384000,0.002087,bitmex_XBTUSD
1515412800,0.001109,bitmex_XBTUSD
1515441600,0.002348,bitmex_XBTUSD
1515470400,0.000918,bitmex_XBTUSD
1515499200,-1.1e-05,bitmex_XBTUSD
1515528000,0.0001,bitmex_XBTUSD
1515556800,0.000105,bitmex_XBTUSD
1515585600,0.0001,bitmex_XBTUSD
1515614400,0.0001,bitmex_XBTUSD
1515643200,0.000411,bitmex_XBTUSD
1515672000,0.001015,bitmex_XBTUSD
1515700800,0.0001,bitmex_XBTUSD
1515729600,0.000829,bitmex_XBTUSD
1515758400,0.0001,bitmex_XBTUSD
1515787200,-0.000415,bitmex_XBTUSD
1515816000,0.0001,bitmex_XBTUSD
1515844800,0.002378,bitmex_XBTUSD
1515873600,0.00185,bitmex_XBTUSD
1515902400,0.001063,bitmex_XBTUSD
1515931200,0.000569,bitmex_XBTUSD
1515960000,-0.00042,bitmex_XBTUSD
1515988800,-8.2e-05,bitmex_XBTUSD
1516017600,0.000508,bitmex_XBTUSD
1516046400,0.000202,bitmex_XBTUSD
1516075200,0.001465,bitmex_XBTUSD
1516104000,-0.000559,bitmex_XBTUSD
1516132800,-0.00375,bitmex_XBTUSD
1516161600,-0.00375,bitmex_XBTUSD
1516190400,-0.002484,bitmex_XBTUSD
1516219200,-0.002426,bitmex_XBTUSD
1516248000,0.001317,bitmex_XBTUSD
1516276800,-0.001102,bitmex_XBTUSD
1516305600,-0.000827,bitmex_XBTUSD
1516334400,-0.00176,bitmex_XBTUSD
1516363200,-0.001388,bitmex_XBTUSD
1516392000,0.000364,bitmex_XBTUSD
1516420800,3.6e-05,bitmex_XBTUSD
1516449600,-0.00049,bitmex_XBTUSD
1516478400,0.000567,bitmex_XBTUSD
1516507200,0.0001,bitmex_XBTUSD
1516536000,-0.000985,bitmex_XBTUSD
1516564800,-0.000794,bitmex_XBTUSD
1516593600,-0.001385,bitmex_XBTUSD
1516622400,-0.000829,bitmex_XBTUSD
1516651200,-0.000485,bitmex_XBTUSD
1516680000,-0.00375,bitmex_XBTUSD
1516708800,-0.001346,bitmex_XBTUSD
1516737600,-0.001623,bitmex_XBTUSD
1516766400,0.0001,bitmex_XBTUSD
1516795200,0.000144,bitmex_XBTUSD
1516824000,0.0001,bitmex_XBTUSD
1516852800,0.0001,bitmex_XBTUSD
1516881600,0.0001,bitmex_XBTUSD
1516910400,0.0001,bitmex_XBTUSD
1516939200,0.0001,bitmex_XBTUSD
1516968000,0.0001,bitmex_XBTUSD
1516996800,-0.00036,bitmex_XBTUSD
1517025600,-0.000114,bitmex_XBTUSD
1517054400,0.001107,bitmex_XBTUSD
1517083200,0.00179,bitmex_XBTUSD
1517112000,0.001536,bitmex_XBTUSD
1517140800,0.003044,bitmex_XBTUSD
1517169600,0.00375,bitmex_XBTUSD
1517198400,0.00375,bitmex_XBTUSD
1517227200,0.003722,bitmex_XBTUSD
1517256000,0.001702,bitmex_XBTUSD
1517284800,0.001064,bitmex_XBTUSD
1517313600,0.0001,bitmex_XBTUSD
1517342400,0.0001,bitmex_XBTUSD
1517371200,-0.002696,bitmex_XBTUSD
1517400000,-0.002273,bitmex_XBTUSD
1517428800,-0.000946,bitmex_XBTUSD
1517457600,-0.001855,bitmex_XBTUSD
1517486400,-0.000316,bitmex_XBTUSD
1517515200,-0.001714,bitmex_XBTUSD
1517544000,0.000646,bitmex_XBTUSD
1517572800,0.0001,bitmex_XBTUSD
1517601600,0.000807,bitmex_XBTUSD
1517630400,-0.00071,bitmex_XBTUSD
1517659200,-0.001332,bitmex_XBTUSD
1517688000,-0.001033,bitmex_XBTUSD
1517716800,-0.001339,bitmex_XBTUSD
1517745600,-7.6e-05,bitmex_XBTUSD
1517774400,0.0001,bitmex_XBTUSD
1517803200,-0.001979,bitmex_XBTUSD
1517832000,-0.003025,bitmex_XBTUSD
1517860800,-0.001545,bitmex_XBTUSD
1517889600,-0.000424,bitmex_XBTUSD
1517918400,-0.001879,bitmex_XBTUSD
1517947200,-0.001178,bitmex_XBTUSD
1517976000,-0.000606,bitmex_XBTUSD
1518004800,-0.002539,bitmex_XBTUSD
1518033600,-0.002744,bitmex_XBTUSD
1518062400,-0.002965,bitmex_XBTUSD
1518091200,-0.000693,bitmex_XBTUSD
1518120000,0.0001,bitmex_XBTUSD
1518148800,-0.000896,bitmex_XBTUSD
1518177600,-0.001032,bitmex_XBTUSD
1518206400,-0.001997,bitmex_XBTUSD
1518235200,0.0001,bitmex_XBTUSD
1518264000,0.0001,bitmex_XBTUSD
1518292800,-0.001323,bitmex_XBTUSD
1518321600,-0.001617,bitmex_XBTUSD
1518350400,-0.001514,bitmex_XBTUSD
1518379200,-0.001519,bitmex_XBTUSD
1518408000,-0.000148,bitmex_XBTUSD
1518436800,0.0001,bitmex_XBTUSD
1518465600,0.001182,bitmex_XBTUSD
1518494400,0.000352,bitmex_XBTUSD
1518523200,0.0001,bitmex_XBTUSD
1518552000,-0.000835,bitmex_XBTUSD
1518580800,-0.000323,bitmex_XBTUSD
1518609600,6.3e-05,bitmex_XBTUSD
1518638400,0.000123,bitmex_XBTUSD
1518667200,0.0001,bitmex_XBTUSD
1518696000,0.0001,bitmex_XBTUSD
1518724800,-0.000326,bitmex_XBTUSD
1518753600,-0.000591,bitmex_XBTUSD
1518782400,-0.000297,bitmex_XBTUSD
1518811200,-0.000743,bitmex_XBTUSD
1518840000,-2.9e-05,bitmex_XBTUSD
1518868800,0.000416,bitmex_XBTUSD
1518897600,-0.000271,bitmex_XBTUSD
1518926400,-0.000175,bitmex_XBTUSD
1518955200,0.0001,bitmex_XBTUSD
1518984000,0.0001,bitmex_XBTUSD
1519012800,0.0001,bitmex_XBTUSD
1519041600,-0.000146,bitmex_XBTUSD
1519070400,0.0001,bitmex_XBTUSD
1519099200,0.000772,bitmex_XBTUSD
1519128000,0.001003,bitmex_XBTUSD
1519156800,0.000203,bitmex_XBTUSD
1519185600,0.0001,bitmex_XBTUSD
1519214400,-0.000351,bitmex_XBTUSD
1519243200,-0.000925,bitmex_XBTUSD
1519272000,2.3e-05,bitmex_XBTUSD
1519300800,0.000165,bitmex_XBTUSD
1519329600,-0.000217,bitmex_XBTUSD
1519358400,0.0001,bitmex_XBTUSD
1519387200,0.0001,bitmex_XBTUSD
1519416000,-8.6e-05,bitmex_XBTUSD
1519444800,-0.001058,bitmex_XBTUSD
1519473600,-0.000326,bitmex_XBTUSD
1519502400,-0.001459,bitmex_XBTUSD
1519531200,-0.002406,bitmex_XBTUSD
1519560000,-0.000573,bitmex_XBTUSD
1519588800,-0.000276,bitmex_XBTUSD
1519617600,-0.000938,bitmex_XBTUSD
1519646400,-0.000627,bitmex_XBTUSD
1519675200,-0.000432,bitmex_XBTUSD
1519704000,0.0001,bitmex_XBTUSD
1519732800,0.0001,bitmex_XBTUSD
1519761600,0.000397,bitmex_XBTUSD
1519790400,0.000866,bitmex_XBTUSD
1519819200,0.000947,bitmex_XBTUSD
1519848000,0.000418,bitmex_XBTUSD
1519876800,0.0001,bitmex_XBTUSD
1519905600,0.0001,bitmex_XBTUSD
1519934400,0.0001,bitmex_XBTUSD
1519963200,0.000919,bitmex_XBTUSD
1519992000,0.00174,bitmex_XBTUSD
1520020800,0.001254,bitmex_XBTUSD
1520049600,0.000439,bitmex_XBTUSD
1520078400,0.001251,bitmex_XBTUSD
1520107200,0.000815,bitmex_XBTUSD
1520136000,0.000281,bitmex_XBTUSD
1520164800,0.000815,bitmex_XBTUSD
1520193600,0.000859,bitmex_XBTUSD
1520222400,0.00076,bitmex_XBTUSD
1520251200,0.001748,bitmex_XBTUSD
1520280000,0.001213,bitmex_XBTUSD
1520308800,0.000925,bitmex_XBTUSD
1520337600,0.000375,bitmex_XBTUSD
1520366400,0.000428,bitmex_XBTUSD
1520395200,0.000899,bitmex_XBTUSD
1520424000,0.000303,bitmex_XBTUSD
1520452800,0.000275,bitmex_XBTUSD
1520481600,-0.000738,bitmex_XBTUSD
1520510400,-0.001417,bitmex_XBTUSD
1520539200,-0.00152,bitmex_XBTUSD
1520568000,-0.001746,bitmex_XBTUSD
1520596800,-0.000157,bitmex_XBTUSD
1520625600,-0.000806,bitmex_XBTUSD
1520654400,-0.001831,bitmex_XBTUSD
1520683200,-0.001934,bitmex_XBTUSD
1520712000,-0.001382,bitmex_XBTUSD
1520740800,-0.001035,bitmex_XBTUSD
1520769600,-0.002841,bitmex_XBTUSD
1520798400,-0.003644,bitmex_XBTUSD
1520827200,0.000106,bitmex_XBTUSD
1520856000,0.000109,bitmex_XBTUSD
1520884800,0.0001,bitmex_XBTUSD
1520913600,-0.000112,bitmex_XBTUSD
1520942400,-0.001755,bitmex_XBTUSD
1520971200,-0.000381,bitmex_XBTUSD
1521000000,-6.2e-05,bitmex_XBTUSD
1521028800,6.3e-05,bitmex_XBTUSD
1521057600,-0.000985,bitmex_XBTUSD
1521086400,-0.002114,bitmex_XBTUSD
1521115200,-0.00113,bitmex_XBTUSD
1521144000,-0.000836,bitmex_XBTUSD
1521172800,-0.000944,bitmex_XBTUSD
1521201600,-0.001606,bitmex_XBTUSD
1521230400,-0.001445,bitmex_XBTUSD
1521259200,-0.000181,bitmex_XBTUSD
1521288000,-0.000483,bitmex_XBTUSD
1521316800,-0.001214,bitmex_XBTUSD
1521345600,-0.000865,bitmex_XBTUSD
1521374400,-0.000332,bitmex_XBTUSD
1521403200,-0.000767,bitmex_XBTUSD
1521432000,0.0001,bitmex_XBTUSD
1521460800,-0.000215,bitmex_XBTUSD
1521489600,-0.000193,bitmex_XBTUSD
1521518400,-0.000283,bitmex_XBTUSD
1521547200,0.0001,bitmex_XBTUSD
1521576000,0.0001,bitmex_XBTUSD
1521604800,0.0001,bitmex_XBTUSD
1521633600,-1.9e-05,bitmex_XBTUSD
1521662400,-0.000238,bitmex_XBTUSD
1521691200,0.0001,bitmex_XBTUSD
1521720000,0.0001,bitmex_XBTUSD
1521748800,0.00014,bitmex_XBTUSD
1521777600,0.000143,bitmex_XBTUSD
1521806400,0.0001,bitmex_XBTUSD
1521835200,0.0001,bitmex_XBTUSD
1521864000,0.0001,bitmex_XBTUSD
1521892800,0.0001,bitmex_XBTUSD
1521921600,0.0001,bitmex_XBTUSD
1521950400,0.000412,bitmex_XBTUSD
1521979200,-0.0001,bitmex_XBTUSD
1522008000,-0.00048,bitmex_XBTUSD
1522036800,-0.000433,bitmex_XBTUSD
1522065600,9.2e-05,bitmex_XBTUSD
1522094400,0.0001,bitmex_XBTUSD
1522123200,-0.000336,bitmex_XBTUSD
1522152000,-0.000494,bitmex_XBTUSD
1522180800,-0.00089,bitmex_XBTUSD
1522209600,-0.000655,bitmex_XBTUSD
1522238400,-0.000485,bitmex_XBTUSD
1522267200,-0.000187,bitmex_XBTUSD
1522296000,0.0001,bitmex_XBTUSD
1522324800,0.0001,bitmex_XBTUSD
1522353600,0.0001,bitmex_XBTUSD
1522382400,0.0001,bitmex_XBTUSD
1522411200,-0.00365,bitmex_XBTUSD
1522440000,-0.00375,bitmex_XBTUSD
1522468800,-0.001424,bitmex_XBTUSD
1522497600,-0.001648,bitmex_XBTUSD
1522526400,-0.001163,bitmex_XBTUSD
1522555200,-0.001636,bitmex_XBTUSD
1522584000,-0.00161,bitmex_XBTUSD
1522612800,-0.00157,bitmex_XBTUSD
1522641600,-0.000565,bitmex_XBTUSD
1522670400,0.0001,bitmex_XBTUSD
1522699200,-8e-06,bitmex_XBTUSD
1522728000,0.0001,bitmex_XBTUSD
1522756800,0.0001,bitmex_XBTUSD
1522785600,-0.000569,bitmex_XBTUSD
1522814400,0.0001,bitmex_XBTUSD
1522843200,0.0001,bitmex_XBTUSD
1522872000,0.000263,bitmex_XBTUSD
1522900800,-3.5e-05,bitmex_XBTUSD
1522929600,-0.001103,bitmex_XBTUSD
1522958400,-0.001767,bitmex_XBTUSD
1522987200,-0.000743,bitmex_XBTUSD
1523016000,-0.000187,bitmex_XBTUSD
1523044800,-0.001353,bitmex_XBTUSD
1523073600,-0.001094,bitmex_XBTUSD
1523102400,-0.000587,bitmex_XBTUSD
1523131200,-0.000272,bitmex_XBTUSD
1523160000,3.6e-05,bitmex_XBTUSD
1523188800,0.0001,bitmex_XBTUSD
1523217600,0.0001,bitmex_XBTUSD
1523246400,0.0001,bitmex_XBTUSD
1523275200,0.0001,bitmex_XBTUSD
1523304000,-0.000328,bitmex_XBTUSD
1523332800,-0.001323,bitmex_XBTUSD
1523361600,-0.00157,bitmex_XBTUSD
1523390400,-0.001462,bitmex_XBTUSD
1523419200,-0.001421,bitmex_XBTUSD
1523448000,-0.001173,bitmex_XBTUSD
1523476800,-0.000782,bitmex_XBTUSD
1523505600,-0.000207,bitmex_XBTUSD
1523534400,-0.000125,bitmex_XBTUSD
1523563200,-0.000256,bitmex_XBTUSD
1523592000,0.000591,bitmex_XBTUSD
1523620800,3.1e-05,bitmex_XBTUSD
1523649600,-2.7e-05,bitmex_XBTUSD
1523678400,-0.00059,bitmex_XBTUSD
1523707200,0.0001,bitmex_XBTUSD
1523736000,0.0001,bitmex_XBTUSD
1523764800,-8.4e-05,bitmex_XBTUSD
1523793600,-0.000187,bitmex_XBTUSD
1523822400,-2e-05,bitmex_XBTUSD
1523851200,0.0001,bitmex_XBTUSD
1523880000,0.0001,bitmex_XBTUSD
1523908800,0.0001,bitmex_XBTUSD
1523937600,0.000102,bitmex_XBTUSD
1523966400,0.0001,bitmex_XBTUSD
1523995200,0.0001,bitmex_XBTUSD
1524024000,0.0001,bitmex_XBTUSD
1524052800,0.0001,bitmex_XBTUSD
1524081600,0.0001,bitmex_XBTUSD
1524110400,0.0001,bitmex_XBTUSD
1524139200,0.0001,bitmex_XBTUSD
1524168000,-0.000258,bitmex_XBTUSD
1524196800,-0.000316,bitmex_XBTUSD
1524225600,-0.000625,bitmex_XBTUSD
1524254400,0.0001,bitmex_XBTUSD
1524283200,0.0001,bitmex_XBTUSD
1524312000,0.0001,bitmex_XBTUSD
1524340800,0.000823,bitmex_XBTUSD
1524369600,0.0001,bitmex_XBTUSD
1524398400,0.0001,bitmex_XBTUSD
1524427200,0.0001,bitmex_XBTUSD
1524456000,0.0001,bitmex_XBTUSD
1524484800,0.0001,bitmex_XBTUSD
1524513600,0.0001,bitmex_XBTUSD
1524542400,0.000212,bitmex_XBTUSD
1524571200,0.00013,bitmex_XBTUSD
1524600000,-7e-05,bitmex_XBTUSD
1524628800,0.0001,bitmex_XBTUSD
1524657600,0.001111,bitmex_XBTUSD
1524686400,0.00375,bitmex_XBTUSD
1524715200,0.002831,bitmex_XBTUSD
1524744000,9.3e-05,bitmex_XBTUSD
1524772800,0.0001,bitmex_XBTUSD
1524801600,0.0001,bitmex_XBTUSD
1524830400,0.000371,bitmex_XBTUSD
1524859200,0.000741,bitmex_XBTUSD
1524888000,0.00071,bitmex_XBTUSD
1524916800,0.0001,bitmex_XBTUSD
1524945600,0.0001,bitmex_XBTUSD
1524974400,0.000801,bitmex_XBTUSD
1525003200,0.001323,bitmex_XBTUSD
1525032000,0.001708,bitmex_XBTUSD
1525060800,0.000262,bitmex_XBTUSD
1525089600,0.000249,bitmex_XBTUSD
1525118400,0.000584,bitmex_XBTUSD
1525147200,0.001178,bitmex_XBTUSD
1525176000,0.000568,bitmex_XBTUSD
1525204800,1.3e-05,bitmex_XBTUSD
1525233600,0.0001,bitmex_XBTUSD
1525262400,0.0001,bitmex_XBTUSD
1525291200,0.0001,bitmex_XBTUSD
1525320000,0.000987,bitmex_XBTUSD
1525348800,0.000811,bitmex_XBTUSD
1525377600,0.000695,bitmex_XBTUSD
1525406400,0.003084,bitmex_XBTUSD
1525435200,0.002449,bitmex_XBTUSD
1525464000,0.002747,bitmex_XBTUSD
1525492800,0.002073,bitmex_XBTUSD
1525521600,0.000761,bitmex_XBTUSD
1525550400,0.001719,bitmex_XBTUSD
1525579200,0.001624,bitmex_XBTUSD
1525608000,0.003149,bitmex_XBTUSD
1525636800,0.00375,bitmex_XBTUSD
1525665600,0.002474,bitmex_XBTUSD
1525694400,0.001481,bitmex_XBTUSD
1525723200,0.000574,bitmex_XBTUSD
1525752000,0.000305,bitmex_XBTUSD
1525780800,0.0001,bitmex_XBTUSD
1525809600,0.000228,bitmex_XBTUSD
1525838400,0.000466,bitmex_XBTUSD
1525867200,0.000906,bitmex_XBTUSD
1525896000,0.001061,bitmex_XBTUSD
1525924800,0.0001,bitmex_XBTUSD
1525953600,0.000421,bitmex_XBTUSD
1525982400,0.000417,bitmex_XBTUSD
1526011200,0.000377,bitmex_XBTUSD
1526040000,0.0001,bitmex_XBTUSD
1526068800,0.000137,bitmex_XBTUSD
1526097600,0.0001,bitmex_XBTUSD
1526126400,0.0001,bitmex_XBTUSD
1526155200,0.0001,bitmex_XBTUSD
1526184000,-0.000109,bitmex_XBTUSD
1526212800,0.0001,bitmex_XBTUSD
1526241600,-0.000227,bitmex_XBTUSD
1526270400,-0.000338,bitmex_XBTUSD
1526299200,0.0001,bitmex_XBTUSD
1526328000,-0.000152,bitmex_XBTUSD
1526356800,0.0001,bitmex_XBTUSD
1526385600,0.0001,bitmex_XBTUSD
1526414400,0.0001,bitmex_XBTUSD
1526443200,0.0001,bitmex_XBTUSD
1526472000,-0.000112,bitmex_XBTUSD
1526500800,-0.000715,bitmex_XBTUSD
1526529600,0.0001,bitmex_XBTUSD
1526558400,0.0001,bitmex_XBTUSD
1526587200,0.0001,bitmex_XBTUSD
1526616000,0.0001,bitmex_XBTUSD
1526644800,0.000533,bitmex_XBTUSD
1526673600,-6.9e-05,bitmex_XBTUSD
1526702400,0.0001,bitmex_XBTUSD
1526731200,0.0001,bitmex_XBTUSD
1526760000,1.3e-05,bitmex_XBTUSD
1526788800,0.0001,bitmex_XBTUSD
1526817600,0.0001,bitmex_XBTUSD
1526846400,0.0001,bitmex_XBTUSD
1526875200,0.0001,bitmex_XBTUSD
1526904000,0.0001,bitmex_XBTUSD
1526932800,0.000126,bitmex_XBTUSD
1526961600,0.000773,bitmex_XBTUSD
1526990400,0.000248,bitmex_XBTUSD
1527019200,0.0001,bitmex_XBTUSD
1527048000,0.000766,bitmex_XBTUSD
1527076800,0.0001,bitmex_XBTUSD
1527105600,0.000147,bitmex_XBTUSD
1527134400,0.0001,bitmex_XBTUSD
1527163200,-0.000228,bitmex_XBTUSD
1527192000,-0.000261,bitmex_XBTUSD
1527220800,-0.000219,bitmex_XBTUSD
1527249600,-0.00035,bitmex_XBTUSD
1527278400,-0.000197,bitmex_XBTUSD
1527307200,0.0001,bitmex_XBTUSD
1527336000,0.0001,bitmex_XBTUSD
1527364800,0.0001,bitmex_XBTUSD
1527393600,0.0001,bitmex_XBTUSD
1527422400,-0.000367,bitmex_XBTUSD
1527451200,-0.00035,bitmex_XBTUSD
1527480000,-0.000248,bitmex_XBTUSD
1527508800,-0.000269,bitmex_XBTUSD
1527537600,2.4e-05,bitmex_XBTUSD
1527566400,0.0001,bitmex_XBTUSD
1527595200,0.000177,bitmex_XBTUSD
1527624000,0.000456,bitmex_XBTUSD
1527652800,0.0001,bitmex_XBTUSD
1527681600,0.0001,bitmex_XBTUSD
1527710400,0.000162,bitmex_XBTUSD
1527739200,0.0001,bitmex_XBTUSD
1527768000,3.1e-05,bitmex_XBTUSD
1527796800,0.0001,bitmex_XBTUSD
1527825600,0.0001,bitmex_XBTUSD
1527854400,0.0001,bitmex_XBTUSD
1527883200,0.0001,bitmex_XBTUSD
1527912000,0.0001,bitmex_XBTUSD
1527940800,0.0001,bitmex_XBTUSD
1527969600,0.0001,bitmex_XBTUSD
1527998400,-1.5e-05,bitmex_XBTUSD
1528027200,0.0001,bitmex_XBTUSD
1528056000,-0.000436,bitmex_XBTUSD
1528084800,-0.000267,bitmex_XBTUSD
1528113600,0.0001,bitmex_XBTUSD
1528142400,0.0001,bitmex_XBTUSD
1528171200,0.0001,bitmex_XBTUSD
1528200000,0.0001,bitmex_XBTUSD
1528228800,0.0001,bitmex_XBTUSD
1528257600,0.0001,bitmex_XBTUSD
1528286400,0.000486,bitmex_XBTUSD
1528315200,0.000227,bitmex_XBTUSD
1528344000,0.0001,bitmex_XBTUSD
1528372800,0.0001,bitmex_XBTUSD
1528401600,0.000371,bitmex_XBTUSD
1528430400,0.0001,bitmex_XBTUSD
1528459200,0.000201,bitmex_XBTUSD
1528488000,0.000209,bitmex_XBTUSD
1528516800,0.0001,bitmex_XBTUSD
1528545600,0.000311,bitmex_XBTUSD
1528574400,0.000356,bitmex_XBTUSD
1528603200,0.000793,bitmex_XBTUSD
1528632000,0.0001,bitmex_XBTUSD
1528660800,0.0001,bitmex_XBTUSD
1528689600,-0.000865,bitmex_XBTUSD
1528718400,-0.001395,bitmex_XBTUSD
1528747200,-0.001125,bitmex_XBTUSD
1528776000,-5.3e-05,bitmex_XBTUSD
1528804800,-0.00079,bitmex_XBTUSD
1528833600,-0.000417,bitmex_XBTUSD
1528862400,7.8e-05,bitmex_XBTUSD
1528891200,3e-06,bitmex_XBTUSD
1528920000,0.0001,bitmex_XBTUSD
1528948800,-5.7e-05,bitmex_XBTUSD
1528977600,-0.000649,bitmex_XBTUSD
1529006400,-0.00052,bitmex_XBTUSD
1529035200,-0.000545,bitmex_XBTUSD
1529064000,-0.000933,bitmex_XBTUSD
1529092800,-0.000338,bitmex_XBTUSD
1529121600,-0.000754,bitmex_XBTUSD
1529150400,-0.000388,bitmex_XBTUSD
1529179200,-0.000809,bitmex_XBTUSD
1529208000,-0.000589,bitmex_XBTUSD
1529236800,-0.000906,bitmex_XBTUSD
1529265600,-0.001113,bitmex_XBTUSD
1529294400,-0.000208,bitmex_XBTUSD
1529323200,2.3e-05,bitmex_XBTUSD
1529352000,-4.7e-05,bitmex_XBTUSD
1529380800,-0.000379,bitmex_XBTUSD
1529409600,0.0001,bitmex_XBTUSD
1529438400,0.0001,bitmex_XBTUSD
1529467200,-0.000369,bitmex_XBTUSD
1529496000,-0.000535,bitmex_XBTUSD
1529524800,-0.00053,bitmex_XBTUSD
1529553600,-0.000229,bitmex_XBTUSD
1529582400,-0.00066,bitmex_XBTUSD
1529611200,-0.000154,bitmex_XBTUSD
1529640000,0.0001,bitmex_XBTUSD
1529668800,9.7e-05,bitmex_XBTUSD
1529697600,-0.00032,bitmex_XBTUSD
1529726400,-0.001153,bitmex_XBTUSD
1529755200,-0.002254,bitmex_XBTUSD
1529784000,-0.002528,bitmex_XBTUSD
1529812800,-0.00061,bitmex_XBTUSD
1529841600,-0.000742,bitmex_XBTUSD
1529870400,-0.002007,bitmex_XBTUSD
1529899200,0.0001,bitmex_XBTUSD
1529928000,0.0001,bitmex_XBTUSD
1529956800,2e-05,bitmex_XBTUSD
1529985600,-0.000345,bitmex_XBTUSD
1530014400,0.0001,bitmex_XBTUSD
1530043200,0.0001,bitmex_XBTUSD
1530072000,0.0001,bitmex_XBTUSD
1530100800,0.0001,bitmex_XBTUSD
1530129600,0.0001,bitmex_XBTUSD
1530158400,0.0001,bitmex_XBTUSD
1530187200,6.7e-05,bitmex_XBTUSD
1530216000,0.0001,bitmex_XBTUSD
1530244800,0.0001,bitmex_XBTUSD
1530273600,-0.000125,bitmex_XBTUSD
1530302400,-6.9e-05,bitmex_XBTUSD
1530331200,0.0001,bitmex_XBTUSD
1530360000,0.0001,bitmex_XBTUSD
1530388800,0.0001,bitmex_XBTUSD
1530417600,0.0001,bitmex_XBTUSD
1530446400,0.0001,bitmex_XBTUSD
1530475200,0.0001,bitmex_XBTUSD
1530504000,0.000117,bitmex_XBTUSD
1530532800,0.0001,bitmex_XBTUSD
1530561600,0.0001,bitmex_XBTUSD
1530590400,0.0001,bitmex_XBTUSD
1530619200,-5.5e-05,bitmex_XBTUSD
1530648000,-0.000112,bitmex_XBTUSD
1530676800,0.0001,bitmex_XBTUSD
1530705600,0.0001,bitmex_XBTUSD
1530734400,7.5e-05,bitmex_XBTUSD
1530763200,0.0001,bitmex_XBTUSD
1530792000,0.0001,bitmex_XBTUSD
1530820800,0.0001,bitmex_XBTUSD
1530849600,0.0001,bitmex_XBTUSD
1530878400,0.0001,bitmex_XBTUSD
1530907200,0.0001,bitmex_XBTUSD
1530936000,0.0001,bitmex_XBTUSD
1530964800,0.0001,bitmex_XBTUSD
1530993600,0.0001,bitmex_XBTUSD
1531022400,0.0001,bitmex_XBTUSD
1531051200,0.0001,bitmex_XBTUSD
1531080000,0.0001,bitmex_XBTUSD
1531108800,-9.2e-05,bitmex_XBTUSD
1531137600,0.0001,bitmex_XBTUSD
1531166400,0.0001,bitmex_XBTUSD
1531195200,0.0001,bitmex_XBTUSD
1531224000,0.0001,bitmex_XBTUSD
1531252800,0.0001,bitmex_XBTUSD
1531281600,0.0001,bitmex_XBTUSD
1531310400,0.0001,bitmex_XBTUSD
1531339200,0.0001,bitmex_XBTUSD
1531368000,0.0001,bitmex_XBTUSD
1531396800,-0.000324,bitmex_XBTUSD
1531425600,0.0001,bitmex_XBTUSD
1531454400,6.6e-05,bitmex_XBTUSD
1531483200,2.8e-05,bitmex_XBTUSD
1531512000,-0.000229,bitmex_XBTUSD
1531540800,-0.00014,bitmex_XBTUSD
1531569600,0.0001,bitmex_XBTUSD
1531598400,0.0001,bitmex_XBTUSD
1531627200,-0.000443,bitmex_XBTUSD
1531656000,0.0001,bitmex_XBTUSD
1531684800,-0.00056,bitmex_XBTUSD
1531713600,-0.000763,bitmex_XBTUSD
1531742400,-0.000206,bitmex_XBTUSD
1531771200,-0.000117,bitmex_XBTUSD
1531800000,0.0001,bitmex_XBTUSD
1531828800,-2.4e-05,bitmex_XBTUSD
1531857600,0.0001,bitmex_XBTUSD
1531886400,0.0001,bitmex_XBTUSD
1531915200,0.000129,bitmex_XBTUSD
1531944000,0.000193,bitmex_XBTUSD
1531972800,0.0001,bitmex_XBTUSD
1532001600,0.0001,bitmex_XBTUSD
1532030400,0.0001,bitmex_XBTUSD
1532059200,0.0001,bitmex_XBTUSD
1532088000,0.0001,bitmex_XBTUSD
1532116800,0.0001,bitmex_XBTUSD
1532145600,0.0001,bitmex_XBTUSD
1532174400,0.0001,bitmex_XBTUSD
1532203200,0.0001,bitmex_XBTUSD
1532232000,0.0001,bitmex_XBTUSD
1532260800,0.0001,bitmex_XBTUSD
1532289600,0.0001,bitmex_XBTUSD
1532318400,0.0001,bitmex_XBTUSD
1532347200,0.0001,bitmex_XBTUSD
1532376000,0.0001,bitmex_XBTUSD
1532404800,0.0001,bitmex_XBTUSD
1532433600,-0.000167,bitmex_XBTUSD
1532462400,0.0001,bitmex_XBTUSD
1532491200,0.0001,bitmex_XBTUSD
1532520000,0.0001,bitmex_XBTUSD
1532548800,0.000503,bitmex_XBTUSD
1532577600,0.000724,bitmex_XBTUSD
1532606400,0.000651,bitmex_XBTUSD
1532635200,0.000514,bitmex_XBTUSD
1532664000,0.000752,bitmex_XBTUSD
1532692800,0.000702,bitmex_XBTUSD
1532721600,0.000404,bitmex_XBTUSD
1532750400,0.000781,bitmex_XBTUSD
1532779200,0.000618,bitmex_XBTUSD
1532808000,0.000412,bitmex_XBTUSD
1532836800,0.000735,bitmex_XBTUSD
1532865600,0.000561,bitmex_XBTUSD
1532894400,0.000749,bitmex_XBTUSD
1532923200,0.000358,bitmex_XBTUSD
1532952000,0.000414,bitmex_XBTUSD
1532980800,0.001558,bitmex_XBTUSD
1533009600,0.000946,bitmex_XBTUSD
1533038400,0.000872,bitmex_XBTUSD
1533067200,0.000832,bitmex_XBTUSD
1533096000,0.0001,bitmex_XBTUSD
1533124800,0.0001,bitmex_XBTUSD
1533153600,0.0001,bitmex_XBTUSD
1533182400,0.0001,bitmex_XBTUSD
1533211200,0.0001,bitmex_XBTUSD
1533240000,0.0001,bitmex_XBTUSD
1533268800,0.0001,bitmex_XBTUSD
1533297600,0.0001,bitmex_XBTUSD
1533326400,0.0001,bitmex_XBTUSD
1533355200,0.0001,bitmex_XBTUSD
1533384000,0.0001,bitmex_XBTUSD
1533412800,0.0001,bitmex_XBTUSD
1533441600,-0.000483,bitmex_XBTUSD
1533470400,-0.000245,bitmex_XBTUSD
1533499200,-2.3e-05,bitmex_XBTUSD
1533528000,-0.000157,bitmex_XBTUSD
1533556800,-0.000395,bitmex_XBTUSD
1533585600,0.0001,bitmex_XBTUSD
1533614400,0.0001,bitmex_XBTUSD
1533643200,0.0001,bitmex_XBTUSD
1533672000,0.0001,bitmex_XBTUSD
1533700800,-0.000289,bitmex_XBTUSD
1533729600,-0.000558,bitmex_XBTUSD
1533758400,-0.000561,bitmex_XBTUSD
1533787200,-0.000971,bitmex_XBTUSD
1533816000,-0.001114,bitmex_XBTUSD
1533844800,-0.001016,bitmex_XBTUSD
1533873600,-0.000579,bitmex_XBTUSD
1533902400,-0.000706,bitmex_XBTUSD
1533931200,-4.9e-05,bitmex_XBTUSD
1533960000,-2.6e-05,bitmex_XBTUSD
1533988800,-0.000965,bitmex_XBTUSD
1534017600,-0.000736,bitmex_XBTUSD
1534046400,-9.1e-05,bitmex_XBTUSD
1534075200,0.0001,bitmex_XBTUSD
1534104000,0.0001,bitmex_XBTUSD
1534132800,0.0001,bitmex_XBTUSD
1534161600,0.0001,bitmex_XBTUSD
1534190400,-0.000268,bitmex_XBTUSD
1534219200,1.5e-05,bitmex_XBTUSD
1534248000,-0.001131,bitmex_XBTUSD
1534276800,-0.001328,bitmex_XBTUSD
1534305600,-0.000344,bitmex_XBTUSD
1534334400,-0.000316,bitmex_XBTUSD
1534363200,-0.000732,bitmex_XBTUSD
1534392000,-0.000441,bitmex_XBTUSD
1534420800,-0.000309,bitmex_XBTUSD
1534449600,-0.000397,bitmex_XBTUSD
1534478400,-0.000188,bitmex_XBTUSD
1534507200,-0.000566,bitmex_XBTUSD
1534536000,-0.000258,bitmex_XBTUSD
1534564800,-0.00019,bitmex_XBTUSD
1534593600,-0.000547,bitmex_XBTUSD
1534622400,-0.000704,bitmex_XBTUSD
1534651200,-0.000771,bitmex_XBTUSD
1534680000,-0.000627,bitmex_XBTUSD
1534708800,-0.000607,bitmex_XBTUSD
1534737600,-0.000588,bitmex_XBTUSD
1534766400,0.0001,bitmex_XBTUSD
1534795200,0.0001,bitmex_XBTUSD
1534824000,6e-05,bitmex_XBTUSD
1534852800,-0.000621,bitmex_XBTUSD
1534881600,-0.000561,bitmex_XBTUSD
1534910400,-7.7e-05,bitmex_XBTUSD
1534939200,-2.2e-05,bitmex_XBTUSD
1534968000,0.0001,bitmex_XBTUSD
1534996800,0.0001,bitmex_XBTUSD
1535025600,-0.000759,bitmex_XBTUSD
1535054400,-0.000446,bitmex_XBTUSD
1535083200,-0.000137,bitmex_XBTUSD
1535112000,-0.000161,bitmex_XBTUSD
1535140800,-0.000462,bitmex_XBTUSD
1535169600,-0.00048,bitmex_XBTUSD
1535198400,-3.5e-05,bitmex_XBTUSD
1535227200,0.0001,bitmex_XBTUSD
1535256000,7.9e-05,bitmex_XBTUSD
1535284800,4.5e-05,bitmex_XBTUSD
1535313600,6e-06,bitmex_XBTUSD
1535342400,-0.00027,bitmex_XBTUSD
1535371200,-0.000152,bitmex_XBTUSD
1535400000,-2.1e-05,bitmex_XBTUSD
1535428800,0.0001,bitmex_XBTUSD
1535457600,0.0001,bitmex_XBTUSD
1535486400,0.0001,bitmex_XBTUSD
1535515200,0.0001,bitmex_XBTUSD
1535544000,0.0001,bitmex_XBTUSD
1535572800,0.0001,bitmex_XBTUSD
1535601600,0.0001,bitmex_XBTUSD
1535630400,0.0001,bitmex_XBTUSD
1535659200,0.000116,bitmex_XBTUSD
1535688000,0.0001,bitmex_XBTUSD
1535716800,0.0001,bitmex_XBTUSD
1535745600,0.0001,bitmex_XBTUSD
1535774400,0.000122,bitmex_XBTUSD
1535803200,0.0001,bitmex_XBTUSD
1535832000,0.0001,bitmex_XBTUSD
1535860800,0.0001,bitmex_XBTUSD
1535889600,0.000313,bitmex_XBTUSD
1535918400,0.0001,bitmex_XBTUSD
1535947200,0.0001,bitmex_XBTUSD
1535976000,0.0001,bitmex_XBTUSD
1536004800,0.0001,bitmex_XBTUSD
1536033600,0.0001,bitmex_XBTUSD
1536062400,0.0001,bitmex_XBTUSD
1536091200,0.0001,bitmex_XBTUSD
1536120000,0.0001,bitmex_XBTUSD
1536148800,0.0001,bitmex_XBTUSD
1536177600,0.0001,bitmex_XBTUSD
1536206400,0.0001,bitmex_XBTUSD
1536235200,-0.000227,bitmex_XBTUSD
1536264000,-0.00085,bitmex_XBTUSD
1536292800,-0.000146,bitmex_XBTUSD
1536321600,-0.000371,bitmex_XBTUSD
1536350400,-0.000633,bitmex_XBTUSD
1536379200,-0.000101,bitmex_XBTUSD
1536408000,-4.2e-05,bitmex_XBTUSD
1536436800,-0.000349,bitmex_XBTUSD
1536465600,-5.3e-05,bitmex_XBTUSD
1536494400,-0.000281,bitmex_XBTUSD
1536523200,-0.000545,bitmex_XBTUSD
1536552000,-0.000834,bitmex_XBTUSD
1536580800,-0.000358,bitmex_XBTUSD
1536609600,-0.000589,bitmex_XBTUSD
1536638400,-0.000402,bitmex_XBTUSD
1536667200,-8.2e-05,bitmex_XBTUSD
1536696000,-0.000203,bitmex_XBTUSD
1536724800,-0.000467,bitmex_XBTUSD
1536753600,0.0001,bitmex_XBTUSD
1536782400,0.0001,bitmex_XBTUSD
1536811200,-1.1e-05,bitmex_XBTUSD
1536840000,-0.000263,bitmex_XBTUSD
1536868800,-0.0007,bitmex_XBTUSD
1536897600,-0.000968,bitmex_XBTUSD
1536926400,-0.000377,bitmex_XBTUSD
1536955200,-0.000341,bitmex_XBTUSD
1536984000,-0.000384,bitmex_XBTUSD
1537012800,-0.000514,bitmex_XBTUSD
1537041600,-0.000565,bitmex_XBTUSD
1537070400,-0.000474,bitmex_XBTUSD
1537099200,-9e-05,bitmex_XBTUSD
1537128000,-2.8e-05,bitmex_XBTUSD
1537156800,-3.2e-05,bitmex_XBTUSD
1537185600,-0.000186,bitmex_XBTUSD
1537214400,7.9e-05,bitmex_XBTUSD
1537243200,3e-06,bitmex_XBTUSD
1537272000,-8.5e-05,bitmex_XBTUSD
1537300800,-0.000209,bitmex_XBTUSD
1537329600,-8.3e-05,bitmex_XBTUSD
1537358400,-2e-05,bitmex_XBTUSD
1537387200,5.5e-05,bitmex_XBTUSD
1537416000,5.7e-05,bitmex_XBTUSD
1537444800,-0.000221,bitmex_XBTUSD
1537473600,5e-06,bitmex_XBTUSD
1537502400,-0.000106,bitmex_XBTUSD
1537531200,-0.000558,bitmex_XBTUSD
1537560000,-0.000158,bitmex_XBTUSD
1537588800,0.0001,bitmex_XBTUSD
1537617600,2e-05,bitmex_XBTUSD
1537646400,0.0001,bitmex_XBTUSD
1537675200,0.0001,bitmex_XBTUSD
1537704000,0.0001,bitmex_XBTUSD
1537732800,0.0001,bitmex_XBTUSD
1537761600,0.0001,bitmex_XBTUSD
1537790400,0.0001,bitmex_XBTUSD
1537819200,0.000111,bitmex_XBTUSD
1537848000,0.0001,bitmex_XBTUSD
1537876800,0.0001,bitmex_XBTUSD
1537905600,0.0001,bitmex_XBTUSD
1537934400,0.0001,bitmex_XBTUSD
1537963200,7.6e-05,bitmex_XBTUSD
1537992000,-0.000222,bitmex_XBTUSD
1538020800,-8.1e-05,bitmex_XBTUSD
1538049600,0.0001,bitmex_XBTUSD
1538078400,0.0001,bitmex_XBTUSD
1538107200,0.0001,bitmex_XBTUSD
1538136000,0.0001,bitmex_XBTUSD
1538164800,0.0001,bitmex_XBTUSD
1538193600,0.0001,bitmex_XBTUSD
1538222400,0.0001,bitmex_XBTUSD
1538251200,0.0001,bitmex_XBTUSD
1538280000,0.0001,bitmex_XBTUSD
1538308800,0.0001,bitmex_XBTUSD
1538337600,0.000159,bitmex_XBTUSD
1538366400,0.000327,bitmex_XBTUSD
1538395200,0.0001,bitmex_XBTUSD
1538424000,0.0001,bitmex_XBTUSD
1538452800,0.0001,bitmex_XBTUSD
1538481600,0.0001,bitmex_XBTUSD
1538510400,0.0001,bitmex_XBTUSD
1538539200,0.0001,bitmex_XBTUSD
1538568000,0.0001,bitmex_XBTUSD
1538596800,0.0001,bitmex_XBTUSD
1538625600,0.0001,bitmex_XBTUSD
1538654400,0.0001,bitmex_XBTUSD
1538683200,0.000302,bitmex_XBTUSD
1538712000,0.000238,bitmex_XBTUSD
1538740800,0.0001,bitmex_XBTUSD
1538769600,0.000295,bitmex_XBTUSD
1538798400,0.000544,bitmex_XBTUSD
1538827200,0.0001,bitmex_XBTUSD
1538856000,0.0001,bitmex_XBTUSD
1538884800,0.0001,bitmex_XBTUSD
1538913600,0.0001,bitmex_XBTUSD
1538942400,0.0001,bitmex_XBTUSD
1538971200,0.0001,bitmex_XBTUSD
1539000000,0.0001,bitmex_XBTUSD
1539028800,0.000313,bitmex_XBTUSD
1539057600,0.0001,bitmex_XBTUSD
1539086400,0.0001,bitmex_XBTUSD
1539115200,0.000477,bitmex_XBTUSD
1539144000,0.000442,bitmex_XBTUSD
1539172800,0.000245,bitmex_XBTUSD
1539201600,0.000342,bitmex_XBTUSD
1539230400,0.0001,bitmex_XBTUSD
1539259200,0.0001,bitmex_XBTUSD
1539288000,0.0001,bitmex_XBTUSD
1539316800,0.0001,bitmex_XBTUSD
1539345600,0.0001,bitmex_XBTUSD
1539374400,0.0001,bitmex_XBTUSD
1539403200,0.0001,bitmex_XBTUSD
1539432000,-1.9e-05,bitmex_XBTUSD
1539460800,-0.000622,bitmex_XBTUSD
1539489600,-0.000263,bitmex_XBTUSD
1539518400,0.0001,bitmex_XBTUSD
1539547200,-0.000149,bitmex_XBTUSD
1539576000,-0.000209,bitmex_XBTUSD
1539604800,-0.000185,bitmex_XBTUSD
1539633600,0.0001,bitmex_XBTUSD
1539662400,0.0001,bitmex_XBTUSD
1539691200,-2.1e-05,bitmex_XBTUSD
1539720000,0.0001,bitmex_XBTUSD
1539748800,0.0001,bitmex_XBTUSD
1539777600,-4.9e-05,bitmex_XBTUSD
1539806400,0.0001,bitmex_XBTUSD
1539835200,0.0001,bitmex_XBTUSD
1539864000,0.0001,bitmex_XBTUSD
1539892800,0.0001,bitmex_XBTUSD
1539921600,0.0001,bitmex_XBTUSD
1539950400,0.0001,bitmex_XBTUSD
1539979200,0.0001,bitmex_XBTUSD
1540008000,0.0001,bitmex_XBTUSD
1540036800,0.0001,bitmex_XBTUSD
1540065600,0.0001,bitmex_XBTUSD
1540094400,0.0001,bitmex_XBTUSD
1540123200,0.0001,bitmex_XBTUSD
1540152000,0.0001,bitmex_XBTUSD
1540180800,0.0001,bitmex_XBTUSD
1540209600,0.0001,bitmex_XBTUSD
1540238400,0.0001,bitmex_XBTUSD
1540267200,0.0001,bitmex_XBTUSD
1540296000,0.0001,bitmex_XBTUSD
1540324800,0.0001,bitmex_XBTUSD
1540353600,0.0001,bitmex_XBTUSD
1540382400,0.0001,bitmex_XBTUSD
1540411200,0.0001,bitmex_XBTUSD
1540440000,0.0001,bitmex_XBTUSD
1540468800,0.0001,bitmex_XBTUSD
1540497600,0.0001,bitmex_XBTUSD
1540526400,0.0001,bitmex_XBTUSD
1540555200,0.0001,bitmex_XBTUSD
1540584000,0.0001,bitmex_XBTUSD
1540612800,0.000188,bitmex_XBTUSD
1540641600,0.0001,bitmex_XBTUSD
1540670400,0.0001,bitmex_XBTUSD
1540699200,0.0001,bitmex_XBTUSD
1540728000,0.0001,bitmex_XBTUSD
1540756800,0.0001,bitmex_XBTUSD
1540785600,0.0001,bitmex_XBTUSD
1540814400,0.0001,bitmex_XBTUSD
1540843200,0.000762,bitmex_XBTUSD
1540872000,0.000426,bitmex_XBTUSD
1540900800,0.000133,bitmex_XBTUSD
1540929600,0.00036,bitmex_XBTUSD
1540958400,0.00049,bitmex_XBTUSD
1540987200,0.0001,bitmex_XBTUSD
1541016000,0.0001,bitmex_XBTUSD
1541044800,0.0001,bitmex_XBTUSD
1541073600,0.0001,bitmex_XBTUSD
1541102400,0.0001,bitmex_XBTUSD
1541131200,0.0001,bitmex_XBTUSD
1541160000,0.0001,bitmex_XBTUSD
1541188800,0.0001,bitmex_XBTUSD
1541217600,0.0001,bitmex_XBTUSD
1541246400,0.0001,bitmex_XBTUSD
1541275200,0.0001,bitmex_XBTUSD
1541304000,0.0001,bitmex_XBTUSD
1541332800,0.0001,bitmex_XBTUSD
1541361600,0.0001,bitmex_XBTUSD
1541390400,0.0001,bitmex_XBTUSD
1541419200,0.000107,bitmex_XBTUSD
1541448000,0.000656,bitmex_XBTUSD
1541476800,0.0005,bitmex_XBTUSD
1541505600,0.0001,bitmex_XBTUSD
1541534400,0.000495,bitmex_XBTUSD
1541563200,0.000166,bitmex_XBTUSD
1541592000,0.000176,bitmex_XBTUSD
1541620800,0.0001,bitmex_XBTUSD
1541649600,0.0001,bitmex_XBTUSD
1541678400,0.000668,bitmex_XBTUSD
1541707200,0.001052,bitmex_XBTUSD
1541736000,0.0001,bitmex_XBTUSD
1541764800,0.000641,bitmex_XBTUSD
1541793600,0.001058,bitmex_XBTUSD
1541822400,0.000358,bitmex_XBTUSD
1541851200,0.000379,bitmex_XBTUSD
1541880000,0.0001,bitmex_XBTUSD
1541908800,0.0001,bitmex_XBTUSD
1541937600,0.0001,bitmex_XBTUSD
1541966400,0.0001,bitmex_XBTUSD
1541995200,0.0001,bitmex_XBTUSD
1542024000,0.0001,bitmex_XBTUSD
1542052800,0.0001,bitmex_XBTUSD
1542081600,0.000484,bitmex_XBTUSD
1542110400,0.000974,bitmex_XBTUSD
1542139200,0.000358,bitmex_XBTUSD
1542168000,0.000598,bitmex_XBTUSD
1542196800,0.0001,bitmex_XBTUSD
1542225600,0.0001,bitmex_XBTUSD
1542254400,-0.002224,bitmex_XBTUSD
1542283200,-0.00272,bitmex_XBTUSD
1542312000,-0.000372,bitmex_XBTUSD
1542340800,-0.000866,bitmex_XBTUSD
1542369600,-0.000459,bitmex_XBTUSD
1542398400,-0.000885,bitmex_XBTUSD
1542427200,-0.000263,bitmex_XBTUSD
1542456000,0.0001,bitmex_XBTUSD
1542484800,9.8e-05,bitmex_XBTUSD
1542513600,-9.7e-05,bitmex_XBTUSD
1542542400,0.0001,bitmex_XBTUSD
1542571200,2.9e-05,bitmex_XBTUSD
1542600000,-0.000223,bitmex_XBTUSD
1542628800,-4.6e-05,bitmex_XBTUSD
1542657600,0.0001,bitmex_XBTUSD
1542686400,0.0001,bitmex_XBTUSD
1542715200,0.0001,bitmex_XBTUSD
1542744000,-0.00124,bitmex_XBTUSD
1542772800,-0.000619,bitmex_XBTUSD
1542801600,-0.000677,bitmex_XBTUSD
1542830400,-0.000657,bitmex_XBTUSD
1542859200,-0.000178,bitmex_XBTUSD
1542888000,-0.000823,bitmex_XBTUSD
1542916800,-0.000672,bitmex_XBTUSD
1542945600,-0.000463,bitmex_XBTUSD
1542974400,-0.000689,bitmex_XBTUSD
1543003200,-0.000461,bitmex_XBTUSD
1543032000,7.9e-05,bitmex_XBTUSD
1543060800,0.0001,bitmex_XBTUSD
1543089600,0.0001,bitmex_XBTUSD
1543118400,2.3e-05,bitmex_XBTUSD
1543147200,-0.002425,bitmex_XBTUSD
1543176000,-0.001489,bitmex_XBTUSD
1543204800,-0.000125,bitmex_XBTUSD
1543233600,-0.000493,bitmex_XBTUSD
1543262400,-0.000953,bitmex_XBTUSD
1543291200,-0.000961,bitmex_XBTUSD
1543320000,-0.002127,bitmex_XBTUSD
1543348800,-0.00141,bitmex_XBTUSD
1543377600,-0.00115,bitmex_XBTUSD
1543406400,-0.00101,bitmex_XBTUSD
1543435200,-0.000547,bitmex_XBTUSD
1543464000,-0.002686,bitmex_XBTUSD
1543492800,-0.001509,bitmex_XBTUSD
1543521600,-0.000269,bitmex_XBTUSD
1543550400,-0.001271,bitmex_XBTUSD
1543579200,-0.000596,bitmex_XBTUSD
1543608000,-0.000786,bitmex_XBTUSD
1543636800,-0.001742,bitmex_XBTUSD
1543665600,-0.001106,bitmex_XBTUSD
1543694400,-0.000471,bitmex_XBTUSD
1543723200,0.0001,bitmex_XBTUSD
1543752000,-2.2e-05,bitmex_XBTUSD
1543780800,-0.000692,bitmex_XBTUSD
1543809600,-0.000715,bitmex_XBTUSD
1543838400,-0.000914,bitmex_XBTUSD
1543867200,-0.000809,bitmex_XBTUSD
1543896000,-0.000996,bitmex_XBTUSD
1543924800,-0.001038,bitmex_XBTUSD
1543953600,-0.000592,bitmex_XBTUSD
1543982400,-0.000352,bitmex_XBTUSD
1544011200,-5.6e-05,bitmex_XBTUSD
1544040000,-0.00013,bitmex_XBTUSD
1544068800,-0.000488,bitmex_XBTUSD
1544097600,-0.000621,bitmex_XBTUSD
1544126400,0.0001,bitmex_XBTUSD
1544155200,-0.000221,bitmex_XBTUSD
1544184000,-0.001318,bitmex_XBTUSD
1544212800,-0.001577,bitmex_XBTUSD
1544241600,-0.001344,bitmex_XBTUSD
1544270400,-0.001741,bitmex_XBTUSD
1544299200,-0.000606,bitmex_XBTUSD
1544328000,-5.7e-05,bitmex_XBTUSD
1544356800,-0.000296,bitmex_XBTUSD
1544385600,-5.3e-05,bitmex_XBTUSD
1544414400,-0.000518,bitmex_XBTUSD
1544443200,-0.000605,bitmex_XBTUSD
1544472000,-4e-05,bitmex_XBTUSD
1544500800,7.5e-05,bitmex_XBTUSD
1544529600,-1e-05,bitmex_XBTUSD
1544558400,-0.000115,bitmex_XBTUSD
1544587200,-0.000504,bitmex_XBTUSD
1544616000,-0.000485,bitmex_XBTUSD
1544644800,-0.000233,bitmex_XBTUSD
1544673600,-0.000252,bitmex_XBTUSD
1544702400,0.0001,bitmex_XBTUSD
1544731200,6.4e-05,bitmex_XBTUSD
1544760000,-7.9e-05,bitmex_XBTUSD
1544788800,-0.00093,bitmex_XBTUSD
1544817600,-0.000636,bitmex_XBTUSD
1544846400,-0.000297,bitmex_XBTUSD
1544875200,6.9e-05,bitmex_XBTUSD
1544904000,-0.000481,bitmex_XBTUSD
1544932800,-0.000356,bitmex_XBTUSD
1544961600,7.4e-05,bitmex_XBTUSD
1544990400,0.0001,bitmex_XBTUSD
1545019200,-8.7e-05,bitmex_XBTUSD
1545048000,-0.000294,bitmex_XBTUSD
1545076800,-0.000472,bitmex_XBTUSD
1545105600,-0.000695,bitmex_XBTUSD
1545134400,-0.000148,bitmex_XBTUSD
1545163200,0.0001,bitmex_XBTUSD
1545192000,-0.000747,bitmex_XBTUSD
1545220800,-0.001182,bitmex_XBTUSD
1545249600,-0.000628,bitmex_XBTUSD
1545278400,-0.001504,bitmex_XBTUSD
1545307200,-0.000964,bitmex_XBTUSD
1545336000,-0.000253,bitmex_XBTUSD
1545364800,-0.000124,bitmex_XBTUSD
1545393600,-0.000454,bitmex_XBTUSD
1545422400,-0.00092,bitmex_XBTUSD
1545451200,-0.000493,bitmex_XBTUSD
1545480000,0.0001,bitmex_XBTUSD
1545508800,0.0001,bitmex_XBTUSD
1545537600,-0.000279,bitmex_XBTUSD
1545566400,-4.2e-05,bitmex_XBTUSD
1545595200,-0.000275,bitmex_XBTUSD
1545624000,-0.000481,bitmex_XBTUSD
1545652800,-0.000111,bitmex_XBTUSD
1545681600,0.0001,bitmex_XBTUSD
1545710400,-0.000536,bitmex_XBTUSD
1545739200,-0.000222,bitmex_XBTUSD
1545768000,0.0001,bitmex_XBTUSD
1545796800,6.5e-05,bitmex_XBTUSD
1545825600,-0.000268,bitmex_XBTUSD
1545854400,-5.9e-05,bitmex_XBTUSD
1545883200,0.0001,bitmex_XBTUSD
1545912000,0.0001,bitmex_XBTUSD
1545940800,0.0001,bitmex_XBTUSD
1545969600,-0.00065,bitmex_XBTUSD
1545998400,-0.000365,bitmex_XBTUSD
1546027200,-0.000689,bitmex_XBTUSD
1546056000,-0.000453,bitmex_XBTUSD
1546084800,0.0001,bitmex_XBTUSD
1546113600,0.0001,bitmex_XBTUSD
1546142400,0.0001,bitmex_XBTUSD
1546171200,-0.000718,bitmex_XBTUSD
1546200000,-0.00068,bitmex_XBTUSD
1546228800,-3e-05,bitmex_XBTUSD
1546257600,0.0001,bitmex_XBTUSD
1546286400,0.0001,bitmex_XBTUSD
1546315200,0.0001,bitmex_XBTUSD
1546344000,0.0001,bitmex_XBTUSD
1546372800,0.0001,bitmex_XBTUSD
1546401600,-5.6e-05,bitmex_XBTUSD
1546430400,0.0001,bitmex_XBTUSD
1546459200,0.0001,bitmex_XBTUSD
1546488000,-0.000253,bitmex_XBTUSD
1546516800,-0.000467,bitmex_XBTUSD
1546545600,-0.000246,bitmex_XBTUSD
1546574400,-1.2e-05,bitmex_XBTUSD
1546603200,-1e-06,bitmex_XBTUSD
1546632000,3.6e-05,bitmex_XBTUSD
1546660800,-7.8e-05,bitmex_XBTUSD
1546689600,-0.000259,bitmex_XBTUSD
1546718400,6.1e-05,bitmex_XBTUSD
1546747200,-0.000165,bitmex_XBTUSD
1546776000,-0.00045,bitmex_XBTUSD
1546804800,-0.000341,bitmex_XBTUSD
1546833600,4.4e-05,bitmex_XBTUSD
1546862400,0.0001,bitmex_XBTUSD
1546891200,0.0001,bitmex_XBTUSD
1546920000,-1.3e-05,bitmex_XBTUSD
1546948800,2.5e-05,bitmex_XBTUSD
1546977600,0.0001,bitmex_XBTUSD
1547006400,-0.000406,bitmex_XBTUSD
1547035200,-5.3e-05,bitmex_XBTUSD
1547064000,0.0001,bitmex_XBTUSD
1547092800,0.0001,bitmex_XBTUSD
1547121600,-6.9e-05,bitmex_XBTUSD
1547150400,-0.000434,bitmex_XBTUSD
1547179200,-0.001079,bitmex_XBTUSD
1547208000,-0.001344,bitmex_XBTUSD
1547236800,-0.000778,bitmex_XBTUSD
1547265600,-0.001256,bitmex_XBTUSD
1547294400,-0.000997,bitmex_XBTUSD
1547323200,-0.000234,bitmex_XBTUSD
1547352000,-0.000249,bitmex_XBTUSD
1547380800,-0.000397,bitmex_XBTUSD
1547409600,-0.00023,bitmex_XBTUSD
1547438400,0.0001,bitmex_XBTUSD
1547467200,0.0001,bitmex_XBTUSD
1547496000,-0.000252,bitmex_XBTUSD
1547524800,-0.000156,bitmex_XBTUSD
1547553600,-0.000306,bitmex_XBTUSD
1547582400,5.5e-05,bitmex_XBTUSD
1547611200,-2.8e-05,bitmex_XBTUSD
1547640000,-0.000231,bitmex_XBTUSD
1547668800,-0.000252,bitmex_XBTUSD
1547697600,8e-05,bitmex_XBTUSD
1547726400,-0.000136,bitmex_XBTUSD
1547755200,-0.000277,bitmex_XBTUSD
1547784000,-0.000413,bitmex_XBTUSD
1547812800,-0.000174,bitmex_XBTUSD
1547841600,0.0001,bitmex_XBTUSD
1547870400,-0.000321,bitmex_XBTUSD
1547899200,-0.000131,bitmex_XBTUSD
1547928000,0.0001,bitmex_XBTUSD
1547956800,0.0001,bitmex_XBTUSD
1547985600,0.0001,bitmex_XBTUSD
1548014400,0.0001,bitmex_XBTUSD
1548043200,-0.001171,bitmex_XBTUSD
1548072000,-0.000597,bitmex_XBTUSD
1548100800,-5.9e-05,bitmex_XBTUSD
1548129600,-0.000298,bitmex_XBTUSD
1548158400,-0.000398,bitmex_XBTUSD
1548187200,1e-06,bitmex_XBTUSD
1548216000,-0.000691,bitmex_XBTUSD
1548244800,-4.3e-05,bitmex_XBTUSD
1548273600,7.5e-05,bitmex_XBTUSD
1548302400,-0.000501,bitmex_XBTUSD
1548331200,-0.000169,bitmex_XBTUSD
1548360000,8e-05,bitmex_XBTUSD
1548388800,-0.000147,bitmex_XBTUSD
1548417600,-5.1e-05,bitmex_XBTUSD
1548446400,-5e-05,bitmex_XBTUSD
1548475200,-0.000593,bitmex_XBTUSD
1548504000,-0.000255,bitmex_XBTUSD
1548532800,0.0001,bitmex_XBTUSD
1548561600,-0.000218,bitmex_XBTUSD
1548590400,-0.000374,bitmex_XBTUSD
1548619200,8.7e-05,bitmex_XBTUSD
1548648000,-1.8e-05,bitmex_XBTUSD
1548676800,-5.2e-05,bitmex_XBTUSD
1548705600,0.0001,bitmex_XBTUSD
1548734400,0.0001,bitmex_XBTUSD
1548763200,0.0001,bitmex_XBTUSD
1548792000,0.0001,bitmex_XBTUSD
1548820800,-8e-06,bitmex_XBTUSD
1548849600,-2.8e-05,bitmex_XBTUSD
1548878400,0.0001,bitmex_XBTUSD
1548907200,-0.000351,bitmex_XBTUSD
1548936000,-0.000113,bitmex_XBTUSD
1548964800,0.0001,bitmex_XBTUSD
1548993600,0.0001,bitmex_XBTUSD
1549022400,0.0001,bitmex_XBTUSD
1549051200,0.0001,bitmex_XBTUSD
1549080000,0.0001,bitmex_XBTUSD
1549108800,0.0001,bitmex_XBTUSD
1549137600,0.0001,bitmex_XBTUSD
1549166400,2e-06,bitmex_XBTUSD
1549195200,-0.000134,bitmex_XBTUSD
1549224000,-0.00014,bitmex_XBTUSD
1549252800,6.6e-05,bitmex_XBTUSD
1549281600,-5.8e-05,bitmex_XBTUSD
1549310400,-3.1e-05,bitmex_XBTUSD
1549339200,-0.000123,bitmex_XBTUSD
1549368000,-0.000118,bitmex_XBTUSD
1549396800,2e-06,bitmex_XBTUSD
1549425600,-0.000126,bitmex_XBTUSD
1549454400,-4.9e-05,bitmex_XBTUSD
1549483200,7.4e-05,bitmex_XBTUSD
1549512000,9.2e-05,bitmex_XBTUSD
1549540800,0.0001,bitmex_XBTUSD
1549569600,5.3e-05,bitmex_XBTUSD
1549598400,0.0001,bitmex_XBTUSD
1549627200,8.5e-05,bitmex_XBTUSD
1549656000,0.0001,bitmex_XBTUSD
1549684800,0.0001,bitmex_XBTUSD
1549713600,0.0001,bitmex_XBTUSD
1549742400,0.0001,bitmex_XBTUSD
1549771200,0.0001,bitmex_XBTUSD
1549800000,0.0001,bitmex_XBTUSD
1549828800,0.0001,bitmex_XBTUSD
1549857600,0.0001,bitmex_XBTUSD
1549886400,0.0001,bitmex_XBTUSD
1549915200,0.0001,bitmex_XBTUSD
1549944000,0.0001,bitmex_XBTUSD
1549972800,0.0001,bitmex_XBTUSD
1550001600,0.0001,bitmex_XBTUSD
1550030400,0.0001,bitmex_XBTUSD
1550059200,0.0001,bitmex_XBTUSD
1550088000,0.0001,bitmex_XBTUSD
1550116800,0.0001,bitmex_XBTUSD
1550145600,0.0001,bitmex_XBTUSD
1550174400,0.000117,bitmex_XBTUSD
1550203200,0.0001,bitmex_XBTUSD
1550232000,0.0001,bitmex_XBTUSD
1550260800,0.0001,bitmex_XBTUSD
1550289600,0.0001,bitmex_XBTUSD
1550318400,0.0001,bitmex_XBTUSD
1550347200,0.0001,bitmex_XBTUSD
1550376000,0.0001,bitmex_XBTUSD
1550404800,9.1e-05,bitmex_XBTUSD
1550433600,0.0001,bitmex_XBTUSD
1550462400,0.0001,bitmex_XBTUSD
1550491200,-0.000289,bitmex_XBTUSD
1550520000,-0.000569,bitmex_XBTUSD
1550548800,0.0001,bitmex_XBTUSD
1550577600,0.0001,bitmex_XBTUSD
1550606400,0.0001,bitmex_XBTUSD
1550635200,0.0001,bitmex_XBTUSD
1550664000,0.0001,bitmex_XBTUSD
1550692800,0.0001,bitmex_XBTUSD
1550721600,-0.000213,bitmex_XBTUSD
1550750400,0.0001,bitmex_XBTUSD
1550779200,0.0001,bitmex_XBTUSD
1550808000,0.0001,bitmex_XBTUSD
1550836800,6.5e-05,bitmex_XBTUSD
1550865600,0.0001,bitmex_XBTUSD
1550894400,0.0001,bitmex_XBTUSD
1550923200,-7.9e-05,bitmex_XBTUSD
1550952000,9.6e-05,bitmex_XBTUSD
1550980800,8e-06,bitmex_XBTUSD
1551009600,0.0001,bitmex_XBTUSD
1551038400,0.0001,bitmex_XBTUSD
1551067200,-6.4e-05,bitmex_XBTUSD
1551096000,-0.000142,bitmex_XBTUSD
1551124800,-0.000201,bitmex_XBTUSD
1551153600,-0.000316,bitmex_XBTUSD
1551182400,-0.000175,bitmex_XBTUSD
1551211200,-0.000305,bitmex_XBTUSD
1551240000,-0.000221,bitmex_XBTUSD
1551268800,1.6e-05,bitmex_XBTUSD
1551297600,-0.000113,bitmex_XBTUSD
1551326400,-0.00027,bitmex_XBTUSD
1551355200,-0.00016,bitmex_XBTUSD
1551384000,-0.000193,bitmex_XBTUSD
1551412800,-0.000222,bitmex_XBTUSD
1551441600,-0.000183,bitmex_XBTUSD
1551470400,-6.4e-05,bitmex_XBTUSD
1551499200,-0.000369,bitmex_XBTUSD
1551528000,-0.000471,bitmex_XBTUSD
1551556800,-0.000163,bitmex_XBTUSD
1551585600,-2.2e-05,bitmex_XBTUSD
1551614400,-0.000274,bitmex_XBTUSD
1551643200,-0.000297,bitmex_XBTUSD
1551672000,-8.7e-05,bitmex_XBTUSD
1551700800,2.6e-05,bitmex_XBTUSD
1551729600,0.0001,bitmex_XBTUSD
1551758400,3.2e-05,bitmex_XBTUSD
1551787200,0.0001,bitmex_XBTUSD
1551816000,-0.000165,bitmex_XBTUSD
1551844800,0.0001,bitmex_XBTUSD
1551873600,0.0001,bitmex_XBTUSD
1551902400,0.0001,bitmex_XBTUSD
1551931200,-1.7e-05,bitmex_XBTUSD
1551960000,-1e-05,bitmex_XBTUSD
1551988800,3.1e-05,bitmex_XBTUSD
1552017600,-5.4e-05,bitmex_XBTUSD
1552046400,-0.000188,bitmex_XBTUSD
1552075200,-0.000192,bitmex_XBTUSD
1552104000,-0.000528,bitmex_XBTUSD
1552132800,-0.000479,bitmex_XBTUSD
1552161600,-3.2e-05,bitmex_XBTUSD
1552190400,-0.000455,bitmex_XBTUSD
1552219200,-0.000486,bitmex_XBTUSD
1552248000,-0.000245,bitmex_XBTUSD
1552276800,-0.000311,bitmex_XBTUSD
1552305600,-6.2e-05,bitmex_XBTUSD
1552334400,4.1e-05,bitmex_XBTUSD
1552363200,-0.0001,bitmex_XBTUSD
1552392000,-0.000227,bitmex_XBTUSD
1552420800,0.0001,bitmex_XBTUSD
1552449600,-0.000534,bitmex_XBTUSD
1552478400,-0.000454,bitmex_XBTUSD
1552507200,-0.000184,bitmex_XBTUSD
1552536000,-0.000273,bitmex_XBTUSD
1552564800,-0.000305,bitmex_XBTUSD
1552593600,8.4e-05,bitmex_XBTUSD
1552622400,-0.000347,bitmex_XBTUSD
1552651200,-0.000209,bitmex_XBTUSD
1552680000,-0.000111,bitmex_XBTUSD
1552708800,-0.000551,bitmex_XBTUSD
1552737600,-0.000564,bitmex_XBTUSD
1552766400,0.0001,bitmex_XBTUSD
1552795200,0.0001,bitmex_XBTUSD
1552824000,-0.000279,bitmex_XBTUSD
1552852800,0.0001,bitmex_XBTUSD
1552881600,1.5e-05,bitmex_XBTUSD
1552910400,-0.000151,bitmex_XBTUSD
1552939200,-0.000161,bitmex_XBTUSD
1552968000,-0.000106,bitmex_XBTUSD
1552996800,0.0001,bitmex_XBTUSD
1553025600,8.6e-05,bitmex_XBTUSD
1553054400,-0.000212,bitmex_XBTUSD
1553083200,-0.000305,bitmex_XBTUSD
1553112000,0.0001,bitmex_XBTUSD
1553140800,-0.000611,bitmex_XBTUSD
1553169600,-0.000599,bitmex_XBTUSD
1553198400,-0.000656,bitmex_XBTUSD
1553227200,-0.000275,bitmex_XBTUSD
1553256000,-0.00061,bitmex_XBTUSD
1553284800,-0.000366,bitmex_XBTUSD
1553313600,-0.000538,bitmex_XBTUSD
1553342400,-8.6e-05,bitmex_XBTUSD
1553371200,3e-05,bitmex_XBTUSD
1553400000,-0.000138,bitmex_XBTUSD
1553428800,-0.000299,bitmex_XBTUSD
1553457600,-0.00015,bitmex_XBTUSD
1553486400,-0.000252,bitmex_XBTUSD
1553515200,-0.000474,bitmex_XBTUSD
1553544000,-0.000328,bitmex_XBTUSD
1553572800,-0.00055,bitmex_XBTUSD
1553601600,-0.000581,bitmex_XBTUSD
1553630400,-0.000463,bitmex_XBTUSD
1553659200,-0.000612,bitmex_XBTUSD
1553688000,-0.000411,bitmex_XBTUSD
1553716800,-0.000143,bitmex_XBTUSD
1553745600,6.8e-05,bitmex_XBTUSD
1553774400,6.1e-05,bitmex_XBTUSD
1553803200,0.0001,bitmex_XBTUSD
1553832000,-0.000273,bitmex_XBTUSD
1553860800,-7.8e-05,bitmex_XBTUSD
1553889600,-0.000121,bitmex_XBTUSD
1553918400,-0.000591,bitmex_XBTUSD
1553947200,-0.000319,bitmex_XBTUSD
1553976000,-0.000123,bitmex_XBTUSD
1554004800,-0.000265,bitmex_XBTUSD
1554033600,-0.000572,bitmex_XBTUSD
1554062400,-0.000293,bitmex_XBTUSD
1554091200,-0.000565,bitmex_XBTUSD
1554120000,-0.000283,bitmex_XBTUSD
1554148800,-0.000433,bitmex_XBTUSD
1554177600,-0.00099,bitmex_XBTUSD
1554206400,-0.000582,bitmex_XBTUSD
1554235200,0.000593,bitmex_XBTUSD
1554264000,0.00012,bitmex_XBTUSD
1554292800,0.0001,bitmex_XBTUSD
1554321600,0.0001,bitmex_XBTUSD
1554350400,1.5e-05,bitmex_XBTUSD
1554379200,0.0001,bitmex_XBTUSD
1554408000,0.0001,bitmex_XBTUSD
1554436800,0.000192,bitmex_XBTUSD
1554465600,0.000239,bitmex_XBTUSD
1554494400,0.0001,bitmex_XBTUSD
1554523200,0.0001,bitmex_XBTUSD
1554552000,0.0001,bitmex_XBTUSD
1554580800,0.0001,bitmex_XBTUSD
1554609600,0.0001,bitmex_XBTUSD
1554638400,0.0001,bitmex_XBTUSD
1554667200,0.0001,bitmex_XBTUSD
1554696000,0.0001,bitmex_XBTUSD
1554724800,0.0001,bitmex_XBTUSD
1554753600,0.0001,bitmex_XBTUSD
1554782400,-0.000136,bitmex_XBTUSD
1554811200,0.0001,bitmex_XBTUSD
1554840000,0.0001,bitmex_XBTUSD
1554868800,0.0001,bitmex_XBTUSD
1554897600,0.0001,bitmex_XBTUSD
1554926400,0.0001,bitmex_XBTUSD
1554955200,0.0001,bitmex_XBTUSD
1554984000,-0.000263,bitmex_XBTUSD
1555012800,0.0001,bitmex_XBTUSD
1555041600,0.0001,bitmex_XBTUSD
1555070400,0.0001,bitmex_XBTUSD
1555099200,0.0001,bitmex_XBTUSD
1555128000,8.4e-05,bitmex_XBTUSD
1555156800,-5.8e-05,bitmex_XBTUSD
1555185600,-0.000207,bitmex_XBTUSD
1555214400,-5.4e-05,bitmex_XBTUSD
1555243200,2.9e-05,bitmex_XBTUSD
1555272000,0.0001,bitmex_XBTUSD
1555300800,7.3e-05,bitmex_XBTUSD
1555329600,0.0001,bitmex_XBTUSD
1555358400,0.0001,bitmex_XBTUSD
1555387200,0.0001,bitmex_XBTUSD
1555416000,-0.000286,bitmex_XBTUSD
1555444800,-4.5e-05,bitmex_XBTUSD
1555473600,0.0001,bitmex_XBTUSD
1555502400,0.0001,bitmex_XBTUSD
1555531200,0.0001,bitmex_XBTUSD
1555560000,0.0001,bitmex_XBTUSD
1555588800,0.0001,bitmex_XBTUSD
1555617600,0.0001,bitmex_XBTUSD
1555646400,0.0001,bitmex_XBTUSD
1555675200,7.2e-05,bitmex_XBTUSD
1555704000,-7.4e-05,bitmex_XBTUSD
1555732800,-6.7e-05,bitmex_XBTUSD
1555761600,0.0001,bitmex_XBTUSD
1555790400,0.0001,bitmex_XBTUSD
1555819200,-7.6e-05,bitmex_XBTUSD
1555848000,0.0001,bitmex_XBTUSD
1555876800,0.0001,bitmex_XBTUSD
1555905600,0.0001,bitmex_XBTUSD
1555934400,4.4e-05,bitmex_XBTUSD
1555963200,0.0001,bitmex_XBTUSD
1555992000,0.0001,bitmex_XBTUSD
1556020800,-0.000177,bitmex_XBTUSD
1556049600,-0.000506,bitmex_XBTUSD
1556078400,-0.000617,bitmex_XBTUSD
1556107200,-0.000488,bitmex_XBTUSD
1556136000,-8.1e-05,bitmex_XBTUSD
1556164800,-0.000129,bitmex_XBTUSD
1556193600,-0.000249,bitmex_XBTUSD
1556222400,-0.000301,bitmex_XBTUSD
1556251200,-8.1e-05,bitmex_XBTUSD
1556280000,-0.000974,bitmex_XBTUSD
1556308800,-0.000233,bitmex_XBTUSD
1556337600,-0.000365,bitmex_XBTUSD
1556366400,-0.000721,bitmex_XBTUSD
1556395200,-0.000415,bitmex_XBTUSD
1556424000,-0.000232,bitmex_XBTUSD
1556452800,-0.000859,bitmex_XBTUSD
1556481600,-0.000627,bitmex_XBTUSD
1556510400,-0.000617,bitmex_XBTUSD
1556539200,-0.000297,bitmex_XBTUSD
1556568000,-0.000788,bitmex_XBTUSD
1556596800,-0.000589,bitmex_XBTUSD
1556625600,-0.000648,bitmex_XBTUSD
1556654400,-0.000377,bitmex_XBTUSD
1556683200,-0.000679,bitmex_XBTUSD
1556712000,-0.000688,bitmex_XBTUSD
1556740800,-0.000317,bitmex_XBTUSD
1556769600,-0.000669,bitmex_XBTUSD
1556798400,-0.000372,bitmex_XBTUSD
1556827200,-0.000232,bitmex_XBTUSD
1556856000,-0.001068,bitmex_XBTUSD
1556884800,-0.00053,bitmex_XBTUSD
1556913600,9.2e-05,bitmex_XBTUSD
1556942400,0.0001,bitmex_XBTUSD
1556971200,-0.000144,bitmex_XBTUSD
1557000000,-0.000164,bitmex_XBTUSD
1557028800,-0.001147,bitmex_XBTUSD
1557057600,-3.5e-05,bitmex_XBTUSD
1557086400,0.0001,bitmex_XBTUSD
1557115200,-0.000295,bitmex_XBTUSD
1557144000,-0.00036,bitmex_XBTUSD
1557172800,-0.000174,bitmex_XBTUSD
1557201600,-0.000649,bitmex_XBTUSD
1557230400,1e-06,bitmex_XBTUSD
1557259200,0.0001,bitmex_XBTUSD
1557288000,-0.000151,bitmex_XBTUSD
1557316800,-0.000758,bitmex_XBTUSD
1557345600,-0.000821,bitmex_XBTUSD
1557374400,-0.001053,bitmex_XBTUSD
1557403200,-0.000709,bitmex_XBTUSD
1557432000,-0.000496,bitmex_XBTUSD
1557460800,-0.001063,bitmex_XBTUSD
1557489600,-0.001462,bitmex_XBTUSD
1557518400,-0.001058,bitmex_XBTUSD
1557547200,-0.000942,bitmex_XBTUSD
1557576000,-0.000692,bitmex_XBTUSD
1557604800,-8.8e-05,bitmex_XBTUSD
1557633600,0.0001,bitmex_XBTUSD
1557662400,0.0001,bitmex_XBTUSD
1557691200,0.0001,bitmex_XBTUSD
1557720000,0.0001,bitmex_XBTUSD
1557748800,0.0001,bitmex_XBTUSD
1557777600,0.0001,bitmex_XBTUSD
1557806400,0.0001,bitmex_XBTUSD
1557835200,0.000234,bitmex_XBTUSD
1557864000,0.000276,bitmex_XBTUSD
1557892800,0.0001,bitmex_XBTUSD
1557921600,0.0001,bitmex_XBTUSD
1557950400,0.000347,bitmex_XBTUSD
1557979200,0.0001,bitmex_XBTUSD
1558008000,0.000198,bitmex_XBTUSD
1558036800,0.000701,bitmex_XBTUSD
1558065600,0.000312,bitmex_XBTUSD
1558094400,0.000658,bitmex_XBTUSD
1558123200,0.0001,bitmex_XBTUSD
1558152000,0.0001,bitmex_XBTUSD
1558180800,-0.00014,bitmex_XBTUSD
1558209600,-0.000118,bitmex_XBTUSD
1558238400,-0.000271,bitmex_XBTUSD
1558267200,-8.9e-05,bitmex_XBTUSD
1558296000,0.000386,bitmex_XBTUSD
1558324800,0.000187,bitmex_XBTUSD
1558353600,0.000265,bitmex_XBTUSD
1558382400,0.000329,bitmex_XBTUSD
1558411200,0.0001,bitmex_XBTUSD
1558440000,0.000177,bitmex_XBTUSD
1558468800,0.000302,bitmex_XBTUSD
1558497600,0.0001,bitmex_XBTUSD
1558526400,0.000407,bitmex_XBTUSD
1558555200,0.000375,bitmex_XBTUSD
1558584000,0.0001,bitmex_XBTUSD
1558612800,0.0001,bitmex_XBTUSD
1558641600,0.0001,bitmex_XBTUSD
1558670400,0.0001,bitmex_XBTUSD
1558699200,0.0001,bitmex_XBTUSD
1558728000,0.000159,bitmex_XBTUSD
1558756800,0.00059,bitmex_XBTUSD
1558785600,0.000488,bitmex_XBTUSD
1558814400,0.00071,bitmex_XBTUSD
1558843200,0.00041,bitmex_XBTUSD
1558872000,0.000684,bitmex_XBTUSD
1558900800,0.000416,bitmex_XBTUSD
1558929600,0.000608,bitmex_XBTUSD
1558958400,0.00298,bitmex_XBTUSD
1558987200,0.001734,bitmex_XBTUSD
1559016000,0.001267,bitmex_XBTUSD
1559044800,0.001425,bitmex_XBTUSD
1559073600,0.001543,bitmex_XBTUSD
1559102400,0.001224,bitmex_XBTUSD
1559131200,0.000726,bitmex_XBTUSD
1559160000,0.000753,bitmex_XBTUSD
1559188800,0.00082,bitmex_XBTUSD
1559217600,0.000515,bitmex_XBTUSD
1559246400,0.001131,bitmex_XBTUSD
1559275200,0.000339,bitmex_XBTUSD
1559304000,0.0001,bitmex_XBTUSD
1559332800,0.0001,bitmex_XBTUSD
1559361600,0.000116,bitmex_XBTUSD
1559390400,0.000141,bitmex_XBTUSD
1559419200,0.0001,bitmex_XBTUSD
1559448000,0.000372,bitmex_XBTUSD
1559476800,0.0001,bitmex_XBTUSD
1559505600,0.000601,bitmex_XBTUSD
1559534400,0.000438,bitmex_XBTUSD
1559563200,0.000176,bitmex_XBTUSD
1559592000,0.0001,bitmex_XBTUSD
1559620800,0.0001,bitmex_XBTUSD
1559649600,0.0001,bitmex_XBTUSD
1559678400,-1.8e-05,bitmex_XBTUSD
1559707200,-2.8e-05,bitmex_XBTUSD
1559736000,5.4e-05,bitmex_XBTUSD
1559764800,0.0001,bitmex_XBTUSD
1559793600,-5.9e-05,bitmex_XBTUSD
1559822400,-0.000162,bitmex_XBTUSD
1559851200,-5.7e-05,bitmex_XBTUSD
1559880000,-0.000125,bitmex_XBTUSD
1559908800,0.0001,bitmex_XBTUSD
1559937600,0.0001,bitmex_XBTUSD
1559966400,5.2e-05,bitmex_XBTUSD
1559995200,-0.000237,bitmex_XBTUSD
1560024000,-5.7e-05,bitmex_XBTUSD
1560052800,0.0001,bitmex_XBTUSD
1560081600,1e-05,bitmex_XBTUSD
1560110400,-8.8e-05,bitmex_XBTUSD
1560139200,-0.000536,bitmex_XBTUSD
1560168000,-0.000455,bitmex_XBTUSD
1560196800,-7e-05,bitmex_XBTUSD
1560225600,0.0001,bitmex_XBTUSD
1560254400,0.0001,bitmex_XBTUSD
1560283200,0.0001,bitmex_XBTUSD
1560312000,1e-06,bitmex_XBTUSD
1560340800,0.0001,bitmex_XBTUSD
1560369600,0.0001,bitmex_XBTUSD
1560398400,0.0001,bitmex_XBTUSD
1560427200,0.0001,bitmex_XBTUSD
1560456000,0.0001,bitmex_XBTUSD
1560484800,0.0001,bitmex_XBTUSD
1560513600,0.0001,bitmex_XBTUSD
1560542400,0.0001,bitmex_XBTUSD
1560571200,-0.000116,bitmex_XBTUSD
1560600000,0.0001,bitmex_XBTUSD
1560628800,0.000211,bitmex_XBTUSD
1560657600,0.000591,bitmex_XBTUSD
1560686400,0.000635,bitmex_XBTUSD
1560715200,0.001809,bitmex_XBTUSD
1560744000,0.001083,bitmex_XBTUSD
1560772800,0.000111,bitmex_XBTUSD
1560801600,0.000387,bitmex_XBTUSD
1560830400,0.000526,bitmex_XBTUSD
1560859200,0.00081,bitmex_XBTUSD
1560888000,0.000499,bitmex_XBTUSD
1560916800,0.000856,bitmex_XBTUSD
1560945600,0.000492,bitmex_XBTUSD
1560974400,0.000648,bitmex_XBTUSD
1561003200,0.000382,bitmex_XBTUSD
1561032000,0.000543,bitmex_XBTUSD
1561060800,0.000629,bitmex_XBTUSD
1561089600,0.000153,bitmex_XBTUSD
1561118400,0.000407,bitmex_XBTUSD
1561147200,0.000745,bitmex_XBTUSD
1561176000,0.000241,bitmex_XBTUSD
1561204800,0.001954,bitmex_XBTUSD
1561233600,0.002052,bitmex_XBTUSD
1561262400,0.002136,bitmex_XBTUSD
1561291200,0.002832,bitmex_XBTUSD
1561320000,0.002965,bitmex_XBTUSD
1561348800,0.001562,bitmex_XBTUSD
1561377600,0.001305,bitmex_XBTUSD
1561406400,0.000956,bitmex_XBTUSD
1561435200,0.000857,bitmex_XBTUSD
1561464000,0.000881,bitmex_XBTUSD
1561492800,0.00096,bitmex_XBTUSD
1561521600,0.0001,bitmex_XBTUSD
1561550400,0.0001,bitmex_XBTUSD
1561579200,0.001619,bitmex_XBTUSD
1561608000,0.001399,bitmex_XBTUSD
1561636800,0.001558,bitmex_XBTUSD
1561665600,0.001932,bitmex_XBTUSD
1561694400,0.003159,bitmex_XBTUSD
1561723200,0.000704,bitmex_XBTUSD
1561752000,0.000705,bitmex_XBTUSD
1561780800,0.000453,bitmex_XBTUSD
1561809600,0.000483,bitmex_XBTUSD
1561838400,0.0001,bitmex_XBTUSD
1561867200,0.00042,bitmex_XBTUSD
1561896000,0.000866,bitmex_XBTUSD
1561924800,0.000549,bitmex_XBTUSD
1561953600,0.0001,bitmex_XBTUSD
1561982400,0.0001,bitmex_XBTUSD
1562011200,0.001455,bitmex_XBTUSD
1562040000,0.00036,bitmex_XBTUSD
1562068800,0.0001,bitmex_XBTUSD
1562097600,0.000376,bitmex_XBTUSD
1562126400,0.000269,bitmex_XBTUSD
1562155200,0.0001,bitmex_XBTUSD
1562184000,0.0001,bitmex_XBTUSD
1562212800,0.0001,bitmex_XBTUSD
1562241600,0.0001,bitmex_XBTUSD
1562270400,0.0001,bitmex_XBTUSD
1562299200,0.000145,bitmex_XBTUSD
1562328000,0.0001,bitmex_XBTUSD
1562356800,-6.3e-05,bitmex_XBTUSD
1562385600,0.0001,bitmex_XBTUSD
1562414400,0.0001,bitmex_XBTUSD
1562443200,0.0001,bitmex_XBTUSD
1562472000,0.000266,bitmex_XBTUSD
1562500800,0.0001,bitmex_XBTUSD
1562529600,0.0001,bitmex_XBTUSD
1562558400,0.000259,bitmex_XBTUSD
1562587200,0.0001,bitmex_XBTUSD
1562616000,0.000997,bitmex_XBTUSD
1562644800,0.001145,bitmex_XBTUSD
1562673600,0.000202,bitmex_XBTUSD
1562702400,0.000956,bitmex_XBTUSD
1562731200,0.000742,bitmex_XBTUSD
1562760000,0.000874,bitmex_XBTUSD
1562788800,0.001253,bitmex_XBTUSD
1562817600,0.000488,bitmex_XBTUSD
1562846400,0.0001,bitmex_XBTUSD
1562875200,0.0001,bitmex_XBTUSD
1562904000,0.0001,bitmex_XBTUSD
1562932800,0.0001,bitmex_XBTUSD
1562961600,0.0001,bitmex_XBTUSD
1562990400,0.0001,bitmex_XBTUSD
1563019200,0.0001,bitmex_XBTUSD
1563048000,0.0001,bitmex_XBTUSD
1563076800,-0.000164,bitmex_XBTUSD
1563105600,-2e-06,bitmex_XBTUSD
1563134400,0.0001,bitmex_XBTUSD
1563163200,0.0001,bitmex_XBTUSD
1563192000,-0.000224,bitmex_XBTUSD
1563220800,-0.000205,bitmex_XBTUSD
1563249600,-0.000304,bitmex_XBTUSD
1563278400,8.5e-05,bitmex_XBTUSD
1563307200,0.0001,bitmex_XBTUSD
1563336000,-0.000473,bitmex_XBTUSD
1563364800,-0.000226,bitmex_XBTUSD
1563393600,0.0001,bitmex_XBTUSD
1563422400,-0.000356,bitmex_XBTUSD
1563451200,0.0001,bitmex_XBTUSD
1563480000,0.0001,bitmex_XBTUSD
1563508800,0.0001,bitmex_XBTUSD
1563537600,0.0001,bitmex_XBTUSD
1563566400,0.0001,bitmex_XBTUSD
1563595200,0.0001,bitmex_XBTUSD
1563624000,0.0001,bitmex_XBTUSD
1563652800,0.0001,bitmex_XBTUSD
1563681600,0.0001,bitmex_XBTUSD
1563710400,0.0001,bitmex_XBTUSD
1563739200,-0.000119,bitmex_XBTUSD
1563768000,-8.4e-05,bitmex_XBTUSD
1563796800,-3.3e-05,bitmex_XBTUSD
1563825600,0.0001,bitmex_XBTUSD
1563854400,0.0001,bitmex_XBTUSD
1563883200,0.0001,bitmex_XBTUSD
1563912000,0.0001,bitmex_XBTUSD
1563940800,0.0001,bitmex_XBTUSD
1563969600,0.0001,bitmex_XBTUSD
1563998400,-0.000229,bitmex_XBTUSD
1564027200,-9.6e-05,bitmex_XBTUSD
1564056000,0.0001,bitmex_XBTUSD
1564084800,0.0001,bitmex_XBTUSD
1564113600,0.0001,bitmex_XBTUSD
1564142400,0.0001,bitmex_XBTUSD
1564171200,-1e-05,bitmex_XBTUSD
1564200000,0.0001,bitmex_XBTUSD
1564228800,0.0001,bitmex_XBTUSD
1564257600,0.0001,bitmex_XBTUSD
1564286400,-0.000351,bitmex_XBTUSD
1564315200,-0.000257,bitmex_XBTUSD
1564344000,4e-05,bitmex_XBTUSD
1564372800,8.1e-05,bitmex_XBTUSD
1564401600,0.0001,bitmex_XBTUSD
1564430400,0.0001,bitmex_XBTUSD
1564459200,0.0001,bitmex_XBTUSD
1564488000,0.0001,bitmex_XBTUSD
1564516800,0.0001,bitmex_XBTUSD
1564545600,0.0001,bitmex_XBTUSD
1564574400,0.0001,bitmex_XBTUSD
1564603200,0.0001,bitmex_XBTUSD
1564632000,0.0001,bitmex_XBTUSD
1564660800,0.0001,bitmex_XBTUSD
1564689600,0.0001,bitmex_XBTUSD
1564718400,0.0001,bitmex_XBTUSD
1564747200,0.0001,bitmex_XBTUSD
1564776000,0.0001,bitmex_XBTUSD
1564804800,0.0001,bitmex_XBTUSD
1564833600,0.0001,bitmex_XBTUSD
1564862400,0.0001,bitmex_XBTUSD
1564891200,0.0001,bitmex_XBTUSD
1564920000,0.0001,bitmex_XBTUSD
1564948800,0.0001,bitmex_XBTUSD
1564977600,0.0001,bitmex_XBTUSD
1565006400,0.0001,bitmex_XBTUSD
1565035200,0.000583,bitmex_XBTUSD
1565064000,0.000503,bitmex_XBTUSD
1565092800,0.001039,bitmex_XBTUSD
1565121600,0.001156,bitmex_XBTUSD
1565150400,0.00071,bitmex_XBTUSD
1565179200,0.000389,bitmex_XBTUSD
1565208000,0.000667,bitmex_XBTUSD
1565236800,0.000624,bitmex_XBTUSD
1565265600,0.000941,bitmex_XBTUSD
1565294400,0.000911,bitmex_XBTUSD
1565323200,0.000294,bitmex_XBTUSD
1565352000,0.001132,bitmex_XBTUSD
1565380800,0.001156,bitmex_XBTUSD
1565409600,0.000481,bitmex_XBTUSD
1565438400,0.000576,bitmex_XBTUSD
1565467200,0.000619,bitmex_XBTUSD
1565496000,0.0001,bitmex_XBTUSD
1565524800,0.0001,bitmex_XBTUSD
1565553600,0.0001,bitmex_XBTUSD
1565582400,0.0001,bitmex_XBTUSD
1565611200,0.0001,bitmex_XBTUSD
1565640000,0.000122,bitmex_XBTUSD
1565668800,0.000109,bitmex_XBTUSD
1565697600,0.00027,bitmex_XBTUSD
1565726400,0.000295,bitmex_XBTUSD
1565755200,0.000238,bitmex_XBTUSD
1565784000,0.0001,bitmex_XBTUSD
1565812800,0.0001,bitmex_XBTUSD
1565841600,0.0001,bitmex_XBTUSD
1565870400,0.0001,bitmex_XBTUSD
1565899200,-8.5e-05,bitmex_XBTUSD
1565928000,1.3e-05,bitmex_XBTUSD
1565956800,-4.3e-05,bitmex_XBTUSD
1565985600,-0.000138,bitmex_XBTUSD
1566014400,-9.8e-05,bitmex_XBTUSD
1566043200,0.0001,bitmex_XBTUSD
1566072000,0.0001,bitmex_XBTUSD
1566100800,6.3e-05,bitmex_XBTUSD
1566129600,-0.000155,bitmex_XBTUSD
1566158400,0.0001,bitmex_XBTUSD
1566187200,0.0001,bitmex_XBTUSD
1566216000,0.0001,bitmex_XBTUSD
1566244800,0.0001,bitmex_XBTUSD
1566273600,0.0001,bitmex_XBTUSD
1566302400,0.0001,bitmex_XBTUSD
1566331200,0.0001,bitmex_XBTUSD
1566360000,0.0001,bitmex_XBTUSD
1566388800,0.0001,bitmex_XBTUSD
1566417600,0.0001,bitmex_XBTUSD
1566446400,-0.000187,bitmex_XBTUSD
1566475200,5.9e-05,bitmex_XBTUSD
1566504000,0.0001,bitmex_XBTUSD
1566532800,0.0001,bitmex_XBTUSD
1566561600,0.0001,bitmex_XBTUSD
1566590400,0.0001,bitmex_XBTUSD
1566619200,0.0001,bitmex_XBTUSD
1566648000,0.0001,bitmex_XBTUSD
1566676800,9.8e-05,bitmex_XBTUSD
1566705600,-0.000223,bitmex_XBTUSD
1566734400,-5.7e-05,bitmex_XBTUSD
1566763200,0.0001,bitmex_XBTUSD
1566792000,0.0001,bitmex_XBTUSD
1566820800,0.0001,bitmex_XBTUSD
1566849600,0.000157,bitmex_XBTUSD
1566878400,0.000236,bitmex_XBTUSD
1566907200,0.0001,bitmex_XBTUSD
1566936000,0.0001,bitmex_XBTUSD
1566964800,0.0001,bitmex_XBTUSD
1566993600,0.0001,bitmex_XBTUSD
1567022400,0.0001,bitmex_XBTUSD
1567051200,0.0001,bitmex_XBTUSD
1567080000,-0.000363,bitmex_XBTUSD
1567108800,1e-05,bitmex_XBTUSD
1567137600,-0.000284,bitmex_XBTUSD
1567166400,6.6e-05,bitmex_XBTUSD
1567195200,-0.000251,bitmex_XBTUSD
1567224000,-0.000281,bitmex_XBTUSD
1567252800,6.7e-05,bitmex_XBTUSD
1567281600,0.0001,bitmex_XBTUSD
1567310400,0.0001,bitmex_XBTUSD
1567339200,0.0001,bitmex_XBTUSD
1567368000,0.0001,bitmex_XBTUSD
1567396800,0.0001,bitmex_XBTUSD
1567425600,3.2e-05,bitmex_XBTUSD
1567454400,-3e-06,bitmex_XBTUSD
1567483200,0.0001,bitmex_XBTUSD
1567512000,0.000268,bitmex_XBTUSD
1567540800,0.000326,bitmex_XBTUSD
1567569600,0.0001,bitmex_XBTUSD
1567598400,0.000165,bitmex_XBTUSD
1567627200,0.000277,bitmex_XBTUSD
1567656000,0.000157,bitmex_XBTUSD
1567684800,0.0001,bitmex_XBTUSD
1567713600,0.000149,bitmex_XBTUSD
1567742400,0.000195,bitmex_XBTUSD
1567771200,0.000149,bitmex_XBTUSD
1567800000,0.000385,bitmex_XBTUSD
1567828800,0.000142,bitmex_XBTUSD
1567857600,0.0001,bitmex_XBTUSD
1567886400,0.0001,bitmex_XBTUSD
1567915200,0.0001,bitmex_XBTUSD
1567944000,0.000121,bitmex_XBTUSD
1567972800,0.000104,bitmex_XBTUSD
1568001600,0.000174,bitmex_XBTUSD
1568030400,0.000222,bitmex_XBTUSD
1568059200,0.00031,bitmex_XBTUSD
1568088000,0.000186,bitmex_XBTUSD
1568102400,0.0001,binance_BTCUSDT
1568116800,0.0001,bitmex_XBTUSD
1568131200,0.0001,binance_BTCUSDT
1568145600,0.000154,bitmex_XBTUSD
1568160000,0.0001,binance_BTCUSDT
1568174400,0.0001,bitmex_XBTUSD
1568188800,0.0001,binance_BTCUSDT
1568203200,0.0001,bitmex_XBTUSD
1568217600,0.0001,binance_BTCUSDT
1568232000,0.0001,bitmex_XBTUSD
1568246400,0.0001,binance_BTCUSDT
1568260800,0.0001,bitmex_XBTUSD
1568275200,0.0001,binance_BTCUSDT
1568289600,0.0001,bitmex_XBTUSD
1568304000,0.0001,binance_BTCUSDT
1568318400,0.00017,bitmex_XBTUSD
1568332800,0.0001,binance_BTCUSDT
1568347200,0.0001,bitmex_XBTUSD
1568361600,0.0001,binance_BTCUSDT
1568376000,0.000102,bitmex_XBTUSD
1568390400,0.0001,binance_BTCUSDT
1568404800,0.000215,bitmex_XBTUSD
1568419200,0.0001,binance_BTCUSDT
1568433600,0.000193,bitmex_XBTUSD
1568448000,0.0001,binance_BTCUSDT
1568462400,0.000128,bitmex_XBTUSD
1568476800,0.0001,binance_BTCUSDT
1568491200,0.000294,bitmex_XBTUSD
1568505600,0.0001,binance_BTCUSDT
1568520000,0.000165,bitmex_XBTUSD
1568534400,0.0001,binance_BTCUSDT
1568548800,0.000171,bitmex_XBTUSD
1568563200,0.0001,binance_BTCUSDT
1568577600,0.000165,bitmex_XBTUSD
1568592000,0.0001,binance_BTCUSDT
1568606400,0.000186,bitmex_XBTUSD
1568620800,0.0001,binance_BTCUSDT
1568635200,0.000152,bitmex_XBTUSD
1568649600,0.0001,binance_BTCUSDT
1568664000,0.000399,bitmex_XBTUSD
1568678400,0.0001,binance_BTCUSDT
1568692800,0.0001,bitmex_XBTUSD
1568707200,0.0001,binance_BTCUSDT
1568721600,0.0001,bitmex_XBTUSD
1568736000,0.0001,binance_BTCUSDT
1568750400,0.000351,bitmex_XBTUSD
1568764800,0.0001,binance_BTCUSDT
1568779200,0.0001,bitmex_XBTUSD
1568793600,0.0001,binance_BTCUSDT
1568808000,0.0001,bitmex_XBTUSD
1568822400,0.0001,binance_BTCUSDT
1568836800,0.000389,bitmex_XBTUSD
1568851200,0.0001,binance_BTCUSDT
1568865600,0.000153,bitmex_XBTUSD
1568880000,0.0001,binance_BTCUSDT
1568894400,0.0001,bitmex_XBTUSD
1568908800,0.0001,binance_BTCUSDT
1568923200,0.0001,bitmex_XBTUSD
1568937600,0.0001,binance_BTCUSDT
1568952000,0.0001,bitmex_XBTUSD
1568966400,0.0001,binance_BTCUSDT
1568980800,0.0001,bitmex_XBTUSD
1568995200,0.0001,binance_BTCUSDT
1569009600,0.000488,bitmex_XBTUSD
1569024000,0.0001,binance_BTCUSDT
1569038400,0.0001,bitmex_XBTUSD
1569052800,0.0001,binance_BTCUSDT
1569067200,0.0001,bitmex_XBTUSD
1569081600,0.0001,binance_BTCUSDT
1569096000,0.0001,bitmex_XBTUSD
1569110400,0.0001,binance_BTCUSDT
1569124800,0.0001,bitmex_XBTUSD
1569139200,0.0001,binance_BTCUSDT
1569153600,0.0001,bitmex_XBTUSD
1569168000,0.0001,binance_BTCUSDT
1569182400,0.0001,bitmex_XBTUSD
1569196800,0.0001,binance_BTCUSDT
1569211200,0.0001,bitmex_XBTUSD
1569225600,0.0001,binance_BTCUSDT
1569240000,0.0001,bitmex_XBTUSD
1569254400,0.0001,binance_BTCUSDT
1569268800,0.0001,bitmex_XBTUSD
1569283200,0.0001,binance_BTCUSDT
1569297600,0.0001,bitmex_XBTUSD
1569312000,0.0001,binance_BTCUSDT
1569326400,0.0001,bitmex_XBTUSD
1569340800,0.0001,binance_BTCUSDT
1569355200,0.0001,bitmex_XBTUSD
1569369600,0.0001,binance_BTCUSDT
1569384000,-0.00029,bitmex_XBTUSD
1569398400,0.0001,binance_BTCUSDT
1569412800,-0.000696,bitmex_XBTUSD
1569427200,0.0001,binance_BTCUSDT
1569441600,0.0001,bitmex_XBTUSD
1569456000,0.0001,binance_BTCUSDT
1569470400,0.0001,bitmex_XBTUSD
1569484800,0.0001,binance_BTCUSDT
1569499200,0.0001,bitmex_XBTUSD
1569513600,0.0001,binance_BTCUSDT
1569528000,0.0001,bitmex_XBTUSD
1569542400,0.0001,binance_BTCUSDT
1569556800,0.0001,bitmex_XBTUSD
1569571200,0.0001,binance_BTCUSDT
1569585600,0.0001,bitmex_XBTUSD
1569600000,0.0001,binance_BTCUSDT
1569614400,0.0001,bitmex_XBTUSD
1569628800,0.0001,binance_BTCUSDT
1569643200,-0.000119,bitmex_XBTUSD
1569657600,0.0001,binance_BTCUSDT
1569672000,-0.000112,bitmex_XBTUSD
1569686400,0.0001,binance_BTCUSDT
1569700800,0.0001,bitmex_XBTUSD
1569715200,0.0001,binance_BTCUSDT
1569729600,-8.5e-05,bitmex_XBTUSD
1569744000,0.0001,binance_BTCUSDT
1569758400,8.1e-05,bitmex_XBTUSD
1569772800,0.0001,binance_BTCUSDT
1569787200,0.0001,bitmex_XBTUSD
1569801600,0.0001,binance_BTCUSDT
1569816000,-0.000148,bitmex_XBTUSD
1569830400,0.0001,binance_BTCUSDT
1569844800,-1.9e-05,bitmex_XBTUSD
1569859200,0.0001,binance_BTCUSDT
1569873600,-0.0001,bitmex_XBTUSD
1569888000,0.0001,binance_BTCUSDT
1569902400,-0.000173,bitmex_XBTUSD
1569916800,0.0001,binance_BTCUSDT
1569931200,9.6e-05,bitmex_XBTUSD
1569945600,0.0001,binance_BTCUSDT
1569960000,2.5e-05,bitmex_XBTUSD
1569974400,0.0001,binance_BTCUSDT
1569988800,-0.000377,bitmex_XBTUSD
1570003200,0.0001,binance_BTCUSDT
1570017600,-0.000136,bitmex_XBTUSD
1570032000,-0.00052458,binance_BTCUSDT
1570046400,0.0001,bitmex_XBTUSD
1570060800,-0.0003222,binance_BTCUSDT
1570075200,9.1e-05,bitmex_XBTUSD
1570089600,-6.876e-05,binance_BTCUSDT
1570104000,0.0001,bitmex_XBTUSD
1570118400,0.0001,binance_BTCUSDT
1570132800,-0.000133,bitmex_XBTUSD
1570147200,0.0001,binance_BTCUSDT
1570161600,-0.000183,bitmex_XBTUSD
1570176000,3.592e-05,binance_BTCUSDT
1570190400,-3.3e-05,bitmex_XBTUSD
1570204800,-0.00013704,binance_BTCUSDT
1570219200,0.0001,bitmex_XBTUSD
1570233600,-0.00025688,binance_BTCUSDT
1570248000,-0.000241,bitmex_XBTUSD
1570262400,-0.0002266,binance_BTCUSDT
1570276800,2e-05,bitmex_XBTUSD
1570291200,-1.226e-05,binance_BTCUSDT
1570305600,3.2e-05,bitmex_XBTUSD
1570320000,-0.00011057,binance_BTCUSDT
1570334400,0.0001,bitmex_XBTUSD
1570348800,-3.644e-05,binance_BTCUSDT
1570363200,0.0001,bitmex_XBTUSD
1570377600,2.715e-05,binance_BTCUSDT
1570392000,1.8e-05,bitmex_XBTUSD
1570406400,-5.063e-05,binance_BTCUSDT
1570420800,0.0001,bitmex_XBTUSD
1570435200,-0.00020006,binance_BTCUSDT
1570449600,0.0001,bitmex_XBTUSD
1570464000,-0.00024859,binance_BTCUSDT
1570478400,5.1e-05,bitmex_XBTUSD
1570492800,0.0001,binance_BTCUSDT
1570507200,5.8e-05,bitmex_XBTUSD
1570521600,0.0001,binance_BTCUSDT
1570536000,0.0001,bitmex_XBTUSD
1570550400,0.0001,binance_BTCUSDT
1570564800,0.0001,bitmex_XBTUSD
1570579200,0.0001,binance_BTCUSDT
1570593600,0.0001,bitmex_XBTUSD
1570608000,0.0001,binance_BTCUSDT
1570622400,0.0001,bitmex_XBTUSD
1570636800,0.0001,binance_BTCUSDT
1570651200,0.0001,bitmex_XBTUSD
1570665600,0.0001,binance_BTCUSDT
1570680000,0.0001,bitmex_XBTUSD
1570694400,0.0001,binance_BTCUSDT
1570708800,0.0001,bitmex_XBTUSD
1570723200,0.0001,binance_BTCUSDT
1570737600,0.0001,bitmex_XBTUSD
1570752000,0.0001,binance_BTCUSDT
1570766400,0.0001,bitmex_XBTUSD
1570780800,0.0001,binance_BTCUSDT
1570795200,0.0001,bitmex_XBTUSD
1570809600,0.0001,binance_BTCUSDT
1570824000,0.0001,bitmex_XBTUSD
1570838400,0.0001,binance_BTCUSDT
1570852800,0.0001,bitmex_XBTUSD
1570867200,0.0001,binance_BTCUSDT
1570881600,0.0001,bitmex_XBTUSD
1570896000,0.0001,binance_BTCUSDT
1570910400,8.6e-05,bitmex_XBTUSD
1570924800,0.0001,binance_BTCUSDT
1570939200,0.0001,bitmex_XBTUSD
1570953600,0.0001,binance_BTCUSDT
1570968000,9.2e-05,bitmex_XBTUSD
1570982400,0.0001,binance_BTCUSDT
1570996800,0.0001,bitmex_XBTUSD
1571011200,0.0001,binance_BTCUSDT
1571025600,0.0001,bitmex_XBTUSD
1571040000,0.0001,binance_BTCUSDT
1571054400,0.0001,bitmex_XBTUSD
1571068800,0.0001,binance_BTCUSDT
1571083200,9.9e-05,bitmex_XBTUSD
1571097600,0.0001,binance_BTCUSDT
1571112000,0.0001,bitmex_XBTUSD
1571126400,0.0001,binance_BTCUSDT
1571140800,0.0001,bitmex_XBTUSD
1571155200,0.0001,binance_BTCUSDT
1571169600,0.0001,bitmex_XBTUSD
1571184000,0.0001,binance_BTCUSDT
1571198400,0.0001,bitmex_XBTUSD
1571212800,0.0001,binance_BTCUSDT
1571227200,0.0001,bitmex_XBTUSD
1571241600,0.0001,binance_BTCUSDT
1571256000,0.0001,bitmex_XBTUSD
1571270400,0.0001,binance_BTCUSDT
1571284800,0.0001,bitmex_XBTUSD
1571299200,0.0001,binance_BTCUSDT
1571313600,0.0001,bitmex_XBTUSD
1571328000,0.0001,binance_BTCUSDT
1571342400,0.0001,bitmex_XBTUSD
1571356800,0.0001,binance_BTCUSDT
1571371200,2.9e-05,bitmex_XBTUSD
1571385600,0.0001,binance_BTCUSDT
1571400000,0.0001,bitmex_XBTUSD
1571414400,0.0001,binance_BTCUSDT
1571428800,-0.000227,bitmex_XBTUSD
1571443200,0.0001,binance_BTCUSDT
1571457600,8.3e-05,bitmex_XBTUSD
1571472000,0.0001,binance_BTCUSDT
1571486400,0.0001,bitmex_XBTUSD
1571500800,0.0001,binance_BTCUSDT
1571515200,0.0001,bitmex_XBTUSD
1571529600,0.0001,binance_BTCUSDT
1571544000,0.0001,bitmex_XBTUSD
1571558400,0.0001,binance_BTCUSDT
1571572800,-3.3e-05,bitmex_XBTUSD
1571587200,0.0001,binance_BTCUSDT
1571601600,0.0001,bitmex_XBTUSD
1571616000,0.0001,binance_BTCUSDT
1571630400,0.0001,bitmex_XBTUSD
1571644800,0.0001,binance_BTCUSDT
1571659200,0.0001,bitmex_XBTUSD
1571673600,0.0001,binance_BTCUSDT
1571688000,0.0001,bitmex_XBTUSD
1571702400,0.0001,binance_BTCUSDT
1571716800,0.0001,bitmex_XBTUSD
1571731200,0.0001,binance_BTCUSDT
1571745600,0.0001,bitmex_XBTUSD
1571760000,0.0001,binance_BTCUSDT
1571774400,0.0001,bitmex_XBTUSD
1571788800,0.0001,binance_BTCUSDT
1571803200,0.0001,bitmex_XBTUSD
1571817600,0.0001,binance_BTCUSDT
1571832000,0.0001,bitmex_XBTUSD
1571846400,0.0001,binance_BTCUSDT
1571860800,-0.000101,bitmex_XBTUSD
1571875200,0.0001,binance_BTCUSDT
1571889600,-0.000652,bitmex_XBTUSD
1571904000,0.0001,binance_BTCUSDT
1571918400,-0.00035,bitmex_XBTUSD
1571932800,-4.395e-05,binance_BTCUSDT
1571947200,-0.000205,bitmex_XBTUSD
1571961600,0.0001,binance_BTCUSDT
1571976000,-0.000265,bitmex_XBTUSD
1571990400,0.0001,binance_BTCUSDT
1572004800,-4.9e-05,bitmex_XBTUSD
1572019200,-0.00014709,binance_BTCUSDT
1572033600,-6e-06,bitmex_XBTUSD
1572048000,0.0001,binance_BTCUSDT
1572062400,0.0001,bitmex_XBTUSD
1572076800,0.00013709,binance_BTCUSDT
1572091200,0.00024,bitmex_XBTUSD
1572105600,0.00030874,binance_BTCUSDT
1572120000,0.000169,bitmex_XBTUSD
1572134400,0.0001,binance_BTCUSDT
1572148800,0.0001,bitmex_XBTUSD
1572163200,0.00018561,binance_BTCUSDT
1572177600,0.0001,bitmex_XBTUSD
1572192000,0.0001,binance_BTCUSDT
1572206400,0.0001,bitmex_XBTUSD
1572220800,0.00012485,binance_BTCUSDT
1572235200,0.0001,bitmex_XBTUSD
1572249600,0.00078363,binance_BTCUSDT
1572264000,0.000231,bitmex_XBTUSD
1572278400,0.00073711,binance_BTCUSDT
1572292800,0.000222,bitmex_XBTUSD
1572307200,0.00053797,binance_BTCUSDT
1572321600,0.000219,bitmex_XBTUSD
1572336000,0.00016366,binance_BTCUSDT
1572350400,0.000166,bitmex_XBTUSD
1572364800,0.00046967,binance_BTCUSDT
1572379200,0.00049,bitmex_XBTUSD
1572393600,0.00025294,binance_BTCUSDT
1572408000,0.0001,bitmex_XBTUSD
1572422400,0.0002903,binance_BTCUSDT
1572436800,0.0001,bitmex_XBTUSD
1572451200,0.00052312,binance_BTCUSDT
1572465600,0.0001,bitmex_XBTUSD
1572480000,0.0001317,binance_BTCUSDT
1572494400,0.0001,bitmex_XBTUSD
1572508800,0.00038598,binance_BTCUSDT
1572523200,0.0001,bitmex_XBTUSD
1572537600,0.00041061,binance_BTCUSDT
1572552000,0.0001,bitmex_XBTUSD
1572566400,0.00015873,binance_BTCUSDT
1572580800,0.0001,bitmex_XBTUSD
1572595200,0.00048728,binance_BTCUSDT
1572609600,0.0001,bitmex_XBTUSD
1572624000,0.0001,binance_BTCUSDT
1572638400,0.0001,bitmex_XBTUSD
1572652800,0.0001,binance_BTCUSDT
1572667200,0.0001,bitmex_XBTUSD
1572681600,0.0001,binance_BTCUSDT
1572696000,0.0001,bitmex_XBTUSD
1572710400,0.0001,binance_BTCUSDT
1572724800,0.0001,bitmex_XBTUSD
1572739200,0.0001,binance_BTCUSDT
1572753600,0.0001,bitmex_XBTUSD
1572768000,0.0001,binance_BTCUSDT
1572782400,0.0001,bitmex_XBTUSD
1572796800,0.0001,binance_BTCUSDT
1572811200,0.0001,bitmex_XBTUSD
1572825600,0.0001,binance_BTCUSDT
1572840000,0.0001,bitmex_XBTUSD
1572854400,0.00010072,binance_BTCUSDT
1572868800,0.0001,bitmex_XBTUSD
1572883200,0.0001,binance_BTCUSDT
1572897600,0.000193,bitmex_XBTUSD
1572912000,0.0001,binance_BTCUSDT
1572926400,0.000119,bitmex_XBTUSD
1572940800,0.0001,binance_BTCUSDT
1572955200,0.000321,bitmex_XBTUSD
1572969600,0.0001,binance_BTCUSDT
1572984000,0.000257,bitmex_XBTUSD
1572998400,0.0001,binance_BTCUSDT
1573012800,0.0001,bitmex_XBTUSD
1573027200,0.0001,binance_BTCUSDT
1573041600,0.000198,bitmex_XBTUSD
1573056000,0.00013877,binance_BTCUSDT
1573070400,0.000374,bitmex_XBTUSD
1573084800,0.00027025,binance_BTCUSDT
1573099200,0.000215,bitmex_XBTUSD
1573113600,0.00018004,binance_BTCUSDT
1573128000,0.000178,bitmex_XBTUSD
1573142400,0.0001953,binance_BTCUSDT
1573156800,0.000149,bitmex_XBTUSD
1573171200,0.000125,binance_BTCUSDT
1573185600,0.0001,bitmex_XBTUSD
1573200000,0.0001,binance_BTCUSDT
1573214400,0.000229,bitmex_XBTUSD
1573228800,0.0001,binance_BTCUSDT
1573243200,0.00014,bitmex_XBTUSD
1573257600,0.0001,binance_BTCUSDT
1573272000,0.0001,bitmex_XBTUSD
1573286400,0.0001,binance_BTCUSDT
1573300800,0.0001,bitmex_XBTUSD
1573315200,0.0001,binance_BTCUSDT
1573329600,0.0001,bitmex_XBTUSD
1573344000,0.0001,binance_BTCUSDT
1573358400,0.0001,bitmex_XBTUSD
1573372800,0.0001,binance_BTCUSDT
1573387200,0.0001,bitmex_XBTUSD
1573401600,0.0001,binance_BTCUSDT
1573416000,0.0001,bitmex_XBTUSD
1573430400,0.0001,binance_BTCUSDT
1573444800,0.0001,bitmex_XBTUSD
1573459200,0.0001,binance_BTCUSDT
1573473600,0.0001,bitmex_XBTUSD
1573488000,0.0001,binance_BTCUSDT
1573502400,0.0001,bitmex_XBTUSD
1573516800,0.0001,binance_BTCUSDT
1573531200,0.0001,bitmex_XBTUSD
1573545600,0.0001,binance_BTCUSDT
1573560000,0.0001,bitmex_XBTUSD
1573574400,0.0001,binance_BTCUSDT
1573588800,0.0001,bitmex_XBTUSD
1573603200,-0.00022089,binance_BTCUSDT
1573617600,0.0001,bitmex_XBTUSD
1573632000,0.0001,binance_BTCUSDT
1573646400,0.0001,bitmex_XBTUSD
1573660800,0.0001,binance_BTCUSDT
1573675200,0.000112,bitmex_XBTUSD
1573689600,0.0001,binance_BTCUSDT
1573704000,0.0001,bitmex_XBTUSD
1573718400,0.0001,binance_BTCUSDT
1573732800,0.0001,bitmex_XBTUSD
1573747200,0.0001,binance_BTCUSDT
1573761600,0.0001,bitmex_XBTUSD
1573776000,0.0001,binance_BTCUSDT
1573790400,0.0001,bitmex_XBTUSD
1573804800,0.0001,binance_BTCUSDT
1573819200,0.0001,bitmex_XBTUSD
1573833600,0.0001,binance_BTCUSDT
1573848000,0.0001,bitmex_XBTUSD
1573862400,0.0001,binance_BTCUSDT
1573876800,0.0001,bitmex_XBTUSD
1573891200,0.0001,binance_BTCUSDT
1573905600,0.0001,bitmex_XBTUSD
1573920000,0.0001,binance_BTCUSDT
1573934400,0.0001,bitmex_XBTUSD
1573948800,0.0001,binance_BTCUSDT
1573963200,0.0001,bitmex_XBTUSD
1573977600,0.0001,binance_BTCUSDT
1573992000,0.0001,bitmex_XBTUSD
1574006400,0.0001,binance_BTCUSDT
1574020800,0.0001,bitmex_XBTUSD
1574035200,0.0001,binance_BTCUSDT
1574049600,0.0001,bitmex_XBTUSD
1574064000,0.0001,binance_BTCUSDT
1574078400,0.0001,bitmex_XBTUSD
1574092800,0.0001,binance_BTCUSDT
1574107200,0.000196,bitmex_XBTUSD
1574121600,0.0001,binance_BTCUSDT
1574136000,0.0001,bitmex_XBTUSD
1574150400,0.0001,binance_BTCUSDT
1574164800,0.0001,bitmex_XBTUSD
1574179200,0.0001,binance_BTCUSDT
1574193600,0.0001,bitmex_XBTUSD
1574208000,0.0001,binance_BTCUSDT
1574222400,0.0001,bitmex_XBTUSD
1574236800,0.0001,binance_BTCUSDT
1574251200,0.0001,bitmex_XBTUSD
1574265600,0.0001,binance_BTCUSDT
1574280000,0.0001,bitmex_XBTUSD
1574294400,0.0001,binance_BTCUSDT
1574308800,0.0001,bitmex_XBTUSD
1574323200,0.0001,binance_BTCUSDT
1574337600,0.0001,bitmex_XBTUSD
1574352000,0.0001,binance_BTCUSDT
1574366400,0.0001,bitmex_XBTUSD
1574380800,6.832e-05,binance_BTCUSDT
1574395200,0.0001,bitmex_XBTUSD
1574409600,9.601e-05,binance_BTCUSDT
1574424000,-2.9e-05,bitmex_XBTUSD
1574438400,-0.00025622,binance_BTCUSDT
1574452800,0.0001,bitmex_XBTUSD
1574467200,-0.0002867,binance_BTCUSDT
1574481600,-0.000423,bitmex_XBTUSD
1574496000,-0.00017048,binance_BTCUSDT
1574510400,-0.000186,bitmex_XBTUSD
1574524800,-0.0001429,binance_BTCUSDT
1574539200,-8e-06,bitmex_XBTUSD
1574553600,-0.00010216,binance_BTCUSDT
1574568000,-2e-06,bitmex_XBTUSD
1574582400,0.0001,binance_BTCUSDT
1574596800,2.1e-05,bitmex_XBTUSD
1574611200,0.0001,binance_BTCUSDT
1574625600,-8.5e-05,bitmex_XBTUSD
1574640000,0.0001,binance_BTCUSDT
1574654400,0.0001,bitmex_XBTUSD
1574668800,-3.046e-05,binance_BTCUSDT
1574683200,6e-05,bitmex_XBTUSD
1574697600,-0.00011089,binance_BTCUSDT
1574712000,-0.000227,bitmex_XBTUSD
1574726400,-8.462e-05,binance_BTCUSDT
1574740800,-0.000187,bitmex_XBTUSD
1574755200,-0.00046229,binance_BTCUSDT
1574769600,4.5e-05,bitmex_XBTUSD
1574784000,-0.00036807,binance_BTCUSDT
1574798400,-0.000152,bitmex_XBTUSD
1574812800,-0.00018098,binance_BTCUSDT
1574827200,-0.000246,bitmex_XBTUSD
1574841600,-0.00015744,binance_BTCUSDT
1574856000,3.7e-05,bitmex_XBTUSD
1574870400,0.0001,binance_BTCUSDT
1574884800,0.0001,bitmex_XBTUSD
1574899200,0.0001,binance_BTCUSDT
1574913600,5.4e-05,bitmex_XBTUSD
1574928000,0.0001,binance_BTCUSDT
1574942400,8.7e-05,bitmex_XBTUSD
1574956800,0.0001,binance_BTCUSDT
1574971200,-9e-06,bitmex_XBTUSD
1574985600,0.0001,binance_BTCUSDT
1575000000,-0.000139,bitmex_XBTUSD
1575014400,0.0001,binance_BTCUSDT
1575028800,-0.000122,bitmex_XBTUSD
1575043200,0.0001,binance_BTCUSDT
1575057600,9e-06,bitmex_XBTUSD
1575072000,0.0001,binance_BTCUSDT
1575086400,0.0001,bitmex_XBTUSD
1575100800,-1.926e-05,binance_BTCUSDT
1575115200,-1e-05,bitmex_XBTUSD
1575129600,0.0001,binance_BTCUSDT
1575144000,-3.4e-05,bitmex_XBTUSD
1575158400,0.0001,binance_BTCUSDT
1575172800,4.5e-05,bitmex_XBTUSD
1575187200,0.0001,binance_BTCUSDT
1575201600,-5.4e-05,bitmex_XBTUSD
1575216000,0.0001,binance_BTCUSDT
1575230400,-3.2e-05,bitmex_XBTUSD
1575244800,0.0001,binance_BTCUSDT
1575259200,6.9e-05,bitmex_XBTUSD
1575273600,0.0001,binance_BTCUSDT
1575288000,9.5e-05,bitmex_XBTUSD
1575302400,1.721e-05,binance_BTCUSDT
1575316800,9e-05,bitmex_XBTUSD
1575331200,1.418e-05,binance_BTCUSDT
1575345600,-3.5e-05,bitmex_XBTUSD
1575360000,8.902e-05,binance_BTCUSDT
1575374400,7.7e-05,bitmex_XBTUSD
1575388800,-1.025e-05,binance_BTCUSDT
1575403200,0.0001,bitmex_XBTUSD
1575417600,-3.55e-06,binance_BTCUSDT
1575432000,2.4e-05,bitmex_XBTUSD
1575446400,3.333e-05,binance_BTCUSDT
1575460800,4.7e-05,bitmex_XBTUSD
1575475200,-5.268e-05,binance_BTCUSDT
1575489600,-0.000101,bitmex_XBTUSD
1575504000,2.564e-05,binance_BTCUSDT
1575518400,3e-05,bitmex_XBTUSD
1575532800,-9.765e-05,binance_BTCUSDT
1575547200,-0.00039,bitmex_XBTUSD
1575561600,1.789e-05,binance_BTCUSDT
1575576000,-0.000103,bitmex_XBTUSD
1575590400,7.761e-05,binance_BTCUSDT
1575604800,0.0001,bitmex_XBTUSD
1575619200,5.834e-05,binance_BTCUSDT
1575633600,5.8e-05,bitmex_XBTUSD
1575648000,6.551e-05,binance_BTCUSDT
1575662400,0.0001,bitmex_XBTUSD
1575676800,0.0001,binance_BTCUSDT
1575691200,9.5e-05,bitmex_XBTUSD
1575705600,3.809e-05,binance_BTCUSDT
1575720000,0.0001,bitmex_XBTUSD
1575734400,0.0001,binance_BTCUSDT
1575748800,0.0001,bitmex_XBTUSD
1575763200,0.0001,binance_BTCUSDT
1575777600,5.5e-05,bitmex_XBTUSD
1575792000,0.0001,binance_BTCUSDT
1575806400,0.0001,bitmex_XBTUSD
1575820800,0.0001,binance_BTCUSDT
1575835200,2.9e-05,bitmex_XBTUSD
1575849600,0.0001,binance_BTCUSDT
1575864000,9.7e-05,bitmex_XBTUSD
1575878400,0.0001,binance_BTCUSDT
1575892800,0.0001,bitmex_XBTUSD
1575907200,0.0001,binance_BTCUSDT
1575921600,0.0001,bitmex_XBTUSD
1575936000,0.0001,binance_BTCUSDT
1575950400,0.0001,bitmex_XBTUSD
1575964800,0.0001,binance_BTCUSDT
1575979200,0.0001,bitmex_XBTUSD
1575993600,0.0001,binance_BTCUSDT
1576008000,0.0001,bitmex_XBTUSD
1576022400,0.0001,binance_BTCUSDT
1576036800,0.0001,bitmex_XBTUSD
1576051200,4.062e-05,binance_BTCUSDT
1576065600,-7e-06,bitmex_XBTUSD
1576080000,-5.692e-05,binance_BTCUSDT
1576094400,0.0001,bitmex_XBTUSD
1576108800,3.16e-05,binance_BTCUSDT
1576123200,-5.3e-05,bitmex_XBTUSD
1576137600,-3.2e-06,binance_BTCUSDT
1576152000,6e-06,bitmex_XBTUSD
1576166400,-8.52e-05,binance_BTCUSDT
1576180800,0.0001,bitmex_XBTUSD
1576195200,-7.162e-05,binance_BTCUSDT
1576209600,9.3e-05,bitmex_XBTUSD
1576224000,-0.00011387,binance_BTCUSDT
1576238400,0.0001,bitmex_XBTUSD
1576252800,-9.781e-05,binance_BTCUSDT
1576267200,0.0001,bitmex_XBTUSD
1576281600,-5.358e-05,binance_BTCUSDT
1576296000,4.6e-05,bitmex_XBTUSD
1576310400,2.252e-05,binance_BTCUSDT
1576324800,-9e-05,bitmex_XBTUSD
1576339200,0.0001,binance_BTCUSDT
1576353600,-5.9e-05,bitmex_XBTUSD
1576368000,-1.788e-05,binance_BTCUSDT
1576382400,-0.000283,bitmex_XBTUSD
1576396800,7.982e-05,binance_BTCUSDT
1576411200,-5.5e-05,bitmex_XBTUSD
1576425600,2.225e-05,binance_BTCUSDT
1576440000,7.2e-05,bitmex_XBTUSD
1576454400,-0.00013465,binance_BTCUSDT
1576468800,0.0001,bitmex_XBTUSD
1576483200,-0.00010782,binance_BTCUSDT
1576497600,9e-05,bitmex_XBTUSD
1576512000,-3.652e-05,binance_BTCUSDT
1576526400,0.0001,bitmex_XBTUSD
1576540800,-4.606e-05,binance_BTCUSDT
1576555200,0.0001,bitmex_XBTUSD
1576569600,-0.00013429,binance_BTCUSDT
1576584000,-9.6e-05,bitmex_XBTUSD
1576598400,-1.606e-05,binance_BTCUSDT
1576612800,2.5e-05,bitmex_XBTUSD
1576627200,-0.00013767,binance_BTCUSDT
1576641600,-0.000198,bitmex_XBTUSD
1576656000,-0.00022278,binance_BTCUSDT
1576670400,-0.000351,bitmex_XBTUSD
1576684800,-0.0001509,binance_BTCUSDT
1576699200,7.2e-05,bitmex_XBTUSD
1576713600,0.0001,binance_BTCUSDT
1576728000,-0.000331,bitmex_XBTUSD
1576742400,0.0001,binance_BTCUSDT
1576756800,0.0001,bitmex_XBTUSD
1576771200,0.0001,binance_BTCUSDT
1576785600,3.7e-05,bitmex_XBTUSD
1576800000,2.383e-05,binance_BTCUSDT
1576814400,-0.000159,bitmex_XBTUSD
1576828800,1.034e-05,binance_BTCUSDT
1576843200,0.0001,bitmex_XBTUSD
1576857600,3.19e-05,binance_BTCUSDT
1576872000,0.0001,bitmex_XBTUSD
1576886400,-2.37e-06,binance_BTCUSDT
1576900800,-2.4e-05,bitmex_XBTUSD
1576915200,0.0001,binance_BTCUSDT
1576929600,3.1e-05,bitmex_XBTUSD
1576944000,0.0001,binance_BTCUSDT
1576958400,-2e-05,bitmex_XBTUSD
1576972800,0.0001,binance_BTCUSDT
1576987200,9.5e-05,bitmex_XBTUSD
1577001600,0.0001,binance_BTCUSDT
1577016000,0.0001,bitmex_XBTUSD
1577030400,1.57e-05,binance_BTCUSDT
1577044800,0.0001,bitmex_XBTUSD
1577059200,0.0001,binance_BTCUSDT
1577073600,0.0001,bitmex_XBTUSD
1577088000,0.0001,binance_BTCUSDT
1577102400,0.0001,bitmex_XBTUSD
1577116800,0.0001,binance_BTCUSDT
1577131200,0.0001,bitmex_XBTUSD
1577145600,0.0001,binance_BTCUSDT
1577160000,0.0001,bitmex_XBTUSD
1577174400,0.0001,binance_BTCUSDT
1577188800,0.0001,bitmex_XBTUSD
1577203200,0.0001,binance_BTCUSDT
1577217600,0.0001,bitmex_XBTUSD
1577232000,0.0001,binance_BTCUSDT
1577246400,0.0001,bitmex_XBTUSD
1577260800,6.107e-05,binance_BTCUSDT
1577275200,0.0001,bitmex_XBTUSD
1577289600,0.0001,binance_BTCUSDT
1577304000,0.0001,bitmex_XBTUSD
1577318400,0.0001,binance_BTCUSDT
1577332800,0.0001,bitmex_XBTUSD
1577347200,0.0001,binance_BTCUSDT
1577361600,0.0001,bitmex_XBTUSD
1577376000,-2.854e-05,binance_BTCUSDT
1577390400,0.0001,bitmex_XBTUSD
1577404800,2.605e-05,binance_BTCUSDT
1577419200,0.0001,bitmex_XBTUSD
1577433600,-5.694e-05,binance_BTCUSDT
1577448000,0.0001,bitmex_XBTUSD
1577462400,-8.764e-05,binance_BTCUSDT
1577476800,0.0001,bitmex_XBTUSD
1577491200,-7.701e-05,binance_BTCUSDT
1577505600,0.0001,bitmex_XBTUSD
1577520000,-4.257e-05,binance_BTCUSDT
1577534400,0.0001,bitmex_XBTUSD
1577548800,2.166e-05,binance_BTCUSDT
1577563200,0.0001,bitmex_XBTUSD
1577577600,-0.0002325,binance_BTCUSDT
1577592000,0.0001,bitmex_XBTUSD
1577606400,0.0001,binance_BTCUSDT
1577620800,0.0001,bitmex_XBTUSD
1577635200,-8.727e-05,binance_BTCUSDT
1577649600,0.0001,bitmex_XBTUSD
1577664000,-0.00010232,binance_BTCUSDT
1577678400,0.0001,bitmex_XBTUSD
1577692800,-0.0001794,binance_BTCUSDT
1577707200,0.0001,bitmex_XBTUSD
1577721600,-1.406e-05,binance_BTCUSDT
1577736000,0.0001,bitmex_XBTUSD
1577750400,3.936e-05,binance_BTCUSDT
1577764800,0.0001,bitmex_XBTUSD
1577779200,-0.0001305,binance_BTCUSDT
1577793600,0.0001,bitmex_XBTUSD
1577808000,-2.403e-05,binance_BTCUSDT
1577822400,0.0001,bitmex_XBTUSD
1577836800,-0.00012359,binance_BTCUSDT
1577851200,0.0001,bitmex_XBTUSD
1577865600,-0.00012383,binance_BTCUSDT
1577880000,0.0001,bitmex_XBTUSD
1577894400,-9.664e-05,binance_BTCUSDT
1577908800,0.0001,bitmex_XBTUSD
1577923200,3.662e-05,binance_BTCUSDT
1577937600,0.0001,bitmex_XBTUSD
1577952000,0.0001,binance_BTCUSDT
1577966400,0.0001,bitmex_XBTUSD
1577980800,1.04e-06,binance_BTCUSDT
1577995200,0.0001,bitmex_XBTUSD
1578009600,-1.664e-05,binance_BTCUSDT
1578024000,1e-06,bitmex_XBTUSD
1578038400,-1.553e-05,binance_BTCUSDT
1578052800,-1e-06,bitmex_XBTUSD
1578067200,0.0001,binance_BTCUSDT
1578081600,0.0001,bitmex_XBTUSD
1578096000,0.0001,binance_BTCUSDT
1578110400,0.0001,bitmex_XBTUSD
1578124800,8.4e-07,binance_BTCUSDT
1578139200,0.0001,bitmex_XBTUSD
1578153600,7.387e-05,binance_BTCUSDT
1578168000,0.0001,bitmex_XBTUSD
1578182400,0.0001,binance_BTCUSDT
1578196800,0.0001,bitmex_XBTUSD
1578211200,0.0001,binance_BTCUSDT
1578225600,0.0001,bitmex_XBTUSD
1578240000,0.0001,binance_BTCUSDT
1578254400,0.0001,bitmex_XBTUSD
1578268800,0.0001,binance_BTCUSDT
1578283200,0.0001,bitmex_XBTUSD
1578297600,0.0001,binance_BTCUSDT
1578312000,0.0001,bitmex_XBTUSD
1578326400,0.0001,binance_BTCUSDT
1578340800,0.0001,bitmex_XBTUSD
1578355200,0.0001,binance_BTCUSDT
1578369600,0.0001,bitmex_XBTUSD
1578384000,0.0001,binance_BTCUSDT
1578398400,0.0001,bitmex_XBTUSD
1578412800,0.0001,binance_BTCUSDT
1578427200,0.0001,bitmex_XBTUSD
1578441600,0.00012514,binance_BTCUSDT
1578456000,0.0001,bitmex_XBTUSD
1578470400,0.0001,binance_BTCUSDT
1578484800,0.0001,bitmex_XBTUSD
1578499200,0.0001,binance_BTCUSDT
1578513600,0.0001,bitmex_XBTUSD
1578528000,0.0001,binance_BTCUSDT
1578542400,0.0001,bitmex_XBTUSD
1578556800,0.0001,binance_BTCUSDT
1578571200,0.0001,bitmex_XBTUSD
1578585600,0.0001,binance_BTCUSDT
1578600000,0.0001,bitmex_XBTUSD
1578614400,0.0001,binance_BTCUSDT
1578628800,0.0001,bitmex_XBTUSD
1578643200,0.0001,binance_BTCUSDT
1578657600,0.0001,bitmex_XBTUSD
1578672000,0.0001,binance_BTCUSDT
1578686400,0.0001,bitmex_XBTUSD
1578700800,0.0001,binance_BTCUSDT
1578715200,0.0001,bitmex_XBTUSD
1578729600,0.00017846,binance_BTCUSDT
1578744000,0.0001,bitmex_XBTUSD
1578758400,0.0001,binance_BTCUSDT
1578772800,0.0001,bitmex_XBTUSD
1578787200,0.0001,binance_BTCUSDT
1578801600,0.0001,bitmex_XBTUSD
1578816000,0.0001,binance_BTCUSDT
1578830400,0.0001,bitmex_XBTUSD
1578844800,0.0001,binance_BTCUSDT
1578859200,0.0001,bitmex_XBTUSD
1578873600,0.0001,binance_BTCUSDT
1578888000,0.0001,bitmex_XBTUSD
1578902400,0.0001,binance_BTCUSDT
1578916800,0.0001,bitmex_XBTUSD
1578931200,0.0001,binance_BTCUSDT
1578945600,0.0001,bitmex_XBTUSD
1578960000,0.0001,binance_BTCUSDT
1578974400,0.0001,bitmex_XBTUSD
1578988800,0.000259,binance_BTCUSDT
1579003200,0.0001,bitmex_XBTUSD
1579017600,0.0001,binance_BTCUSDT
1579032000,0.000283,bitmex_XBTUSD
1579046400,0.00049392,binance_BTCUSDT
1579060800,0.0001,bitmex_XBTUSD
1579075200,0.00019497,binance_BTCUSDT
1579089600,0.000357,bitmex_XBTUSD
1579104000,0.0001,binance_BTCUSDT
1579118400,0.000311,bitmex_XBTUSD
1579132800,0.0001,binance_BTCUSDT
1579147200,0.0001,bitmex_XBTUSD
1579161600,0.00041191,binance_BTCUSDT
1579176000,0.0001,bitmex_XBTUSD
1579190400,0.00031466,binance_BTCUSDT
1579204800,0.000322,bitmex_XBTUSD
1579219200,0.0001,binance_BTCUSDT
1579233600,0.00028,bitmex_XBTUSD
1579248000,0.00015027,binance_BTCUSDT
1579262400,0.000239,bitmex_XBTUSD
1579276800,0.00056749,binance_BTCUSDT
1579291200,0.00051,bitmex_XBTUSD
1579305600,0.0001,binance_BTCUSDT
1579320000,0.0001,bitmex_XBTUSD
1579334400,0.00029182,binance_BTCUSDT
1579348800,0.0001,bitmex_XBTUSD
1579363200,0.00032081,binance_BTCUSDT
1579377600,0.000319,bitmex_XBTUSD
1579392000,0.00020041,binance_BTCUSDT
1579406400,0.00013,bitmex_XBTUSD
1579420800,0.00039329,binance_BTCUSDT
1579435200,0.00012,bitmex_XBTUSD
1579449600,0.00092467,binance_BTCUSDT
1579464000,0.000145,bitmex_XBTUSD
1579478400,0.00029702,binance_BTCUSDT
1579492800,0.0001,bitmex_XBTUSD
1579507200,0.0001,binance_BTCUSDT
1579521600,0.0001,bitmex_XBTUSD
1579536000,0.00010782,binance_BTCUSDT
1579550400,0.0001,bitmex_XBTUSD
1579564800,0.00012057,binance_BTCUSDT
1579579200,0.0001,bitmex_XBTUSD
1579593600,0.00015425,binance_BTCUSDT
1579608000,0.0001,bitmex_XBTUSD
1579622400,0.0001574,binance_BTCUSDT
1579636800,0.000215,bitmex_XBTUSD
1579651200,0.0001,binance_BTCUSDT
1579665600,0.0001,bitmex_XBTUSD
1579680000,0.00021392,binance_BTCUSDT
1579694400,0.000322,bitmex_XBTUSD
1579708800,0.0001,binance_BTCUSDT
1579723200,0.0001,bitmex_XBTUSD
1579737600,0.0001,binance_BTCUSDT
1579752000,0.0001,bitmex_XBTUSD
1579766400,0.0001,binance_BTCUSDT
1579780800,0.0001,bitmex_XBTUSD
1579795200,0.00052304,binance_BTCUSDT
1579809600,0.0001,bitmex_XBTUSD
1579824000,0.00054719,binance_BTCUSDT
1579838400,0.000341,bitmex_XBTUSD
1579852800,0.00042124,binance_BTCUSDT
1579867200,0.0001,bitmex_XBTUSD
1579881600,0.00017948,binance_BTCUSDT
1579896000,0.0001,bitmex_XBTUSD
1579910400,0.0001,binance_BTCUSDT
1579924800,0.0001,bitmex_XBTUSD
1579939200,0.0001,binance_BTCUSDT
1579953600,0.0001,bitmex_XBTUSD
1579968000,0.0001,binance_BTCUSDT
1579982400,0.0001,bitmex_XBTUSD
1579996800,0.0001,binance_BTCUSDT
1580011200,0.0001,bitmex_XBTUSD
1580025600,0.0001,binance_BTCUSDT
1580040000,0.0001,bitmex_XBTUSD
1580054400,0.0001,binance_BTCUSDT
1580068800,0.0001,bitmex_XBTUSD
1580083200,0.0001,binance_BTCUSDT
1580097600,0.0001,bitmex_XBTUSD
1580112000,0.0001,binance_BTCUSDT
1580126400,0.0001,bitmex_XBTUSD
1580140800,0.0001,binance_BTCUSDT
1580155200,0.0001,bitmex_XBTUSD
1580169600,0.0001,binance_BTCUSDT
1580184000,0.0001,bitmex_XBTUSD
1580198400,0.00068689,binance_BTCUSDT
1580212800,0.00042,bitmex_XBTUSD
1580227200,0.00054394,binance_BTCUSDT
1580241600,0.000614,bitmex_XBTUSD
1580256000,0.00062324,binance_BTCUSDT
1580270400,0.000238,bitmex_XBTUSD
1580284800,0.00108193,binance_BTCUSDT
1580299200,0.000597,bitmex_XBTUSD
1580313600,0.00053694,binance_BTCUSDT
1580328000,0.000676,bitmex_XBTUSD
1580342400,0.000236,binance_BTCUSDT
1580356800,0.000316,bitmex_XBTUSD
1580371200,0.00024877,binance_BTCUSDT
1580385600,0.000438,bitmex_XBTUSD
1580400000,0.00034852,binance_BTCUSDT
1580414400,0.000732,bitmex_XBTUSD
1580428800,0.00053551,binance_BTCUSDT
1580443200,0.000317,bitmex_XBTUSD
1580457600,0.00077154,binance_BTCUSDT
1580472000,0.000216,bitmex_XBTUSD
1580486400,0.00039858,binance_BTCUSDT
1580500800,0.000522,bitmex_XBTUSD
1580515200,0.00074991,binance_BTCUSDT
1580529600,0.0001,bitmex_XBTUSD
1580544000,0.00065667,binance_BTCUSDT
1580558400,0.0001,bitmex_XBTUSD
1580572800,0.00049052,binance_BTCUSDT
1580587200,0.000283,bitmex_XBTUSD
1580601600,0.00028263,binance_BTCUSDT
1580616000,0.000106,bitmex_XBTUSD
1580630400,0.00034916,binance_BTCUSDT
1580644800,0.0001,bitmex_XBTUSD
1580659200,0.00065524,binance_BTCUSDT
1580673600,0.000358,bitmex_XBTUSD
1580688000,0.00060677,binance_BTCUSDT
1580702400,0.000532,bitmex_XBTUSD
1580716800,0.00035862,binance_BTCUSDT
1580731200,0.000123,bitmex_XBTUSD
1580745600,0.0001,binance_BTCUSDT
1580760000,0.0001,bitmex_XBTUSD
1580774400,0.00099282,binance_BTCUSDT
1580788800,0.0001,bitmex_XBTUSD
1580803200,0.0005445,binance_BTCUSDT
1580817600,0.0001,bitmex_XBTUSD
1580832000,0.00038192,binance_BTCUSDT
1580846400,0.000112,bitmex_XBTUSD
1580860800,0.0001,binance_BTCUSDT
1580875200,0.0001,bitmex_XBTUSD
1580889600,0.0001,binance_BTCUSDT
1580904000,0.0001,bitmex_XBTUSD
1580918400,0.00052631,binance_BTCUSDT
1580932800,0.000493,bitmex_XBTUSD
1580947200,0.00164021,binance_BTCUSDT
1580961600,0.000708,bitmex_XBTUSD
1580976000,0.00078299,binance_BTCUSDT
1580990400,0.001201,bitmex_XBTUSD
1581004800,0.00055668,binance_BTCUSDT
1581019200,0.000534,bitmex_XBTUSD
1581033600,0.00035618,binance_BTCUSDT
1581048000,0.000298,bitmex_XBTUSD
1581062400,0.00019726,binance_BTCUSDT
1581076800,0.000472,bitmex_XBTUSD
1581091200,0.00034616,binance_BTCUSDT
1581105600,0.000778,bitmex_XBTUSD
1581120000,0.00039915,binance_BTCUSDT
1581134400,0.000274,bitmex_XBTUSD
1581148800,0.00062858,binance_BTCUSDT
1581163200,0.000249,bitmex_XBTUSD
1581177600,0.00099315,binance_BTCUSDT
1581192000,0.000301,bitmex_XBTUSD
1581206400,0.00042798,binance_BTCUSDT
1581220800,0.000556,bitmex_XBTUSD
1581235200,0.00081519,binance_BTCUSDT
1581249600,0.000227,bitmex_XBTUSD
1581264000,0.00113954,binance_BTCUSDT
1581278400,0.000584,bitmex_XBTUSD
1581292800,0.00106733,binance_BTCUSDT
1581307200,0.0007,bitmex_XBTUSD
1581321600,0.00125022,binance_BTCUSDT
1581336000,0.000502,bitmex_XBTUSD
1581350400,0.00097918,binance_BTCUSDT
1581364800,0.000696,bitmex_XBTUSD
1581379200,0.00043989,binance_BTCUSDT
1581393600,0.000138,bitmex_XBTUSD
1581408000,0.00064797,binance_BTCUSDT
1581422400,0.000484,bitmex_XBTUSD
1581436800,0.0005012,binance_BTCUSDT
1581451200,0.000425,bitmex_XBTUSD
1581465600,0.003,binance_BTCUSDT
1581480000,0.000424,bitmex_XBTUSD
1581494400,0.00108055,binance_BTCUSDT
1581508800,0.000841,bitmex_XBTUSD
1581523200,0.00103884,binance_BTCUSDT
1581537600,0.001006,bitmex_XBTUSD
1581552000,0.00093553,binance_BTCUSDT
1581566400,0.000466,bitmex_XBTUSD
1581580800,0.00084403,binance_BTCUSDT
1581595200,0.000554,bitmex_XBTUSD
1581609600,0.00070414,binance_BTCUSDT
1581624000,0.000839,bitmex_XBTUSD
1581638400,0.0006332,binance_BTCUSDT
1581652800,0.00031,bitmex_XBTUSD
1581667200,0.00074453,binance_BTCUSDT
1581681600,0.000473,bitmex_XBTUSD
1581696000,0.00055952,binance_BTCUSDT
1581710400,0.000848,bitmex_XBTUSD
1581724800,0.00059113,binance_BTCUSDT
1581739200,0.000412,bitmex_XBTUSD
1581753600,0.0009686,binance_BTCUSDT
1581768000,0.0001,bitmex_XBTUSD
1581782400,0.00087369,binance_BTCUSDT
1581796800,0.0001,bitmex_XBTUSD
1581811200,0.00051202,binance_BTCUSDT
1581825600,0.0001,bitmex_XBTUSD
1581840000,0.00036973,binance_BTCUSDT
1581854400,0.0001,bitmex_XBTUSD
1581868800,0.00060847,binance_BTCUSDT
1581883200,0.0001,bitmex_XBTUSD
1581897600,0.00043179,binance_BTCUSDT
1581912000,0.000326,bitmex_XBTUSD
1581926400,0.0006096,binance_BTCUSDT
1581940800,0.000261,bitmex_XBTUSD
1581955200,0.00091076,binance_BTCUSDT
1581969600,0.000538,bitmex_XBTUSD
1581984000,0.00026967,binance_BTCUSDT
1581998400,0.000412,bitmex_XBTUSD
1582012800,0.00013952,binance_BTCUSDT
1582027200,0.0001,bitmex_XBTUSD
1582041600,0.00029662,binance_BTCUSDT
1582056000,0.0001,bitmex_XBTUSD
1582070400,0.00046396,binance_BTCUSDT
1582084800,0.000168,bitmex_XBTUSD
1582099200,0.00038487,binance_BTCUSDT
1582113600,0.00056,bitmex_XBTUSD
1582128000,0.00040757,binance_BTCUSDT
1582142400,0.000652,bitmex_XBTUSD
1582156800,0.0001,binance_BTCUSDT
1582171200,0.000226,bitmex_XBTUSD
1582185600,0.0001,binance_BTCUSDT
1582200000,0.0001,bitmex_XBTUSD
1582214400,0.0001,binance_BTCUSDT
1582228800,0.0001,bitmex_XBTUSD
1582243200,0.0001,binance_BTCUSDT
1582257600,0.0001,bitmex_XBTUSD
1582272000,0.0001,binance_BTCUSDT
1582286400,0.0001,bitmex_XBTUSD
1582300800,0.0001,binance_BTCUSDT
1582315200,0.0001,bitmex_XBTUSD
1582329600,0.0001,binance_BTCUSDT
1582344000,0.0001,bitmex_XBTUSD
1582358400,0.0001,binance_BTCUSDT
1582372800,0.0001,bitmex_XBTUSD
1582387200,0.00012243,binance_BTCUSDT
1582401600,0.0001,bitmex_XBTUSD
1582416000,0.00029663,binance_BTCUSDT
1582430400,0.0001,bitmex_XBTUSD
1582444800,0.0003901,binance_BTCUSDT
1582459200,0.0001,bitmex_XBTUSD
1582473600,0.00065308,binance_BTCUSDT
1582488000,0.0001,bitmex_XBTUSD
1582502400,0.00048774,binance_BTCUSDT
1582516800,0.0001,bitmex_XBTUSD
1582531200,0.00014587,binance_BTCUSDT
1582545600,0.0001,bitmex_XBTUSD
1582560000,0.0001,binance_BTCUSDT
1582574400,0.0001,bitmex_XBTUSD
1582588800,0.00032389,binance_BTCUSDT
1582603200,0.0001,bitmex_XBTUSD
1582617600,0.00027363,binance_BTCUSDT
1582632000,0.0001,bitmex_XBTUSD
1582646400,0.00046949,binance_BTCUSDT
1582660800,0.000171,bitmex_XBTUSD
1582675200,0.0003617,binance_BTCUSDT
1582689600,0.000404,bitmex_XBTUSD
1582704000,0.0005063,binance_BTCUSDT
1582718400,0.000362,bitmex_XBTUSD
1582732800,0.0003866,binance_BTCUSDT
1582747200,0.000744,bitmex_XBTUSD
1582761600,0.00017363,binance_BTCUSDT
1582776000,0.00012,bitmex_XBTUSD
1582790400,0.0001,binance_BTCUSDT
1582804800,0.0001,bitmex_XBTUSD
1582819200,0.0001,binance_BTCUSDT
1582833600,0.0001,bitmex_XBTUSD
1582848000,0.0001,binance_BTCUSDT
1582862400,0.0001,bitmex_XBTUSD
1582876800,0.00011659,binance_BTCUSDT
1582891200,0.0001,bitmex_XBTUSD
1582905600,0.00023604,binance_BTCUSDT
1582920000,0.0001,bitmex_XBTUSD
1582934400,0.00061536,binance_BTCUSDT
1582948800,0.0001,bitmex_XBTUSD
1582963200,0.00060166,binance_BTCUSDT
1582977600,0.000202,bitmex_XBTUSD
1582992000,0.00062345,binance_BTCUSDT
1583006400,0.000136,bitmex_XBTUSD
1583020800,0.00049317,binance_BTCUSDT
1583035200,0.0001,bitmex_XBTUSD
1583049600,0.00027933,binance_BTCUSDT
1583064000,0.0001,bitmex_XBTUSD
1583078400,0.00031033,binance_BTCUSDT
1583092800,0.0001,bitmex_XBTUSD
1583107200,0.0001872,binance_BTCUSDT
1583121600,0.0001,bitmex_XBTUSD
1583136000,0.0001,binance_BTCUSDT
1583150400,0.000409,bitmex_XBTUSD
1583164800,0.0001,binance_BTCUSDT
1583179200,0.0001,bitmex_XBTUSD
1583193600,0.0001,binance_BTCUSDT
1583208000,0.0001,bitmex_XBTUSD
1583222400,0.0001,binance_BTCUSDT
1583236800,0.0001,bitmex_XBTUSD
1583251200,0.0001,binance_BTCUSDT
1583265600,0.0001,bitmex_XBTUSD
1583280000,0.0001,binance_BTCUSDT
1583294400,0.0001,bitmex_XBTUSD
1583308800,0.0001,binance_BTCUSDT
1583323200,0.0001,bitmex_XBTUSD
1583337600,0.00024328,binance_BTCUSDT
1583352000,0.0001,bitmex_XBTUSD
1583366400,0.0001,binance_BTCUSDT
1583380800,0.0001,bitmex_XBTUSD
1583395200,0.00023481,binance_BTCUSDT
1583409600,0.0001,bitmex_XBTUSD
1583424000,0.00019521,binance_BTCUSDT
1583438400,0.0001,bitmex_XBTUSD
1583452800,0.00020373,binance_BTCUSDT
1583467200,0.0001,bitmex_XBTUSD
1583481600,0.00021759,binance_BTCUSDT
1583496000,0.0001,bitmex_XBTUSD
1583510400,0.00035706,binance_BTCUSDT
1583524800,0.0001,bitmex_XBTUSD
1583539200,0.00039476,binance_BTCUSDT
1583553600,0.0001,bitmex_XBTUSD
1583568000,0.00032086,binance_BTCUSDT
1583582400,0.0001,bitmex_XBTUSD
1583596800,0.00032714,binance_BTCUSDT
1583611200,0.0001,bitmex_XBTUSD
1583625600,0.00054685,binance_BTCUSDT
1583640000,0.0001,bitmex_XBTUSD
1583654400,0.00049747,binance_BTCUSDT
1583668800,0.0001,bitmex_XBTUSD
1583683200,0.00042921,binance_BTCUSDT
1583697600,0.0001,bitmex_XBTUSD
1583712000,0.0001,binance_BTCUSDT
1583726400,0.0001,bitmex_XBTUSD
1583740800,0.0001,binance_BTCUSDT
1583755200,0.0001,bitmex_XBTUSD
1583769600,0.0001,binance_BTCUSDT
1583784000,0.0001,bitmex_XBTUSD
1583798400,0.0001,binance_BTCUSDT
1583812800,0.0001,bitmex_XBTUSD
1583827200,0.0001,binance_BTCUSDT
1583841600,0.0001,bitmex_XBTUSD
1583856000,0.0001,binance_BTCUSDT
1583870400,-4.4e-05,bitmex_XBTUSD
1583884800,0.0001,binance_BTCUSDT
1583899200,0.0001,bitmex_XBTUSD
1583913600,0.0001,binance_BTCUSDT
1583928000,5.3e-05,bitmex_XBTUSD
1583942400,0.00022898,binance_BTCUSDT
1583956800,0.0001,bitmex_XBTUSD
1583971200,0.00010572,binance_BTCUSDT
1583985600,0.0001,bitmex_XBTUSD
1584000000,0.0001,binance_BTCUSDT
1584014400,0.0001,bitmex_XBTUSD
1584028800,-0.00015149,binance_BTCUSDT
1584043200,-0.001691,bitmex_XBTUSD
1584057600,-0.00016073,binance_BTCUSDT
1584072000,-0.00375,bitmex_XBTUSD
1584086400,-0.003,binance_BTCUSDT
1584100800,-0.00375,bitmex_XBTUSD
1584115200,-0.00065378,binance_BTCUSDT
1584129600,-0.00375,bitmex_XBTUSD
1584144000,-0.00076421,binance_BTCUSDT
1584158400,-0.00375,bitmex_XBTUSD
1584172800,-4.946e-05,binance_BTCUSDT
1584187200,-0.00375,bitmex_XBTUSD
1584201600,-0.00050325,binance_BTCUSDT
1584216000,-0.00375,bitmex_XBTUSD
1584230400,-0.00047893,binance_BTCUSDT
1584244800,-0.0015,bitmex_XBTUSD
1584259200,-0.00054208,binance_BTCUSDT
1584273600,-0.001371,bitmex_XBTUSD
1584288000,-0.0004879,binance_BTCUSDT
1584302400,-0.000967,bitmex_XBTUSD
1584316800,-0.00028282,binance_BTCUSDT
1584331200,-5.5e-05,bitmex_XBTUSD
1584345600,-0.00036873,binance_BTCUSDT
1584360000,-0.000648,bitmex_XBTUSD
1584374400,-0.00090358,binance_BTCUSDT
1584388800,-0.002249,bitmex_XBTUSD
1584403200,-0.0002383,binance_BTCUSDT
1584417600,-0.002209,bitmex_XBTUSD
1584432000,-3.681e-05,binance_BTCUSDT
1584446400,-0.001476,bitmex_XBTUSD
1584460800,-0.00010573,binance_BTCUSDT
1584475200,-0.000754,bitmex_XBTUSD
1584489600,-0.00014706,binance_BTCUSDT
1584504000,-0.000758,bitmex_XBTUSD
1584518400,-0.00035528,binance_BTCUSDT
1584532800,-0.000719,bitmex_XBTUSD
1584547200,-0.00033374,binance_BTCUSDT
1584561600,-0.000714,bitmex_XBTUSD
1584576000,-0.00015042,binance_BTCUSDT
1584590400,-0.000499,bitmex_XBTUSD
1584604800,-0.00022004,binance_BTCUSDT
1584619200,-0.000214,bitmex_XBTUSD
1584633600,-0.00027089,binance_BTCUSDT
1584648000,-0.000468,bitmex_XBTUSD
1584662400,-0.00015469,binance_BTCUSDT
1584676800,-0.000702,bitmex_XBTUSD
1584691200,-1.171e-05,binance_BTCUSDT
1584705600,-0.000184,bitmex_XBTUSD
1584720000,0.0001,binance_BTCUSDT
1584734400,-0.000422,bitmex_XBTUSD
1584748800,8.327e-05,binance_BTCUSDT
1584763200,-9.1e-05,bitmex_XBTUSD
1584777600,-9.15e-06,binance_BTCUSDT
1584792000,-5.5e-05,bitmex_XBTUSD
1584806400,-0.00011557,binance_BTCUSDT
1584820800,-0.00046,bitmex_XBTUSD
1584835200,-2.842e-05,binance_BTCUSDT
1584849600,-0.000409,bitmex_XBTUSD
1584864000,0.0001,binance_BTCUSDT
1584878400,-0.000513,bitmex_XBTUSD
1584892800,2.24e-06,binance_BTCUSDT
1584907200,-0.000253,bitmex_XBTUSD
1584921600,-0.00016796,binance_BTCUSDT
1584936000,-0.00092,bitmex_XBTUSD
1584950400,-0.00016295,binance_BTCUSDT
1584964800,-0.000302,bitmex_XBTUSD
1584979200,0.0001,binance_BTCUSDT
1584993600,-0.000406,bitmex_XBTUSD
1585008000,0.0001,binance_BTCUSDT
1585022400,-1e-05,bitmex_XBTUSD
1585036800,0.0001,binance_BTCUSDT
1585051200,-9.6e-05,bitmex_XBTUSD
1585065600,0.0001,binance_BTCUSDT
1585080000,-2e-06,bitmex_XBTUSD
1585094400,0.0001,binance_BTCUSDT
1585108800,-0.000412,bitmex_XBTUSD
1585123200,9.958e-05,binance_BTCUSDT
1585137600,-0.000205,bitmex_XBTUSD
1585152000,9.813e-05,binance_BTCUSDT
1585166400,-0.000225,bitmex_XBTUSD
1585180800,-1.62e-05,binance_BTCUSDT
1585195200,-0.000546,bitmex_XBTUSD
1585209600,0.0001,binance_BTCUSDT
1585224000,-8.1e-05,bitmex_XBTUSD
1585238400,1.599e-05,binance_BTCUSDT
1585252800,8.4e-05,bitmex_XBTUSD
1585267200,6.223e-05,binance_BTCUSDT
1585281600,-0.000385,bitmex_XBTUSD
1585296000,6.838e-05,binance_BTCUSDT
1585310400,0.0001,bitmex_XBTUSD
1585324800,1.48e-06,binance_BTCUSDT
1585339200,-0.000616,bitmex_XBTUSD
1585353600,-0.00012203,binance_BTCUSDT
1585368000,-9.5e-05,bitmex_XBTUSD
1585382400,-0.00041263,binance_BTCUSDT
1585396800,-0.000363,bitmex_XBTUSD
1585411200,-0.0002165,binance_BTCUSDT
1585425600,-0.001005,bitmex_XBTUSD
1585440000,-0.00023282,binance_BTCUSDT
1585454400,-0.00039,bitmex_XBTUSD
1585468800,-0.0002912,binance_BTCUSDT
1585483200,-5.5e-05,bitmex_XBTUSD
1585497600,-0.00025613,binance_BTCUSDT
1585512000,-0.000339,bitmex_XBTUSD
1585526400,-0.0006431,binance_BTCUSDT
1585540800,-0.000375,bitmex_XBTUSD
1585555200,-0.00033817,binance_BTCUSDT
1585569600,-0.000548,bitmex_XBTUSD
1585584000,-6.982e-05,binance_BTCUSDT
1585598400,-0.000346,bitmex_XBTUSD
1585612800,-5.383e-05,binance_BTCUSDT
1585627200,3e-05,bitmex_XBTUSD
1585641600,-0.00015273,binance_BTCUSDT
1585656000,0.0001,bitmex_XBTUSD
1585670400,-0.000162,binance_BTCUSDT
1585684800,-0.0002,bitmex_XBTUSD
1585699200,-9.237e-05,binance_BTCUSDT
1585713600,-0.000368,bitmex_XBTUSD
1585728000,-0.0004868,binance_BTCUSDT
1585742400,-0.000247,bitmex_XBTUSD
1585756800,-0.00034983,binance_BTCUSDT
1585771200,-0.000589,bitmex_XBTUSD
1585785600,-0.0001933,binance_BTCUSDT
1585800000,-0.000532,bitmex_XBTUSD
1585814400,3.28e-05,binance_BTCUSDT
1585828800,0.0001,bitmex_XBTUSD
1585843200,9.417e-05,binance_BTCUSDT
1585857600,0.0001,bitmex_XBTUSD
1585872000,9.047e-05,binance_BTCUSDT
1585886400,0.0001,bitmex_XBTUSD
1585900800,7.9e-07,binance_BTCUSDT
1585915200,-0.000324,bitmex_XBTUSD
1585929600,0.0001,binance_BTCUSDT
1585944000,-0.000272,bitmex_XBTUSD
1585958400,6.184e-05,binance_BTCUSDT
1585972800,-0.000433,bitmex_XBTUSD
1585987200,5.655e-05,binance_BTCUSDT
1586001600,-0.000448,bitmex_XBTUSD
1586016000,-7.77e-05,binance_BTCUSDT
1586030400,-0.000121,bitmex_XBTUSD
1586044800,-4.495e-05,binance_BTCUSDT
1586059200,-0.000151,bitmex_XBTUSD
1586073600,4.198e-05,binance_BTCUSDT
1586088000,0.0001,bitmex_XBTUSD
1586102400,3.859e-05,binance_BTCUSDT
1586116800,0.0001,bitmex_XBTUSD
1586131200,2.364e-05,binance_BTCUSDT
1586145600,7e-06,bitmex_XBTUSD
1586160000,6.54e-06,binance_BTCUSDT
1586174400,0.0001,bitmex_XBTUSD
1586188800,-8.471e-05,binance_BTCUSDT
1586203200,0.0001,bitmex_XBTUSD
1586217600,-0.00012883,binance_BTCUSDT
1586232000,0.0001,bitmex_XBTUSD
1586246400,-2.915e-05,binance_BTCUSDT
1586260800,0.0001,bitmex_XBTUSD
1586275200,1.131e-05,binance_BTCUSDT
1586289600,-5.8e-05,bitmex_XBTUSD
1586304000,-2.763e-05,binance_BTCUSDT
1586318400,-0.000152,bitmex_XBTUSD
1586332800,0.0001,binance_BTCUSDT
1586347200,3.8e-05,bitmex_XBTUSD
1586361600,6.677e-05,binance_BTCUSDT
1586376000,0.0001,bitmex_XBTUSD
1586390400,0.0001,binance_BTCUSDT
1586404800,-1.7e-05,bitmex_XBTUSD
1586419200,-0.00010005,binance_BTCUSDT
1586433600,-0.000275,bitmex_XBTUSD
1586448000,-8.854e-05,binance_BTCUSDT
1586462400,-0.000106,bitmex_XBTUSD
1586476800,-5.003e-05,binance_BTCUSDT
1586491200,-0.000264,bitmex_XBTUSD
1586505600,0.0001,binance_BTCUSDT
1586520000,-0.000157,bitmex_XBTUSD
1586534400,0.0001,binance_BTCUSDT
1586548800,-0.000742,bitmex_XBTUSD
1586563200,0.0001,binance_BTCUSDT
1586577600,-0.000754,bitmex_XBTUSD
1586592000,0.0001,binance_BTCUSDT
1586606400,-0.000252,bitmex_XBTUSD
1586620800,0.0001,binance_BTCUSDT
1586635200,-6.3e-05,bitmex_XBTUSD
1586649600,0.0001,binance_BTCUSDT
1586664000,-0.000302,bitmex_XBTUSD
1586678400,0.0001,binance_BTCUSDT
1586692800,-0.000123,bitmex_XBTUSD
1586707200,8.453e-05,binance_BTCUSDT
1586721600,-0.000237,bitmex_XBTUSD
1586736000,7.954e-05,binance_BTCUSDT
1586750400,-0.000112,bitmex_XBTUSD
1586764800,-0.00020271,binance_BTCUSDT
1586779200,-0.000716,bitmex_XBTUSD
1586793600,-2.882e-05,binance_BTCUSDT
1586808000,-0.000832,bitmex_XBTUSD
1586822400,-1.244e-05,binance_BTCUSDT
1586836800,-0.000369,bitmex_XBTUSD
1586851200,5.454e-05,binance_BTCUSDT
1586865600,-9e-05,bitmex_XBTUSD
1586880000,-0.00020028,binance_BTCUSDT
1586894400,3e-06,bitmex_XBTUSD
1586908800,-0.00012803,binance_BTCUSDT
1586923200,-0.000204,bitmex_XBTUSD
1586937600,-4.63e-05,binance_BTCUSDT
1586952000,-0.000296,bitmex_XBTUSD
1586966400,2.925e-05,binance_BTCUSDT
1586980800,-0.000207,bitmex_XBTUSD
1586995200,-7.017e-05,binance_BTCUSDT
1587009600,-0.000355,bitmex_XBTUSD
1587024000,-0.00046001,binance_BTCUSDT
1587038400,-0.000564,bitmex_XBTUSD
1587052800,6.364e-05,binance_BTCUSDT
1587067200,0.0001,bitmex_XBTUSD
1587081600,5.926e-05,binance_BTCUSDT
1587096000,0.0001,bitmex_XBTUSD
1587110400,3.345e-05,binance_BTCUSDT
1587124800,0.0001,bitmex_XBTUSD
1587139200,-6.771e-05,binance_BTCUSDT
1587153600,8.3e-05,bitmex_XBTUSD
1587168000,-3.132e-05,binance_BTCUSDT
1587182400,-0.000109,bitmex_XBTUSD
1587196800,-0.00017145,binance_BTCUSDT
1587211200,-0.000101,bitmex_XBTUSD
1587225600,-0.00019642,binance_BTCUSDT
1587240000,0.0001,bitmex_XBTUSD
1587254400,-0.00019142,binance_BTCUSDT
1587268800,0.0001,bitmex_XBTUSD
1587283200,-5.966e-05,binance_BTCUSDT
1587297600,-1.8e-05,bitmex_XBTUSD
1587312000,8.514e-05,binance_BTCUSDT
1587326400,-0.000136,bitmex_XBTUSD
1587340800,-1.31e-05,binance_BTCUSDT
1587355200,-3e-05,bitmex_XBTUSD
1587369600,-1.874e-05,binance_BTCUSDT
1587384000,0.0001,bitmex_XBTUSD
1587398400,-5.762e-05,binance_BTCUSDT
1587412800,0.0001,bitmex_XBTUSD
1587427200,-9.18e-05,binance_BTCUSDT
1587441600,-0.000486,bitmex_XBTUSD
1587456000,-7.539e-05,binance_BTCUSDT
1587470400,-0.000661,bitmex_XBTUSD
1587484800,0.0001,binance_BTCUSDT
1587499200,-0.000304,bitmex_XBTUSD
1587513600,-2.663e-05,binance_BTCUSDT
1587528000,-0.000231,bitmex_XBTUSD
1587542400,-0.00011402,binance_BTCUSDT
1587556800,-0.00025,bitmex_XBTUSD
1587571200,-0.00031244,binance_BTCUSDT
1587585600,-5.6e-05,bitmex_XBTUSD
1587600000,-0.0002234,binance_BTCUSDT
1587614400,0.0001,bitmex_XBTUSD
1587628800,-0.00015491,binance_BTCUSDT
1587643200,2.4e-05,bitmex_XBTUSD
1587657600,0.0001,binance_BTCUSDT
1587672000,-4e-05,bitmex_XBTUSD
1587686400,0.0001,binance_BTCUSDT
1587700800,0.0001,bitmex_XBTUSD
1587715200,0.0001,binance_BTCUSDT
1587729600,0.0001,bitmex_XBTUSD
1587744000,0.0001,binance_BTCUSDT
1587758400,0.0001,bitmex_XBTUSD
1587772800,0.0001,binance_BTCUSDT
1587787200,0.0001,bitmex_XBTUSD
1587801600,0.0001,binance_BTCUSDT
1587816000,7.1e-05,bitmex_XBTUSD
1587830400,0.0001,binance_BTCUSDT
1587844800,0.0001,bitmex_XBTUSD
1587859200,0.0001,binance_BTCUSDT
1587873600,-0.000151,bitmex_XBTUSD
1587888000,7.493e-05,binance_BTCUSDT
1587902400,-8e-05,bitmex_XBTUSD
1587916800,0.0001,binance_BTCUSDT
1587931200,3.2e-05,bitmex_XBTUSD
1587945600,0.0001,binance_BTCUSDT
1587960000,-0.000122,bitmex_XBTUSD
1587974400,0.0001,binance_BTCUSDT
1587988800,7.6e-05,bitmex_XBTUSD
1588003200,0.0001,binance_BTCUSDT
1588017600,-7e-05,bitmex_XBTUSD
1588032000,0.0001,binance_BTCUSDT
1588046400,-0.000165,bitmex_XBTUSD
1588060800,0.0001,binance_BTCUSDT
1588075200,0.0001,bitmex_XBTUSD
1588089600,0.0001,binance_BTCUSDT
1588104000,0.0001,bitmex_XBTUSD
1588118400,0.0001,binance_BTCUSDT
1588132800,-0.000223,bitmex_XBTUSD
1588147200,0.0001,binance_BTCUSDT
1588161600,1.1e-05,bitmex_XBTUSD
1588176000,0.0001,binance_BTCUSDT
1588190400,0.0001,bitmex_XBTUSD
1588204800,0.00013208,binance_BTCUSDT
1588219200,0.0001,bitmex_XBTUSD
1588233600,0.00097517,binance_BTCUSDT
1588248000,0.0001,bitmex_XBTUSD
1588262400,0.0001,binance_BTCUSDT
1588276800,0.0001,bitmex_XBTUSD
1588291200,0.00021072,binance_BTCUSDT
1588305600,0.0001,bitmex_XBTUSD
1588320000,0.00017885,binance_BTCUSDT
1588334400,0.0001,bitmex_XBTUSD
1588348800,0.00013528,binance_BTCUSDT
1588363200,0.0001,bitmex_XBTUSD
1588377600,0.0001,binance_BTCUSDT
1588392000,0.0001,bitmex_XBTUSD
1588406400,0.0001,binance_BTCUSDT
1588420800,0.0001,bitmex_XBTUSD
1588435200,0.00010144,binance_BTCUSDT
1588449600,0.0001,bitmex_XBTUSD
1588464000,0.0001,binance_BTCUSDT
1588478400,0.0001,bitmex_XBTUSD
1588492800,0.0001981,binance_BTCUSDT
1588507200,0.0001,bitmex_XBTUSD
1588521600,0.00015162,binance_BTCUSDT
1588536000,0.0001,bitmex_XBTUSD
1588550400,0.00011925,binance_BTCUSDT
1588564800,-5.1e-05,bitmex_XBTUSD
1588579200,0.0001,binance_BTCUSDT
1588593600,5.5e-05,bitmex_XBTUSD
1588608000,0.0001,binance_BTCUSDT
1588622400,-4.1e-05,bitmex_XBTUSD
1588636800,0.0001,binance_BTCUSDT
1588651200,0.0001,bitmex_XBTUSD
1588665600,0.0001,binance_BTCUSDT
1588680000,0.0001,bitmex_XBTUSD
1588694400,0.0001,binance_BTCUSDT
1588708800,0.0001,bitmex_XBTUSD
1588723200,0.0001,binance_BTCUSDT
1588737600,3.9e-05,bitmex_XBTUSD
1588752000,0.0001,binance_BTCUSDT
1588766400,0.0001,bitmex_XBTUSD
1588780800,0.00035981,binance_BTCUSDT
1588795200,0.0001,bitmex_XBTUSD
1588809600,0.0001,binance_BTCUSDT
1588824000,0.0001,bitmex_XBTUSD
1588838400,0.0001,binance_BTCUSDT
1588852800,0.0001,bitmex_XBTUSD
1588867200,0.0001,binance_BTCUSDT
1588881600,0.0001,bitmex_XBTUSD
1588896000,0.00016094,binance_BTCUSDT
1588910400,0.0001,bitmex_XBTUSD
1588924800,0.00034016,binance_BTCUSDT
1588939200,0.0001,bitmex_XBTUSD
1588953600,0.0005319,binance_BTCUSDT
1588968000,0.0001,bitmex_XBTUSD
1588982400,0.00042037,binance_BTCUSDT
1588996800,0.0001,bitmex_XBTUSD
1589011200,0.00075816,binance_BTCUSDT
1589025600,0.0001,bitmex_XBTUSD
1589040000,0.00058018,binance_BTCUSDT
1589054400,0.0001,bitmex_XBTUSD
1589068800,0.00042326,binance_BTCUSDT
1589083200,-7.4e-05,bitmex_XBTUSD
1589097600,0.0001,binance_BTCUSDT
1589112000,-0.000362,bitmex_XBTUSD
1589126400,0.0001,binance_BTCUSDT
1589140800,-0.000247,bitmex_XBTUSD
1589155200,0.0001,binance_BTCUSDT
1589169600,7.4e-05,bitmex_XBTUSD
1589184000,0.0001,binance_BTCUSDT
1589198400,0.0001,bitmex_XBTUSD
1589212800,0.0001,binance_BTCUSDT
1589227200,0.0001,bitmex_XBTUSD
1589241600,0.0001,binance_BTCUSDT
1589256000,-0.000495,bitmex_XBTUSD
1589270400,0.0001,binance_BTCUSDT
1589284800,-5.1e-05,bitmex_XBTUSD
1589299200,0.0001,binance_BTCUSDT
1589313600,0.0001,bitmex_XBTUSD
1589328000,0.0001,binance_BTCUSDT
1589342400,-6.8e-05,bitmex_XBTUSD
1589356800,0.0001,binance_BTCUSDT
1589371200,0.0001,bitmex_XBTUSD
1589385600,0.0001,binance_BTCUSDT
1589400000,0.0001,bitmex_XBTUSD
1589414400,0.0001,binance_BTCUSDT
1589428800,8.5e-05,bitmex_XBTUSD
1589443200,0.0001,binance_BTCUSDT
1589457600,0.0001,bitmex_XBTUSD
1589472000,0.0001,binance_BTCUSDT
1589486400,0.0001,bitmex_XBTUSD
1589500800,0.0001,binance_BTCUSDT
1589515200,0.0001,bitmex_XBTUSD
1589529600,4.4e-05,binance_BTCUSDT
1589544000,0.0001,bitmex_XBTUSD
1589558400,0.0001,binance_BTCUSDT
1589572800,0.0001,bitmex_XBTUSD
1589587200,0.0001,binance_BTCUSDT
1589601600,0.0001,bitmex_XBTUSD
1589616000,0.0001,binance_BTCUSDT
1589630400,0.0001,bitmex_XBTUSD
1589644800,0.0001,binance_BTCUSDT
1589659200,0.0001,bitmex_XBTUSD
1589673600,8.001e-05,binance_BTCUSDT
1589688000,0.0001,bitmex_XBTUSD
1589702400,4.125e-05,binance_BTCUSDT
1589716800,0.0001,bitmex_XBTUSD
1589731200,8.88e-06,binance_BTCUSDT
1589745600,0.0001,bitmex_XBTUSD
1589760000,0.0001,binance_BTCUSDT
1589774400,0.000305,bitmex_XBTUSD
1589788800,0.0001,binance_BTCUSDT
1589803200,0.0001,bitmex_XBTUSD
1589817600,-6.64e-05,binance_BTCUSDT
1589832000,0.0001,bitmex_XBTUSD
1589846400,0.0001,binance_BTCUSDT
1589860800,0.0001,bitmex_XBTUSD
1589875200,7.892e-05,binance_BTCUSDT
1589889600,0.0001,bitmex_XBTUSD
1589904000,0.0001,binance_BTCUSDT
1589918400,0.0001,bitmex_XBTUSD
1589932800,0.0001,binance_BTCUSDT
1589947200,0.0001,bitmex_XBTUSD
1589961600,0.0001,binance_BTCUSDT
1589976000,0.0001,bitmex_XBTUSD
1589990400,0.0001,binance_BTCUSDT
1590004800,0.0001,bitmex_XBTUSD
1590019200,-9.027e-05,binance_BTCUSDT
1590033600,0.0001,bitmex_XBTUSD
1590048000,6.809e-05,binance_BTCUSDT
1590062400,2.6e-05,bitmex_XBTUSD
1590076800,0.0001,binance_BTCUSDT
1590091200,0.0001,bitmex_XBTUSD
1590105600,-5.15e-05,binance_BTCUSDT
1590120000,0.0001,bitmex_XBTUSD
1590134400,-2.396e-05,binance_BTCUSDT
1590148800,3.3e-05,bitmex_XBTUSD
1590163200,6.867e-05,binance_BTCUSDT
1590177600,0.0001,bitmex_XBTUSD
1590192000,-2.092e-05,binance_BTCUSDT
1590206400,-9.6e-05,bitmex_XBTUSD
1590220800,-1.081e-05,binance_BTCUSDT
1590235200,-3.8e-05,bitmex_XBTUSD
1590249600,7.023e-05,binance_BTCUSDT
1590264000,8.9e-05,bitmex_XBTUSD
1590278400,0.0001,binance_BTCUSDT
1590292800,1.6e-05,bitmex_XBTUSD
1590307200,7.917e-05,binance_BTCUSDT
1590321600,0.0001,bitmex_XBTUSD
1590336000,6.724e-05,binance_BTCUSDT
1590350400,0.0001,bitmex_XBTUSD
1590364800,6.784e-05,binance_BTCUSDT
1590379200,2.3e-05,bitmex_XBTUSD
1590393600,-4.286e-05,binance_BTCUSDT
1590408000,-0.000215,bitmex_XBTUSD
1590422400,-4.226e-05,binance_BTCUSDT
1590436800,-0.000147,bitmex_XBTUSD
1590451200,-3.5e-07,binance_BTCUSDT
1590465600,-7.5e-05,bitmex_XBTUSD
1590480000,0.0001,binance_BTCUSDT
1590494400,0.0001,bitmex_XBTUSD
1590508800,4.599e-05,binance_BTCUSDT
1590523200,9.5e-05,bitmex_XBTUSD
1590537600,2.104e-05,binance_BTCUSDT
1590552000,-0.000109,bitmex_XBTUSD
1590566400,0.0001,binance_BTCUSDT
1590580800,4.8e-05,bitmex_XBTUSD
1590595200,-0.00014025,binance_BTCUSDT
1590609600,0.0001,bitmex_XBTUSD
1590624000,-0.00011366,binance_BTCUSDT
1590638400,0.0001,bitmex_XBTUSD
1590652800,-6.862e-05,binance_BTCUSDT
1590667200,0.0001,bitmex_XBTUSD
1590681600,-1.187e-05,binance_BTCUSDT
1590696000,0.0001,bitmex_XBTUSD
1590710400,2.618e-05,binance_BTCUSDT
1590724800,0.0001,bitmex_XBTUSD
1590739200,1.877e-05,binance_BTCUSDT
1590753600,0.0001,bitmex_XBTUSD
1590768000,-6.04e-06,binance_BTCUSDT
1590782400,0.0001,bitmex_XBTUSD
1590796800,0.0001,binance_BTCUSDT
1590811200,0.0001,bitmex_XBTUSD
1590825600,0.0001,binance_BTCUSDT
1590840000,0.0001,bitmex_XBTUSD
1590854400,0.0001,binance_BTCUSDT
1590868800,0.0001,bitmex_XBTUSD
1590883200,0.0001,binance_BTCUSDT
1590897600,0.0001,bitmex_XBTUSD
1590912000,0.0001,binance_BTCUSDT
1590926400,0.0001,bitmex_XBTUSD
1590940800,0.0001,binance_BTCUSDT
1590955200,0.0001,bitmex_XBTUSD
1590969600,0.0001,binance_BTCUSDT
1590984000,0.0001,bitmex_XBTUSD
1590998400,-2.911e-05,binance_BTCUSDT
1591012800,0.0001,bitmex_XBTUSD
1591027200,9.38e-06,binance_BTCUSDT
1591041600,0.0001,bitmex_XBTUSD
1591056000,0.0003448,binance_BTCUSDT
1591070400,0.0001,bitmex_XBTUSD
1591084800,0.0007831,binance_BTCUSDT
1591099200,0.001644,bitmex_XBTUSD
1591113600,0.0001,binance_BTCUSDT
1591128000,0.000868,bitmex_XBTUSD
1591142400,0.0001,binance_BTCUSDT
1591156800,0.0001,bitmex_XBTUSD
1591171200,8.646e-05,binance_BTCUSDT
1591185600,0.0001,bitmex_XBTUSD
1591200000,0.0001,binance_BTCUSDT
1591214400,0.0001,bitmex_XBTUSD
1591228800,0.0001,binance_BTCUSDT
1591243200,0.0001,bitmex_XBTUSD
1591257600,0.0001,binance_BTCUSDT
1591272000,0.0001,bitmex_XBTUSD
1591286400,0.0001,binance_BTCUSDT
1591300800,0.0001,bitmex_XBTUSD
1591315200,0.0001,binance_BTCUSDT
1591329600,0.0001,bitmex_XBTUSD
1591344000,0.0001,binance_BTCUSDT
1591358400,0.0001,bitmex_XBTUSD
1591372800,0.0001,binance_BTCUSDT
1591387200,0.0001,bitmex_XBTUSD
1591401600,0.0001,binance_BTCUSDT
1591416000,0.0001,bitmex_XBTUSD
1591430400,0.0001,binance_BTCUSDT
1591444800,0.0001,bitmex_XBTUSD
1591459200,0.0001,binance_BTCUSDT
1591473600,0.0001,bitmex_XBTUSD
1591488000,0.0001,binance_BTCUSDT
1591502400,0.0001,bitmex_XBTUSD
1591516800,0.0001,binance_BTCUSDT
1591531200,0.0001,bitmex_XBTUSD
1591545600,0.0001,binance_BTCUSDT
1591560000,0.0001,bitmex_XBTUSD
1591574400,0.0001,binance_BTCUSDT
1591588800,-0.000231,bitmex_XBTUSD
1591603200,0.0001,binance_BTCUSDT
1591617600,0.0001,bitmex_XBTUSD
1591632000,0.0001,binance_BTCUSDT
1591646400,0.000133,bitmex_XBTUSD
1591660800,0.0001,binance_BTCUSDT
1591675200,0.0001,bitmex_XBTUSD
1591689600,0.0001,binance_BTCUSDT
1591704000,0.0001,bitmex_XBTUSD
1591718400,0.0001,binance_BTCUSDT
1591732800,0.0001,bitmex_XBTUSD
1591747200,0.0001,binance_BTCUSDT
1591761600,0.0001,bitmex_XBTUSD
1591776000,0.0001,binance_BTCUSDT
1591790400,0.0001,bitmex_XBTUSD
1591804800,0.0001,binance_BTCUSDT
1591819200,0.0001,bitmex_XBTUSD
1591833600,0.0001,binance_BTCUSDT
1591848000,0.0001,bitmex_XBTUSD
1591862400,0.0001,binance_BTCUSDT
1591876800,0.0001,bitmex_XBTUSD
1591891200,0.0001,binance_BTCUSDT
1591905600,0.0001,bitmex_XBTUSD
1591920000,0.0001,binance_BTCUSDT
1591934400,0.0001,bitmex_XBTUSD
1591948800,-3.816e-05,binance_BTCUSDT
1591963200,-0.000234,bitmex_XBTUSD
1591977600,9.714e-05,binance_BTCUSDT
1591992000,7e-06,bitmex_XBTUSD
1592006400,-1.942e-05,binance_BTCUSDT
1592020800,0.0001,bitmex_XBTUSD
1592035200,7.217e-05,binance_BTCUSDT
1592049600,0.0001,bitmex_XBTUSD
1592064000,0.0001,binance_BTCUSDT
1592078400,0.0001,bitmex_XBTUSD
1592092800,7.102e-05,binance_BTCUSDT
1592107200,-0.000104,bitmex_XBTUSD
1592121600,0.0001,binance_BTCUSDT
1592136000,0.0001,bitmex_XBTUSD
1592150400,0.0001,binance_BTCUSDT
1592164800,0.0001,bitmex_XBTUSD
1592179200,0.0001,binance_BTCUSDT
1592193600,0.0001,bitmex_XBTUSD
1592208000,-4.149e-05,binance_BTCUSDT
1592222400,0.0001,bitmex_XBTUSD
1592236800,-0.00018213,binance_BTCUSDT
1592251200,-2.6e-05,bitmex_XBTUSD
1592265600,-0.00015215,binance_BTCUSDT
1592280000,6.5e-05,bitmex_XBTUSD
1592294400,0.0001,binance_BTCUSDT
1592308800,0.0001,bitmex_XBTUSD
1592323200,0.0001,binance_BTCUSDT
1592337600,0.0001,bitmex_XBTUSD
1592352000,7.764e-05,binance_BTCUSDT
1592366400,0.0001,bitmex_XBTUSD
1592380800,-8.32e-05,binance_BTCUSDT
1592395200,9.8e-05,bitmex_XBTUSD
1592409600,7.51e-05,binance_BTCUSDT
1592424000,0.0001,bitmex_XBTUSD
1592438400,-0.00010005,binance_BTCUSDT
1592452800,0.0001,bitmex_XBTUSD
1592467200,-0.00011589,binance_BTCUSDT
1592481600,0.0001,bitmex_XBTUSD
1592496000,7.624e-05,binance_BTCUSDT
1592510400,0.0001,bitmex_XBTUSD
1592524800,-1.57e-06,binance_BTCUSDT
1592539200,0.0001,bitmex_XBTUSD
1592553600,1.94e-05,binance_BTCUSDT
1592568000,0.0001,bitmex_XBTUSD
1592582400,0.0001,binance_BTCUSDT
1592596800,0.0001,bitmex_XBTUSD
1592611200,0.0001,binance_BTCUSDT
1592625600,0.0001,bitmex_XBTUSD
1592640000,1.186e-05,binance_BTCUSDT
1592654400,0.0001,bitmex_XBTUSD
1592668800,0.0001,binance_BTCUSDT
1592683200,0.0001,bitmex_XBTUSD
1592697600,-3.057e-05,binance_BTCUSDT
1592712000,0.0001,bitmex_XBTUSD
1592726400,-1.29e-05,binance_BTCUSDT
1592740800,0.0001,bitmex_XBTUSD
1592755200,0.0001,binance_BTCUSDT
1592769600,0.0001,bitmex_XBTUSD
1592784000,0.0001,binance_BTCUSDT
1592798400,0.0001,bitmex_XBTUSD
1592812800,6.784e-05,binance_BTCUSDT
1592827200,0.0001,bitmex_XBTUSD
1592841600,0.0001,binance_BTCUSDT
1592856000,0.0001,bitmex_XBTUSD
1592870400,0.0001,binance_BTCUSDT
1592884800,0.0001,bitmex_XBTUSD
1592899200,0.0001,binance_BTCUSDT
1592913600,0.0001,bitmex_XBTUSD
1592928000,0.00012215,binance_BTCUSDT
1592942400,0.00017,bitmex_XBTUSD
1592956800,0.00011286,binance_BTCUSDT
1592971200,0.0001,bitmex_XBTUSD
1592985600,0.0001,binance_BTCUSDT
1593000000,0.0001,bitmex_XBTUSD
1593014400,0.0001,binance_BTCUSDT
1593028800,0.0001,bitmex_XBTUSD
1593043200,0.0001,binance_BTCUSDT
1593057600,0.0001,bitmex_XBTUSD
1593072000,0.0001,binance_BTCUSDT
1593086400,7.7e-05,bitmex_XBTUSD
1593100800,0.0001,binance_BTCUSDT
1593115200,0.0001,bitmex_XBTUSD
1593129600,9.401e-05,binance_BTCUSDT
1593144000,0.0001,bitmex_XBTUSD
1593158400,0.0001,binance_BTCUSDT
1593172800,0.0001,bitmex_XBTUSD
1593187200,0.0001,binance_BTCUSDT
1593201600,0.0001,bitmex_XBTUSD
1593216000,0.0001,binance_BTCUSDT
1593230400,0.0001,bitmex_XBTUSD
1593244800,0.0001,binance_BTCUSDT
1593259200,0.0001,bitmex_XBTUSD
1593273600,0.0001,binance_BTCUSDT
1593288000,0.0001,bitmex_XBTUSD
1593302400,0.0001,binance_BTCUSDT
1593316800,0.0001,bitmex_XBTUSD
1593331200,0.0001,binance_BTCUSDT
1593345600,-0.000118,bitmex_XBTUSD
1593360000,4.867e-05,binance_BTCUSDT
1593374400,2.8e-05,bitmex_XBTUSD
1593388800,0.0001,binance_BTCUSDT
1593403200,0.0001,bitmex_XBTUSD
1593417600,0.0001,binance_BTCUSDT
1593432000,0.0001,bitmex_XBTUSD
1593446400,0.0001,binance_BTCUSDT
1593460800,9.7e-05,bitmex_XBTUSD
1593475200,0.0001,binance_BTCUSDT
1593489600,0.0001,bitmex_XBTUSD
1593504000,0.0001,binance_BTCUSDT
1593518400,0.0001,bitmex_XBTUSD
1593532800,0.0001,binance_BTCUSDT
1593547200,0.0001,bitmex_XBTUSD
1593561600,0.0001,binance_BTCUSDT
1593576000,2.8e-05,bitmex_XBTUSD
1593590400,0.0001,binance_BTCUSDT
1593604800,-3.3e-05,bitmex_XBTUSD
1593619200,0.0001,binance_BTCUSDT
1593633600,0.0001,bitmex_XBTUSD
1593648000,0.0001,binance_BTCUSDT
1593662400,0.0001,bitmex_XBTUSD
1593676800,0.0001,binance_BTCUSDT
1593691200,0.0001,bitmex_XBTUSD
1593705600,0.0001,binance_BTCUSDT
1593720000,0.0001,bitmex_XBTUSD
1593734400,0.0001,binance_BTCUSDT
1593748800,-8.2e-05,bitmex_XBTUSD
1593763200,0.0001,binance_BTCUSDT
1593777600,7.1e-05,bitmex_XBTUSD
1593792000,0.0001,binance_BTCUSDT
1593806400,0.0001,bitmex_XBTUSD
1593820800,0.0001,binance_BTCUSDT
1593835200,8.2e-05,bitmex_XBTUSD
1593849600,0.0001,binance_BTCUSDT
1593864000,-4.5e-05,bitmex_XBTUSD
1593878400,0.0001,binance_BTCUSDT
1593892800,0.0001,bitmex_XBTUSD
1593907200,0.0001,binance_BTCUSDT
1593921600,0.0001,bitmex_XBTUSD
1593936000,0.0001,binance_BTCUSDT
1593950400,0.0001,bitmex_XBTUSD
1593964800,0.0001,binance_BTCUSDT
1593979200,-7.6e-05,bitmex_XBTUSD
1593993600,0.0001,binance_BTCUSDT
1594008000,5e-05,bitmex_XBTUSD
1594022400,0.0001,binance_BTCUSDT
1594036800,0.0001,bitmex_XBTUSD
1594051200,0.0001,binance_BTCUSDT
1594065600,0.0001,bitmex_XBTUSD
1594080000,0.0001,binance_BTCUSDT
1594094400,0.0001,bitmex_XBTUSD
1594108800,0.0001,binance_BTCUSDT
1594123200,0.0001,bitmex_XBTUSD
1594137600,0.0001,binance_BTCUSDT
1594152000,0.0001,bitmex_XBTUSD
1594166400,0.0001,binance_BTCUSDT
1594180800,0.0001,bitmex_XBTUSD
1594195200,0.0001,binance_BTCUSDT
1594209600,0.0001,bitmex_XBTUSD
1594224000,0.0001,binance_BTCUSDT
1594238400,0.0001,bitmex_XBTUSD
1594252800,0.0001,binance_BTCUSDT
1594267200,0.0001,bitmex_XBTUSD
1594281600,0.0001,binance_BTCUSDT
1594296000,0.0001,bitmex_XBTUSD
1594310400,0.0001,binance_BTCUSDT
1594324800,0.0001,bitmex_XBTUSD
1594339200,0.0001,binance_BTCUSDT
1594353600,0.0001,bitmex_XBTUSD
1594368000,0.0001,binance_BTCUSDT
1594382400,0.0001,bitmex_XBTUSD
1594396800,0.0001,binance_BTCUSDT
1594411200,0.0001,bitmex_XBTUSD
1594425600,0.0001,binance_BTCUSDT
1594440000,0.0001,bitmex_XBTUSD
1594454400,0.0001,binance_BTCUSDT
1594468800,0.0001,bitmex_XBTUSD
1594483200,0.0001,binance_BTCUSDT
1594497600,0.0001,bitmex_XBTUSD
1594512000,0.0001,binance_BTCUSDT
1594526400,0.0001,bitmex_XBTUSD
1594540800,0.0001,binance_BTCUSDT
1594555200,0.0001,bitmex_XBTUSD
1594569600,0.0001,binance_BTCUSDT
1594584000,0.0001,bitmex_XBTUSD
1594598400,0.0001,binance_BTCUSDT
1594612800,0.0001,bitmex_XBTUSD
1594627200,0.0001,binance_BTCUSDT
1594641600,0.0001,bitmex_XBTUSD
1594656000,0.0001,binance_BTCUSDT
1594670400,0.0001,bitmex_XBTUSD
1594684800,0.0001,binance_BTCUSDT
1594699200,0.0001,bitmex_XBTUSD
1594713600,0.0001,binance_BTCUSDT
1594728000,0.0001,bitmex_XBTUSD
1594742400,0.0001,binance_BTCUSDT
1594756800,0.0001,bitmex_XBTUSD
1594771200,0.0001,binance_BTCUSDT
1594785600,0.0001,bitmex_XBTUSD
1594800000,0.0001,binance_BTCUSDT
1594814400,0.0001,bitmex_XBTUSD
1594828800,0.0001,binance_BTCUSDT
1594843200,0.0001,bitmex_XBTUSD
1594857600,0.0001,binance_BTCUSDT
1594872000,0.0001,bitmex_XBTUSD
1594886400,0.0001,binance_BTCUSDT
1594900800,0.0001,bitmex_XBTUSD
1594915200,0.0001,binance_BTCUSDT
1594929600,0.0001,bitmex_XBTUSD
1594944000,0.0001,binance_BTCUSDT
1594958400,0.0001,bitmex_XBTUSD
1594972800,0.0001,binance_BTCUSDT
1594987200,0.0001,bitmex_XBTUSD
1595001600,0.0001,binance_BTCUSDT
1595016000,0.0001,bitmex_XBTUSD
1595030400,0.0001,binance_BTCUSDT
1595044800,0.0001,bitmex_XBTUSD
1595059200,0.0001,binance_BTCUSDT
1595073600,2.1e-05,bitmex_XBTUSD
1595088000,0.0001,binance_BTCUSDT
1595102400,0.0001,bitmex_XBTUSD
1595116800,0.0001,binance_BTCUSDT
1595131200,0.0001,bitmex_XBTUSD
1595145600,0.0001,binance_BTCUSDT
1595160000,0.0001,bitmex_XBTUSD
1595174400,0.0001,binance_BTCUSDT
1595188800,0.0001,bitmex_XBTUSD
1595203200,0.0001,binance_BTCUSDT
1595217600,0.0001,bitmex_XBTUSD
1595232000,0.0001,binance_BTCUSDT
1595246400,0.0001,bitmex_XBTUSD
1595260800,0.0001,binance_BTCUSDT
1595275200,0.0001,bitmex_XBTUSD
1595289600,0.0001,binance_BTCUSDT
1595304000,0.0001,bitmex_XBTUSD
1595318400,0.0001,binance_BTCUSDT
1595332800,0.0001,bitmex_XBTUSD
1595347200,0.0001,binance_BTCUSDT
1595361600,0.0001,bitmex_XBTUSD
1595376000,0.0001,binance_BTCUSDT
1595390400,0.0001,bitmex_XBTUSD
1595404800,0.0001,binance_BTCUSDT
1595419200,0.0001,bitmex_XBTUSD
1595433600,0.0001,binance_BTCUSDT
1595448000,0.0001,bitmex_XBTUSD
1595462400,0.0001,binance_BTCUSDT
1595476800,0.0001,bitmex_XBTUSD
1595491200,0.0001,binance_BTCUSDT
1595505600,0.0001,bitmex_XBTUSD
1595520000,0.0001,binance_BTCUSDT
1595534400,0.0001,bitmex_XBTUSD
1595548800,0.0001,binance_BTCUSDT
1595563200,0.0001,bitmex_XBTUSD
1595577600,0.0001,binance_BTCUSDT
1595592000,0.0001,bitmex_XBTUSD
1595606400,0.0001,binance_BTCUSDT
1595620800,0.0001,bitmex_XBTUSD
1595635200,0.0001,binance_BTCUSDT
1595649600,0.0001,bitmex_XBTUSD
1595664000,0.0001,binance_BTCUSDT
1595678400,0.0001,bitmex_XBTUSD
1595692800,0.0001,binance_BTCUSDT
1595707200,0.0001,bitmex_XBTUSD
1595721600,0.0001,binance_BTCUSDT
1595736000,0.0001,bitmex_XBTUSD
1595750400,0.0001,binance_BTCUSDT
1595764800,0.0001,bitmex_XBTUSD
1595779200,0.00065437,binance_BTCUSDT
1595793600,0.000545,bitmex_XBTUSD
1595808000,0.00047138,binance_BTCUSDT
1595822400,0.000373,bitmex_XBTUSD
1595836800,0.00086993,binance_BTCUSDT
1595851200,0.000272,bitmex_XBTUSD
1595865600,0.00051888,binance_BTCUSDT
1595880000,0.00072,bitmex_XBTUSD
1595894400,0.00139484,binance_BTCUSDT
1595908800,0.000356,bitmex_XBTUSD
1595923200,0.00122052,binance_BTCUSDT
1595937600,0.000765,bitmex_XBTUSD
1595952000,0.00097576,binance_BTCUSDT
1595966400,0.000772,bitmex_XBTUSD
1595980800,0.00083621,binance_BTCUSDT
1595995200,0.000462,bitmex_XBTUSD
1596009600,0.00068208,binance_BTCUSDT
1596024000,0.000497,bitmex_XBTUSD
1596038400,0.00061856,binance_BTCUSDT
1596052800,0.000786,bitmex_XBTUSD
1596067200,0.00061759,binance_BTCUSDT
1596081600,0.000234,bitmex_XBTUSD
1596096000,0.00072329,binance_BTCUSDT
1596110400,0.0001,bitmex_XBTUSD
1596124800,0.00069174,binance_BTCUSDT
1596139200,0.00057,bitmex_XBTUSD
1596153600,0.00082654,binance_BTCUSDT
1596168000,0.000284,bitmex_XBTUSD
1596182400,0.00039348,binance_BTCUSDT
1596196800,0.000273,bitmex_XBTUSD
1596211200,0.00037716,binance_BTCUSDT
1596225600,0.000558,bitmex_XBTUSD
1596240000,0.0002791,binance_BTCUSDT
1596254400,0.0001,bitmex_XBTUSD
1596268800,0.00030785,binance_BTCUSDT
1596283200,0.000392,bitmex_XBTUSD
1596297600,0.00048996,binance_BTCUSDT
1596312000,0.000628,bitmex_XBTUSD
1596326400,0.00095567,binance_BTCUSDT
1596340800,0.00013,bitmex_XBTUSD
1596355200,0.0004243,binance_BTCUSDT
1596369600,0.000721,bitmex_XBTUSD
1596384000,0.00024752,binance_BTCUSDT
1596398400,0.0001,bitmex_XBTUSD
1596412800,0.0002585,binance_BTCUSDT
1596427200,0.0001,bitmex_XBTUSD
1596441600,0.00045929,binance_BTCUSDT
1596456000,0.0001,bitmex_XBTUSD
1596470400,0.00043731,binance_BTCUSDT
1596484800,0.000245,bitmex_XBTUSD
1596499200,0.00031113,binance_BTCUSDT
1596513600,0.0001,bitmex_XBTUSD
1596528000,0.00030647,binance_BTCUSDT
1596542400,0.000197,bitmex_XBTUSD
1596556800,0.00038617,binance_BTCUSDT
1596571200,0.000137,bitmex_XBTUSD
1596585600,0.00013898,binance_BTCUSDT
1596600000,0.0001,bitmex_XBTUSD
1596614400,0.00016613,binance_BTCUSDT
1596628800,0.0001,bitmex_XBTUSD
1596643200,0.00022044,binance_BTCUSDT
1596657600,0.0001,bitmex_XBTUSD
1596672000,0.00038867,binance_BTCUSDT
1596686400,0.0001,bitmex_XBTUSD
1596700800,0.00038696,binance_BTCUSDT
1596715200,0.0001,bitmex_XBTUSD
1596729600,0.00036099,binance_BTCUSDT
1596744000,0.0001,bitmex_XBTUSD
1596758400,0.00031707,binance_BTCUSDT
1596772800,0.0001,bitmex_XBTUSD
1596787200,0.00021201,binance_BTCUSDT
1596801600,0.0001,bitmex_XBTUSD
1596816000,0.00023934,binance_BTCUSDT
1596830400,0.0001,bitmex_XBTUSD
1596844800,0.0001,binance_BTCUSDT
1596859200,0.0001,bitmex_XBTUSD
1596873600,0.0001,binance_BTCUSDT
1596888000,-3.1e-05,bitmex_XBTUSD
1596902400,0.0001,binance_BTCUSDT
1596916800,0.0001,bitmex_XBTUSD
1596931200,0.0001,binance_BTCUSDT
1596945600,0.0001,bitmex_XBTUSD
1596960000,0.00021066,binance_BTCUSDT
1596974400,0.0001,bitmex_XBTUSD
1596988800,0.00014574,binance_BTCUSDT
1597003200,0.0001,bitmex_XBTUSD
1597017600,0.0001,binance_BTCUSDT
1597032000,0.0001,bitmex_XBTUSD
1597046400,0.00131898,binance_BTCUSDT
1597060800,0.000211,bitmex_XBTUSD
1597075200,0.00030218,binance_BTCUSDT
1597089600,0.000346,bitmex_XBTUSD
1597104000,0.00013372,binance_BTCUSDT
1597118400,0.0001,bitmex_XBTUSD
1597132800,0.00022736,binance_BTCUSDT
1597147200,0.0001,bitmex_XBTUSD
1597161600,0.00059816,binance_BTCUSDT
1597176000,0.0001,bitmex_XBTUSD
1597190400,0.0001,binance_BTCUSDT
1597204800,0.0001,bitmex_XBTUSD
1597219200,0.0001,binance_BTCUSDT
1597233600,0.0001,bitmex_XBTUSD
1597248000,0.0001,binance_BTCUSDT
1597262400,0.0001,bitmex_XBTUSD
1597276800,0.0001,binance_BTCUSDT
1597291200,0.0001,bitmex_XBTUSD
1597305600,0.0001,binance_BTCUSDT
1597320000,0.0001,bitmex_XBTUSD
1597334400,0.0001,binance_BTCUSDT
1597348800,0.0001,bitmex_XBTUSD
1597363200,0.00017598,binance_BTCUSDT
1597377600,0.0001,bitmex_XBTUSD
1597392000,0.00044038,binance_BTCUSDT
1597406400,0.0001,bitmex_XBTUSD
1597420800,0.00027433,binance_BTCUSDT
1597435200,0.000378,bitmex_XBTUSD
1597449600,0.0001,binance_BTCUSDT
1597464000,0.000116,bitmex_XBTUSD
1597478400,0.0003665,binance_BTCUSDT
1597492800,0.000115,bitmex_XBTUSD
1597507200,0.00021904,binance_BTCUSDT
1597521600,0.000438,bitmex_XBTUSD
1597536000,0.0001564,binance_BTCUSDT
1597550400,0.000152,bitmex_XBTUSD
1597564800,0.00048777,binance_BTCUSDT
1597579200,0.0001,bitmex_XBTUSD
1597593600,0.00031524,binance_BTCUSDT
1597608000,0.000467,bitmex_XBTUSD
1597622400,0.00026342,binance_BTCUSDT
1597636800,0.0001,bitmex_XBTUSD
1597651200,0.00039806,binance_BTCUSDT
1597665600,0.00021,bitmex_XBTUSD
1597680000,0.0008576,binance_BTCUSDT
1597694400,0.000474,bitmex_XBTUSD
1597708800,0.00119905,binance_BTCUSDT
1597723200,0.000864,bitmex_XBTUSD
1597737600,0.00078206,binance_BTCUSDT
1597752000,0.00041,bitmex_XBTUSD
1597766400,0.00100156,binance_BTCUSDT
1597780800,0.000454,bitmex_XBTUSD
1597795200,0.00077293,binance_BTCUSDT
1597809600,0.0001,bitmex_XBTUSD
1597824000,0.00054924,binance_BTCUSDT
1597838400,0.0001,bitmex_XBTUSD
1597852800,0.00024051,binance_BTCUSDT
1597867200,0.0001,bitmex_XBTUSD
1597881600,0.00024189,binance_BTCUSDT
1597896000,0.0001,bitmex_XBTUSD
1597910400,0.0001159,binance_BTCUSDT
1597924800,0.0001,bitmex_XBTUSD
1597939200,0.00018281,binance_BTCUSDT
1597953600,0.0001,bitmex_XBTUSD
1597968000,0.0001,binance_BTCUSDT
1597982400,0.0001,bitmex_XBTUSD
1597996800,0.0001,binance_BTCUSDT
1598011200,0.0001,bitmex_XBTUSD
1598025600,0.0001,binance_BTCUSDT
1598040000,0.0001,bitmex_XBTUSD
1598054400,0.0001,binance_BTCUSDT
1598068800,0.000104,bitmex_XBTUSD
1598083200,0.0001,binance_BTCUSDT
1598097600,0.0001,bitmex_XBTUSD
1598112000,0.0001,binance_BTCUSDT
1598126400,0.0001,bitmex_XBTUSD
1598140800,0.0001,binance_BTCUSDT
1598155200,0.0001,bitmex_XBTUSD
1598169600,0.0001,binance_BTCUSDT
1598184000,0.0001,bitmex_XBTUSD
1598198400,0.0001,binance_BTCUSDT
1598212800,0.0001,bitmex_XBTUSD
1598227200,0.0001,binance_BTCUSDT
1598241600,0.0001,bitmex_XBTUSD
1598256000,0.0001,binance_BTCUSDT
1598270400,0.0001,bitmex_XBTUSD
1598284800,0.0001,binance_BTCUSDT
1598299200,0.0001,bitmex_XBTUSD
1598313600,0.0001,binance_BTCUSDT
1598328000,0.0001,bitmex_XBTUSD
1598342400,0.0001,binance_BTCUSDT
1598356800,0.0001,bitmex_XBTUSD
1598371200,0.0004258,binance_BTCUSDT
1598385600,0.0001,bitmex_XBTUSD
1598400000,0.00023316,binance_BTCUSDT
1598414400,0.0001,bitmex_XBTUSD
1598428800,0.0001,binance_BTCUSDT
1598443200,-9e-06,bitmex_XBTUSD
1598457600,0.00013038,binance_BTCUSDT
1598472000,0.0001,bitmex_XBTUSD
1598486400,0.0001,binance_BTCUSDT
1598500800,0.0001,bitmex_XBTUSD
1598515200,0.0001,binance_BTCUSDT
1598529600,0.0001,bitmex_XBTUSD
1598544000,0.0001,binance_BTCUSDT
1598558400,0.0001,bitmex_XBTUSD
1598572800,0.0001,binance_BTCUSDT
1598587200,0.0001,bitmex_XBTUSD
1598601600,0.0001,binance_BTCUSDT
1598616000,0.0001,bitmex_XBTUSD
1598630400,0.0001,binance_BTCUSDT
1598644800,0.0001,bitmex_XBTUSD
1598659200,0.0001,binance_BTCUSDT
1598673600,0.0001,bitmex_XBTUSD
1598688000,0.0001,binance_BTCUSDT
1598702400,0.0001,bitmex_XBTUSD
1598716800,0.0001,binance_BTCUSDT
1598731200,0.0001,bitmex_XBTUSD
1598745600,0.0001,binance_BTCUSDT
1598760000,0.0001,bitmex_XBTUSD
1598774400,0.0001,binance_BTCUSDT
1598788800,0.0001,bitmex_XBTUSD
1598803200,0.0001,binance_BTCUSDT
1598817600,0.0001,bitmex_XBTUSD
1598832000,0.0001,binance_BTCUSDT
1598846400,0.0001,bitmex_XBTUSD
1598860800,0.0001,binance_BTCUSDT
1598875200,0.0001,bitmex_XBTUSD
1598889600,0.00015461,binance_BTCUSDT
1598904000,0.0001,bitmex_XBTUSD
1598918400,0.0001,binance_BTCUSDT
1598932800,0.0001,bitmex_XBTUSD
1598947200,0.00022961,binance_BTCUSDT
1598961600,0.0001,bitmex_XBTUSD
1598976000,0.0004686,binance_BTCUSDT
1598990400,0.000253,bitmex_XBTUSD
1599004800,0.00032895,binance_BTCUSDT
1599019200,0.0001,bitmex_XBTUSD
1599033600,0.00035074,binance_BTCUSDT
1599048000,0.000327,bitmex_XBTUSD
1599062400,0.00045038,binance_BTCUSDT
1599076800,0.0001,bitmex_XBTUSD
1599091200,0.00021394,binance_BTCUSDT
1599105600,0.0001,bitmex_XBTUSD
1599120000,0.00016828,binance_BTCUSDT
1599134400,0.0001,bitmex_XBTUSD
1599148800,0.00024709,binance_BTCUSDT
1599163200,0.0001,bitmex_XBTUSD
1599177600,0.0001,binance_BTCUSDT
1599192000,7.1e-05,bitmex_XBTUSD
1599206400,0.0001,binance_BTCUSDT
1599220800,-0.000518,bitmex_XBTUSD
1599235200,0.0001,binance_BTCUSDT
1599249600,-0.000122,bitmex_XBTUSD
1599264000,0.0001,binance_BTCUSDT
1599278400,2.7e-05,bitmex_XBTUSD
1599292800,0.0001,binance_BTCUSDT
1599307200,-2.1e-05,bitmex_XBTUSD
1599321600,0.0001,binance_BTCUSDT
1599336000,0.0001,bitmex_XBTUSD
1599350400,0.0001,binance_BTCUSDT
1599364800,0.0001,bitmex_XBTUSD
1599379200,0.0001,binance_BTCUSDT
1599393600,-8.4e-05,bitmex_XBTUSD
1599408000,0.0001,binance_BTCUSDT
1599422400,8.1e-05,bitmex_XBTUSD
1599436800,0.0001,binance_BTCUSDT
1599451200,-6.3e-05,bitmex_XBTUSD
1599465600,0.0001,binance_BTCUSDT
1599480000,8e-06,bitmex_XBTUSD
1599494400,0.0001,binance_BTCUSDT
1599508800,2.5e-05,bitmex_XBTUSD
1599523200,0.0001,binance_BTCUSDT
1599537600,0.0001,bitmex_XBTUSD
1599552000,0.0001,binance_BTCUSDT
1599566400,0.0001,bitmex_XBTUSD
1599580800,0.0001,binance_BTCUSDT
1599595200,0.0001,bitmex_XBTUSD
1599609600,0.0001,binance_BTCUSDT
1599624000,-0.000141,bitmex_XBTUSD
1599638400,0.0001,binance_BTCUSDT
1599652800,0.0001,bitmex_XBTUSD
1599667200,0.0001,binance_BTCUSDT
1599681600,0.0001,bitmex_XBTUSD
1599696000,0.0001,binance_BTCUSDT
1599710400,0.0001,bitmex_XBTUSD
1599724800,0.0001,binance_BTCUSDT
1599739200,0.0001,bitmex_XBTUSD
1599753600,0.0001,binance_BTCUSDT
1599768000,0.0001,bitmex_XBTUSD
1599782400,0.0001,binance_BTCUSDT
1599796800,2.9e-05,bitmex_XBTUSD
1599811200,0.0001,binance_BTCUSDT
1599825600,-2.4e-05,bitmex_XBTUSD
1599840000,0.0001,binance_BTCUSDT
1599854400,2.5e-05,bitmex_XBTUSD
1599868800,0.0001,binance_BTCUSDT
1599883200,0.0001,bitmex_XBTUSD
1599897600,0.0001,binance_BTCUSDT
1599912000,0.0001,bitmex_XBTUSD
1599926400,0.0001,binance_BTCUSDT
1599940800,8.8e-05,bitmex_XBTUSD
1599955200,0.0001,binance_BTCUSDT
1599969600,1e-05,bitmex_XBTUSD
1599984000,0.0001,binance_BTCUSDT
1599998400,0.0001,bitmex_XBTUSD
1600012800,0.0001,binance_BTCUSDT
1600027200,0.0001,bitmex_XBTUSD
1600041600,0.0001,binance_BTCUSDT
1600056000,-0.000328,bitmex_XBTUSD
1600070400,0.0001,binance_BTCUSDT
1600084800,-0.000261,bitmex_XBTUSD
1600099200,8.68e-06,binance_BTCUSDT
1600113600,8.1e-05,bitmex_XBTUSD
1600128000,-0.0002227,binance_BTCUSDT
1600142400,0.0001,bitmex_XBTUSD
1600156800,-2.796e-05,binance_BTCUSDT
1600171200,7e-06,bitmex_XBTUSD
1600185600,-5.156e-05,binance_BTCUSDT
1600200000,-6.1e-05,bitmex_XBTUSD
1600214400,-0.00011181,binance_BTCUSDT
1600228800,5.3e-05,bitmex_XBTUSD
1600243200,-1.488e-05,binance_BTCUSDT
1600257600,-4.5e-05,bitmex_XBTUSD
1600272000,-3.198e-05,binance_BTCUSDT
1600286400,-2.6e-05,bitmex_XBTUSD
1600300800,-5.63e-06,binance_BTCUSDT
1600315200,0.0001,bitmex_XBTUSD
1600329600,2.957e-05,binance_BTCUSDT
1600344000,0.0001,bitmex_XBTUSD
1600358400,9.8e-07,binance_BTCUSDT
1600372800,8.3e-05,bitmex_XBTUSD
1600387200,9.425e-05,binance_BTCUSDT
1600401600,-1.9e-05,bitmex_XBTUSD
1600416000,5.579e-05,binance_BTCUSDT
1600430400,0.0001,bitmex_XBTUSD
1600444800,4.967e-05,binance_BTCUSDT
1600459200,0.0001,bitmex_XBTUSD
1600473600,-0.0001155,binance_BTCUSDT
1600488000,3.4e-05,bitmex_XBTUSD
1600502400,-0.0001098,binance_BTCUSDT
1600516800,-0.000181,bitmex_XBTUSD
1600531200,-5.749e-05,binance_BTCUSDT
1600545600,0.0001,bitmex_XBTUSD
1600560000,-6.476e-05,binance_BTCUSDT
1600574400,0.0001,bitmex_XBTUSD
1600588800,-0.00011198,binance_BTCUSDT
1600603200,9.9e-05,bitmex_XBTUSD
1600617600,-6.625e-05,binance_BTCUSDT
1600632000,-0.000226,bitmex_XBTUSD
1600646400,-7.506e-05,binance_BTCUSDT
1600660800,-9.6e-05,bitmex_XBTUSD
1600675200,-0.00012071,binance_BTCUSDT
1600689600,-1.3e-05,bitmex_XBTUSD
1600704000,0.0001,binance_BTCUSDT
1600718400,0.0001,bitmex_XBTUSD
1600732800,0.0001,binance_BTCUSDT
1600747200,-0.000107,bitmex_XBTUSD
1600761600,0.0001,binance_BTCUSDT
1600776000,-0.000162,bitmex_XBTUSD
1600790400,0.0001,binance_BTCUSDT
1600804800,0.0001,bitmex_XBTUSD
1600819200,4.321e-05,binance_BTCUSDT
1600833600,-9.5e-05,bitmex_XBTUSD
1600848000,-2.604e-05,binance_BTCUSDT
1600862400,-0.0001,bitmex_XBTUSD
1600876800,-5.506e-05,binance_BTCUSDT
1600891200,-0.000174,bitmex_XBTUSD
1600905600,3.817e-05,binance_BTCUSDT
1600920000,1.4e-05,bitmex_XBTUSD
1600934400,6.991e-05,binance_BTCUSDT
1600948800,-5.7e-05,bitmex_XBTUSD
1600963200,1.182e-05,binance_BTCUSDT
1600977600,-2e-05,bitmex_XBTUSD
1600992000,-0.00023219,binance_BTCUSDT
1601006400,0.0001,bitmex_XBTUSD
1601020800,2.542e-05,binance_BTCUSDT
1601035200,0.0001,bitmex_XBTUSD
1601049600,0.0001,binance_BTCUSDT
1601064000,0.0001,bitmex_XBTUSD
1601078400,0.0001,binance_BTCUSDT
1601092800,0.0001,bitmex_XBTUSD
1601107200,0.0001,binance_BTCUSDT
1601121600,1.5e-05,bitmex_XBTUSD
1601136000,0.0001,binance_BTCUSDT
1601150400,0.0001,bitmex_XBTUSD
1601164800,0.0001,binance_BTCUSDT
1601179200,0.0001,bitmex_XBTUSD
1601193600,0.0001,binance_BTCUSDT
1601208000,6.2e-05,bitmex_XBTUSD
1601222400,0.0001,binance_BTCUSDT
1601236800,5.1e-05,bitmex_XBTUSD
1601251200,0.0001,binance_BTCUSDT
1601265600,0.0001,bitmex_XBTUSD
1601280000,0.0001,binance_BTCUSDT
1601294400,0.0001,bitmex_XBTUSD
1601308800,0.0001,binance_BTCUSDT
1601323200,0.0001,bitmex_XBTUSD
1601337600,0.0001,binance_BTCUSDT
1601352000,0.0001,bitmex_XBTUSD
1601366400,0.0001,binance_BTCUSDT
1601380800,6e-05,bitmex_XBTUSD
1601395200,0.0001,binance_BTCUSDT
1601409600,0.0001,bitmex_XBTUSD
1601424000,0.0001,binance_BTCUSDT
1601438400,0.0001,bitmex_XBTUSD
1601452800,0.0001,binance_BTCUSDT
1601467200,0.0001,bitmex_XBTUSD
1601481600,0.0001,binance_BTCUSDT
1601496000,0.0001,bitmex_XBTUSD
1601510400,7.412e-05,binance_BTCUSDT
1601524800,-0.000128,bitmex_XBTUSD
1601539200,0.0001,binance_BTCUSDT
1601553600,0.0001,bitmex_XBTUSD
1601568000,0.0001,binance_BTCUSDT
1601582400,0.0001,bitmex_XBTUSD
1601596800,-2.63e-06,binance_BTCUSDT
1601611200,0.0001,bitmex_XBTUSD
1601625600,-1.652e-05,binance_BTCUSDT
1601640000,-0.00021,bitmex_XBTUSD
1601654400,0.0001,binance_BTCUSDT
1601668800,-0.000139,bitmex_XBTUSD
1601683200,0.0001,binance_BTCUSDT
1601697600,-0.000337,bitmex_XBTUSD
1601712000,0.0001,binance_BTCUSDT
1601726400,-9.1e-05,bitmex_XBTUSD
1601740800,9.749e-05,binance_BTCUSDT
1601755200,-0.00027,bitmex_XBTUSD
1601769600,-2.144e-05,binance_BTCUSDT
1601784000,-0.000287,bitmex_XBTUSD
1601798400,5.039e-05,binance_BTCUSDT
1601812800,-0.000176,bitmex_XBTUSD
1601827200,-7.56e-06,binance_BTCUSDT
1601841600,0.0001,bitmex_XBTUSD
1601856000,-3.381e-05,binance_BTCUSDT
1601870400,-0.000157,bitmex_XBTUSD
1601884800,-9.143e-05,binance_BTCUSDT
1601899200,0.0001,bitmex_XBTUSD
1601913600,-6.912e-05,binance_BTCUSDT
1601928000,-5.1e-05,bitmex_XBTUSD
1601942400,-1.26e-06,binance_BTCUSDT
1601956800,-7.9e-05,bitmex_XBTUSD
1601971200,-8.313e-05,binance_BTCUSDT
1601985600,-4.6e-05,bitmex_XBTUSD
1602000000,6.937e-05,binance_BTCUSDT
1602014400,0.0001,bitmex_XBTUSD
1602028800,5.11e-06,binance_BTCUSDT
1602043200,9.6e-05,bitmex_XBTUSD
1602057600,-8.58e-06,binance_BTCUSDT
1602072000,-0.000189,bitmex_XBTUSD
1602086400,1.553e-05,binance_BTCUSDT
1602100800,-0.000622,bitmex_XBTUSD
1602115200,2.693e-05,binance_BTCUSDT
1602129600,-0.000388,bitmex_XBTUSD
1602144000,3.248e-05,binance_BTCUSDT
1602158400,-0.000171,bitmex_XBTUSD
1602172800,8.856e-05,binance_BTCUSDT
1602187200,7.8e-05,bitmex_XBTUSD
1602201600,6.128e-05,binance_BTCUSDT
1602216000,0.0001,bitmex_XBTUSD
1602230400,0.0001,binance_BTCUSDT
1602244800,0.0001,bitmex_XBTUSD
1602259200,0.0001,binance_BTCUSDT
1602273600,0.0001,bitmex_XBTUSD
1602288000,0.0001,binance_BTCUSDT
1602302400,0.0001,bitmex_XBTUSD
1602316800,0.0001,binance_BTCUSDT
1602331200,0.0001,bitmex_XBTUSD
1602345600,0.0001,binance_BTCUSDT
1602360000,0.0001,bitmex_XBTUSD
1602374400,0.0001,binance_BTCUSDT
1602388800,0.0001,bitmex_XBTUSD
1602403200,0.0001,binance_BTCUSDT
1602417600,0.0001,bitmex_XBTUSD
1602432000,0.0001,binance_BTCUSDT
1602446400,0.0001,bitmex_XBTUSD
1602460800,0.0001,binance_BTCUSDT
1602475200,0.0001,bitmex_XBTUSD
1602489600,0.0001,binance_BTCUSDT
1602504000,9.9e-05,bitmex_XBTUSD
1602518400,0.0001,binance_BTCUSDT
1602532800,0.0001,bitmex_XBTUSD
1602547200,0.0001,binance_BTCUSDT
1602561600,0.0001,bitmex_XBTUSD
1602576000,0.0001,binance_BTCUSDT
1602590400,0.0001,bitmex_XBTUSD
1602604800,0.0001,binance_BTCUSDT
1602619200,0.0001,bitmex_XBTUSD
1602633600,0.0001,binance_BTCUSDT
1602648000,0.0001,bitmex_XBTUSD
1602662400,0.0001,binance_BTCUSDT
1602676800,0.0001,bitmex_XBTUSD
1602691200,0.0001,binance_BTCUSDT
1602705600,0.0001,bitmex_XBTUSD
1602720000,0.0001,binance_BTCUSDT
1602734400,0.0001,bitmex_XBTUSD
1602748800,0.0001,binance_BTCUSDT
1602763200,4.4e-05,bitmex_XBTUSD
1602777600,0.0001,binance_BTCUSDT
1602792000,0.0001,bitmex_XBTUSD
1602806400,0.0001,binance_BTCUSDT
1602820800,0.0001,bitmex_XBTUSD
1602835200,0.0001,binance_BTCUSDT
1602849600,0.0001,bitmex_XBTUSD
1602864000,0.0001,binance_BTCUSDT
1602878400,6.7e-05,bitmex_XBTUSD
1602892800,0.0001,binance_BTCUSDT
1602907200,-0.000175,bitmex_XBTUSD
1602921600,0.0001,binance_BTCUSDT
1602936000,-3.8e-05,bitmex_XBTUSD
1602950400,0.0001,binance_BTCUSDT
1602964800,0.0001,bitmex_XBTUSD
1602979200,0.0001,binance_BTCUSDT
1602993600,-7.4e-05,bitmex_XBTUSD
1603008000,0.0001,binance_BTCUSDT
1603022400,-0.000129,bitmex_XBTUSD
1603036800,0.0001,binance_BTCUSDT
1603051200,8e-06,bitmex_XBTUSD
1603065600,0.0001,binance_BTCUSDT
1603080000,-3.6e-05,bitmex_XBTUSD
1603094400,0.0001,binance_BTCUSDT
1603108800,8.3e-05,bitmex_XBTUSD
1603123200,0.0001,binance_BTCUSDT
1603137600,0.0001,bitmex_XBTUSD
1603152000,0.0001,binance_BTCUSDT
1603166400,0.0001,bitmex_XBTUSD
1603180800,0.0001,binance_BTCUSDT
1603195200,-2.4e-05,bitmex_XBTUSD
1603209600,3.742e-05,binance_BTCUSDT
1603224000,5.8e-05,bitmex_XBTUSD
1603238400,2.291e-05,binance_BTCUSDT
1603252800,3.3e-05,bitmex_XBTUSD
1603267200,7.487e-05,binance_BTCUSDT
1603281600,8.5e-05,bitmex_XBTUSD
1603296000,0.0001,binance_BTCUSDT
1603310400,0.0001,bitmex_XBTUSD
1603324800,0.0001,binance_BTCUSDT
1603339200,0.0001,bitmex_XBTUSD
1603353600,0.0001,binance_BTCUSDT
1603368000,0.0001,bitmex_XBTUSD
1603382400,0.0001,binance_BTCUSDT
1603396800,0.0001,bitmex_XBTUSD
1603411200,0.0001,binance_BTCUSDT
1603425600,-6e-06,bitmex_XBTUSD
1603440000,0.0001,binance_BTCUSDT
1603454400,0.0001,bitmex_XBTUSD
1603468800,0.0001,binance_BTCUSDT
1603483200,0.0001,bitmex_XBTUSD
1603497600,0.0001,binance_BTCUSDT
1603512000,0.0001,bitmex_XBTUSD
1603526400,0.0001,binance_BTCUSDT
1603540800,0.0001,bitmex_XBTUSD
1603555200,0.0001,binance_BTCUSDT
1603569600,0.0001,bitmex_XBTUSD
1603584000,0.0001,binance_BTCUSDT
1603598400,0.0001,bitmex_XBTUSD
1603612800,0.0001,binance_BTCUSDT
1603627200,0.0001,bitmex_XBTUSD
1603641600,0.0001,binance_BTCUSDT
1603656000,0.0001,bitmex_XBTUSD
1603670400,0.0001,binance_BTCUSDT
1603684800,0.0001,bitmex_XBTUSD
1603699200,0.0001,binance_BTCUSDT
1603713600,0.0001,bitmex_XBTUSD
1603728000,0.0001,binance_BTCUSDT
1603742400,0.0001,bitmex_XBTUSD
1603756800,9.274e-05,binance_BTCUSDT
1603771200,0.0001,bitmex_XBTUSD
1603785600,6.127e-05,binance_BTCUSDT
1603800000,0.0001,bitmex_XBTUSD
1603814400,0.0001,binance_BTCUSDT
1603828800,0.0001,bitmex_XBTUSD
1603843200,3.725e-05,binance_BTCUSDT
1603857600,0.0001,bitmex_XBTUSD
1603872000,0.0001,binance_BTCUSDT
1603886400,0.0001,bitmex_XBTUSD
1603900800,0.0001,binance_BTCUSDT
1603915200,0.0001,bitmex_XBTUSD
1603929600,-0.00026006,binance_BTCUSDT
1603944000,-5.1e-05,bitmex_XBTUSD
1603958400,-8.052e-05,binance_BTCUSDT
1603972800,-0.000214,bitmex_XBTUSD
1603987200,-3.189e-05,binance_BTCUSDT
1604001600,0.0001,bitmex_XBTUSD
1604016000,-0.00015268,binance_BTCUSDT
1604030400,2e-05,bitmex_XBTUSD
1604044800,-9.68e-06,binance_BTCUSDT
1604059200,0.0001,bitmex_XBTUSD
1604073600,-0.00013414,binance_BTCUSDT
1604088000,0.0001,bitmex_XBTUSD
1604102400,-0.00024694,binance_BTCUSDT
1604116800,1.9e-05,bitmex_XBTUSD
1604131200,-0.00016865,binance_BTCUSDT
1604145600,7.7e-05,bitmex_XBTUSD
1604160000,9.204e-05,binance_BTCUSDT
1604174400,0.0001,bitmex_XBTUSD
1604188800,-6.386e-05,binance_BTCUSDT
1604203200,0.0001,bitmex_XBTUSD
1604217600,-4.096e-05,binance_BTCUSDT
1604232000,-4.5e-05,bitmex_XBTUSD
1604246400,-5.043e-05,binance_BTCUSDT
1604260800,7e-05,bitmex_XBTUSD
1604275200,7.881e-05,binance_BTCUSDT
1604289600,-5e-06,bitmex_XBTUSD
1604304000,-3.275e-05,binance_BTCUSDT
1604318400,-1.5e-05,bitmex_XBTUSD
1604332800,8.717e-05,binance_BTCUSDT
1604347200,-0.00014,bitmex_XBTUSD
1604361600,-0.00017064,binance_BTCUSDT
1604376000,-0.000197,bitmex_XBTUSD
1604390400,-4.67e-06,binance_BTCUSDT
1604404800,7.7e-05,bitmex_XBTUSD
1604419200,-8.581e-05,binance_BTCUSDT
1604433600,0.0001,bitmex_XBTUSD
1604448000,-7.816e-05,binance_BTCUSDT
1604462400,-0.0001,bitmex_XBTUSD
1604476800,-2.648e-05,binance_BTCUSDT
1604491200,0.0001,bitmex_XBTUSD
1604505600,-0.00023791,binance_BTCUSDT
1604520000,0.0001,bitmex_XBTUSD
1604534400,0.0001,binance_BTCUSDT
1604548800,0.0001,bitmex_XBTUSD
1604563200,0.0001,binance_BTCUSDT
1604577600,0.0001,bitmex_XBTUSD
1604592000,0.0001,binance_BTCUSDT
1604606400,0.0001,bitmex_XBTUSD
1604620800,0.0001,binance_BTCUSDT
1604635200,0.0001,bitmex_XBTUSD
1604649600,0.00023315,binance_BTCUSDT
1604664000,0.0001,bitmex_XBTUSD
1604678400,0.0003429,binance_BTCUSDT
1604692800,0.0001,bitmex_XBTUSD
1604707200,0.00024948,binance_BTCUSDT
1604721600,0.0001,bitmex_XBTUSD
1604736000,0.00037914,binance_BTCUSDT
1604750400,0.0001,bitmex_XBTUSD
1604764800,0.0003589,binance_BTCUSDT
1604779200,0.000232,bitmex_XBTUSD
1604793600,0.0001,binance_BTCUSDT
1604808000,0.000578,bitmex_XBTUSD
1604822400,0.0001,binance_BTCUSDT
1604836800,0.0001,bitmex_XBTUSD
1604851200,0.0001,binance_BTCUSDT
1604865600,0.0001,bitmex_XBTUSD
1604880000,0.0001,binance_BTCUSDT
1604894400,0.0001,bitmex_XBTUSD
1604908800,0.0001,binance_BTCUSDT
1604923200,0.0001,bitmex_XBTUSD
1604937600,0.0001,binance_BTCUSDT
1604952000,0.0001,bitmex_XBTUSD
1604966400,0.0001,binance_BTCUSDT
1604980800,0.0001,bitmex_XBTUSD
1604995200,0.0001,binance_BTCUSDT
1605009600,0.0001,bitmex_XBTUSD
1605024000,0.0001,binance_BTCUSDT
1605038400,0.0001,bitmex_XBTUSD
1605052800,0.0001,binance_BTCUSDT
1605067200,0.0001,bitmex_XBTUSD
1605081600,0.0001,binance_BTCUSDT
1605096000,0.0001,bitmex_XBTUSD
1605110400,0.0001,binance_BTCUSDT
1605124800,0.0001,bitmex_XBTUSD
1605139200,0.0001,binance_BTCUSDT
1605153600,0.0001,bitmex_XBTUSD
1605168000,0.0001,binance_BTCUSDT
1605182400,0.0001,bitmex_XBTUSD
1605196800,0.0001,binance_BTCUSDT
1605211200,0.0001,bitmex_XBTUSD
1605225600,0.0001,binance_BTCUSDT
1605240000,0.0001,bitmex_XBTUSD
1605254400,0.0001,binance_BTCUSDT
1605268800,0.0001,bitmex_XBTUSD
1605283200,0.0001,binance_BTCUSDT
1605297600,0.0001,bitmex_XBTUSD
1605312000,0.0001,binance_BTCUSDT
1605326400,0.0001,bitmex_XBTUSD
1605340800,0.0001,binance_BTCUSDT
1605355200,0.0001,bitmex_XBTUSD
1605369600,4.277e-05,binance_BTCUSDT
1605384000,5.9e-05,bitmex_XBTUSD
1605398400,0.0001,binance_BTCUSDT
1605412800,0.0001,bitmex_XBTUSD
1605427200,0.0001,binance_BTCUSDT
1605441600,0.0001,bitmex_XBTUSD
1605456000,0.0001,binance_BTCUSDT
1605470400,0.0001,bitmex_XBTUSD
1605484800,0.0001,binance_BTCUSDT
1605499200,0.0001,bitmex_XBTUSD
1605513600,0.0001,binance_BTCUSDT
1605528000,0.0001,bitmex_XBTUSD
1605542400,0.0001,binance_BTCUSDT
1605556800,0.0001,bitmex_XBTUSD
1605571200,0.0001,binance_BTCUSDT
1605585600,0.0001,bitmex_XBTUSD
1605600000,0.0001,binance_BTCUSDT
1605614400,0.0001,bitmex_XBTUSD
1605628800,0.0001,binance_BTCUSDT
1605643200,0.0001,bitmex_XBTUSD
1605657600,0.00021138,binance_BTCUSDT
1605672000,0.0001,bitmex_XBTUSD
1605686400,0.00057572,binance_BTCUSDT
1605700800,0.0001,bitmex_XBTUSD
1605715200,0.00021486,binance_BTCUSDT
1605729600,0.000123,bitmex_XBTUSD
1605744000,0.0001,binance_BTCUSDT
1605758400,0.0001,bitmex_XBTUSD
1605772800,0.00025015,binance_BTCUSDT
1605787200,0.0001,bitmex_XBTUSD
1605801600,0.00052207,binance_BTCUSDT
1605816000,0.0001,bitmex_XBTUSD
1605830400,0.0003665,binance_BTCUSDT
1605844800,0.00022,bitmex_XBTUSD
1605859200,0.00039647,binance_BTCUSDT
1605873600,0.0001,bitmex_XBTUSD
1605888000,0.00038617,binance_BTCUSDT
1605902400,0.000115,bitmex_XBTUSD
1605916800,0.0001,binance_BTCUSDT
1605931200,0.0001,bitmex_XBTUSD
1605945600,0.0001,binance_BTCUSDT
1605960000,0.0001,bitmex_XBTUSD
1605974400,0.00059438,binance_BTCUSDT
1605988800,0.0001,bitmex_XBTUSD
1606003200,0.00080363,binance_BTCUSDT
1606017600,0.0001,bitmex_XBTUSD
1606032000,0.00086985,binance_BTCUSDT
1606046400,0.0001,bitmex_XBTUSD
1606060800,0.00066537,binance_BTCUSDT
1606075200,0.000295,bitmex_XBTUSD
1606089600,0.00101151,binance_BTCUSDT
1606104000,0.000261,bitmex_XBTUSD
1606118400,0.00076207,binance_BTCUSDT
1606132800,0.000559,bitmex_XBTUSD
1606147200,0.00108391,binance_BTCUSDT
1606161600,0.000429,bitmex_XBTUSD
1606176000,0.00050801,binance_BTCUSDT
1606190400,0.000332,bitmex_XBTUSD
1606204800,0.00060366,binance_BTCUSDT
1606219200,0.0001,bitmex_XBTUSD
1606233600,0.00081176,binance_BTCUSDT
1606248000,0.000519,bitmex_XBTUSD
1606262400,0.00084235,binance_BTCUSDT
1606276800,0.000408,bitmex_XBTUSD
1606291200,0.00038079,binance_BTCUSDT
1606305600,0.000554,bitmex_XBTUSD
1606320000,0.00075292,binance_BTCUSDT
1606334400,0.0001,bitmex_XBTUSD
1606348800,0.00035414,binance_BTCUSDT
1606363200,0.0001,bitmex_XBTUSD
1606377600,0.0001313,binance_BTCUSDT
1606392000,0.0001,bitmex_XBTUSD
1606406400,0.00028796,binance_BTCUSDT
1606420800,0.000296,bitmex_XBTUSD
1606435200,0.00010773,binance_BTCUSDT
1606449600,0.000304,bitmex_XBTUSD
1606464000,0.0001,binance_BTCUSDT
1606478400,0.0001,bitmex_XBTUSD
1606492800,0.0001,binance_BTCUSDT
1606507200,0.0001,bitmex_XBTUSD
1606521600,0.0001,binance_BTCUSDT
1606536000,0.0001,bitmex_XBTUSD
1606550400,0.0001,binance_BTCUSDT
1606564800,0.0001,bitmex_XBTUSD
1606579200,0.0001,binance_BTCUSDT
1606593600,0.0001,bitmex_XBTUSD
1606608000,0.0001,binance_BTCUSDT
1606622400,0.0001,bitmex_XBTUSD
1606636800,0.0001,binance_BTCUSDT
1606651200,0.0001,bitmex_XBTUSD
1606665600,0.0001,binance_BTCUSDT
1606680000,0.0001,bitmex_XBTUSD
1606694400,0.0001,binance_BTCUSDT
1606708800,0.0001,bitmex_XBTUSD
1606723200,0.0001,binance_BTCUSDT
1606737600,0.0001,bitmex_XBTUSD
1606752000,0.00029481,binance_BTCUSDT
1606766400,0.0001,bitmex_XBTUSD
1606780800,0.00045929,binance_BTCUSDT
1606795200,0.000887,bitmex_XBTUSD
1606809600,0.00043287,binance_BTCUSDT
1606824000,0.000591,bitmex_XBTUSD
1606838400,0.00011546,binance_BTCUSDT
1606852800,0.000518,bitmex_XBTUSD
1606867200,0.0001,binance_BTCUSDT
1606881600,0.0001,bitmex_XBTUSD
1606896000,0.0001,binance_BTCUSDT
1606910400,0.0001,bitmex_XBTUSD
1606924800,0.0001,binance_BTCUSDT
1606939200,0.0001,bitmex_XBTUSD
1606953600,0.0001,binance_BTCUSDT
1606968000,0.0001,bitmex_XBTUSD
1606982400,0.0001,binance_BTCUSDT
1606996800,0.0001,bitmex_XBTUSD
1607011200,0.00025455,binance_BTCUSDT
1607025600,0.0001,bitmex_XBTUSD
1607040000,0.00012703,binance_BTCUSDT
1607054400,0.0001,bitmex_XBTUSD
1607068800,0.0001,binance_BTCUSDT
1607083200,0.0001,bitmex_XBTUSD
1607097600,0.0001,binance_BTCUSDT
1607112000,0.0001,bitmex_XBTUSD
1607126400,0.0001,binance_BTCUSDT
1607140800,0.0001,bitmex_XBTUSD
1607155200,0.0001,binance_BTCUSDT
1607169600,3.8e-05,bitmex_XBTUSD
1607184000,0.0001,binance_BTCUSDT
1607198400,0.0001,bitmex_XBTUSD
1607212800,0.0001,binance_BTCUSDT
1607227200,0.0001,bitmex_XBTUSD
1607241600,0.0001,binance_BTCUSDT
1607256000,0.0001,bitmex_XBTUSD
1607270400,0.0001,binance_BTCUSDT
1607284800,0.0001,bitmex_XBTUSD
1607299200,0.0001,binance_BTCUSDT
1607313600,0.0001,bitmex_XBTUSD
1607328000,0.0001,binance_BTCUSDT
1607342400,0.000215,bitmex_XBTUSD
1607356800,0.0001,binance_BTCUSDT
1607371200,0.000332,bitmex_XBTUSD
1607385600,0.0001,binance_BTCUSDT
1607400000,0.0001,bitmex_XBTUSD
1607414400,0.0001,binance_BTCUSDT
1607428800,0.0001,bitmex_XBTUSD
1607443200,0.0001,binance_BTCUSDT
1607457600,0.0001,bitmex_XBTUSD
1607472000,0.0001,binance_BTCUSDT
1607486400,0.0001,bitmex_XBTUSD
1607500800,0.0001,binance_BTCUSDT
1607515200,0.0001,bitmex_XBTUSD
1607529600,0.0001,binance_BTCUSDT
1607544000,0.0001,bitmex_XBTUSD
1607558400,0.0001,binance_BTCUSDT
1607572800,0.0001,bitmex_XBTUSD
1607587200,0.0001,binance_BTCUSDT
1607601600,0.0001,bitmex_XBTUSD
1607616000,0.0001,binance_BTCUSDT
1607630400,0.0001,bitmex_XBTUSD
1607644800,0.0001,binance_BTCUSDT
1607659200,0.0001,bitmex_XBTUSD
1607673600,0.0001,binance_BTCUSDT
1607688000,0.0001,bitmex_XBTUSD
1607702400,0.0001,binance_BTCUSDT
1607716800,0.0001,bitmex_XBTUSD
1607731200,0.0001,binance_BTCUSDT
1607745600,0.0001,bitmex_XBTUSD
1607760000,-2.135e-05,binance_BTCUSDT
1607774400,0.0001,bitmex_XBTUSD
1607788800,4.314e-05,binance_BTCUSDT
1607803200,0.0001,bitmex_XBTUSD
1607817600,0.0001,binance_BTCUSDT
1607832000,0.0001,bitmex_XBTUSD
1607846400,0.0001,binance_BTCUSDT
1607860800,0.0001,bitmex_XBTUSD
1607875200,0.0001,binance_BTCUSDT
1607889600,0.0001,bitmex_XBTUSD
1607904000,0.0001,binance_BTCUSDT
1607918400,0.000325,bitmex_XBTUSD
1607932800,0.0001,binance_BTCUSDT
1607947200,0.000145,bitmex_XBTUSD
1607961600,0.0001,binance_BTCUSDT
1607976000,0.0001,bitmex_XBTUSD
1607990400,0.0001,binance_BTCUSDT
1608004800,0.0001,bitmex_XBTUSD
1608019200,0.0001,binance_BTCUSDT
1608033600,0.0001,bitmex_XBTUSD
1608048000,0.0001,binance_BTCUSDT
1608062400,0.0001,bitmex_XBTUSD
1608076800,0.0001,binance_BTCUSDT
1608091200,0.0001,bitmex_XBTUSD
1608105600,0.0001,binance_BTCUSDT
1608120000,0.0001,bitmex_XBTUSD
1608134400,0.00046054,binance_BTCUSDT
1608148800,0.0001,bitmex_XBTUSD
1608163200,0.0001,binance_BTCUSDT
1608177600,0.0001,bitmex_XBTUSD
1608192000,0.00021355,binance_BTCUSDT
1608206400,0.00057,bitmex_XBTUSD
1608220800,0.00054618,binance_BTCUSDT
1608235200,0.001035,bitmex_XBTUSD
1608249600,0.00028532,binance_BTCUSDT
1608264000,0.00017,bitmex_XBTUSD
1608278400,0.00053548,binance_BTCUSDT
1608292800,0.000176,bitmex_XBTUSD
1608307200,0.00045032,binance_BTCUSDT
1608321600,0.000719,bitmex_XBTUSD
1608336000,0.0001,binance_BTCUSDT
1608350400,0.000206,bitmex_XBTUSD
1608364800,0.00038032,binance_BTCUSDT
1608379200,0.0001,bitmex_XBTUSD
1608393600,0.00070544,binance_BTCUSDT
1608408000,0.000179,bitmex_XBTUSD
1608422400,0.00078228,binance_BTCUSDT
1608436800,0.000545,bitmex_XBTUSD
1608451200,0.00037486,binance_BTCUSDT
1608465600,0.000518,bitmex_XBTUSD
1608480000,0.00038896,binance_BTCUSDT
1608494400,0.000259,bitmex_XBTUSD
1608508800,0.00041795,binance_BTCUSDT
1608523200,0.000274,bitmex_XBTUSD
1608537600,0.00030249,binance_BTCUSDT
1608552000,0.0001,bitmex_XBTUSD
1608566400,0.00023741,binance_BTCUSDT
1608580800,0.000536,bitmex_XBTUSD
1608595200,0.0001,binance_BTCUSDT
1608609600,0.0001,bitmex_XBTUSD
1608624000,0.0001,binance_BTCUSDT
1608638400,0.0001,bitmex_XBTUSD
1608652800,0.00019956,binance_BTCUSDT
1608667200,0.000143,bitmex_XBTUSD
1608681600,0.0001131,binance_BTCUSDT
1608696000,0.0001,bitmex_XBTUSD
1608710400,0.0001,binance_BTCUSDT
1608724800,0.0001,bitmex_XBTUSD
1608739200,0.00010214,binance_BTCUSDT
1608753600,0.000422,bitmex_XBTUSD
1608768000,0.0001,binance_BTCUSDT
1608782400,0.000203,bitmex_XBTUSD
1608796800,0.0001,binance_BTCUSDT
1608811200,0.0001,bitmex_XBTUSD
1608825600,0.00027216,binance_BTCUSDT
1608840000,0.0001,bitmex_XBTUSD
1608854400,0.00018528,binance_BTCUSDT
1608868800,0.0001,bitmex_XBTUSD
1608883200,0.0001,binance_BTCUSDT
1608897600,0.0001,bitmex_XBTUSD
1608912000,0.00034905,binance_BTCUSDT
1608926400,0.000587,bitmex_XBTUSD
1608940800,0.0001,binance_BTCUSDT
1608955200,0.000305,bitmex_XBTUSD
1608969600,0.00016965,binance_BTCUSDT
1608984000,0.000508,bitmex_XBTUSD
1608998400,0.0001,binance_BTCUSDT
1609012800,0.00029,bitmex_XBTUSD
1609027200,0.0001994,binance_BTCUSDT
1609041600,0.00057,bitmex_XBTUSD
1609056000,0.00025468,binance_BTCUSDT
1609070400,0.000851,bitmex_XBTUSD
1609084800,0.00071164,binance_BTCUSDT
1609099200,0.000738,bitmex_XBTUSD
1609113600,0.00043463,binance_BTCUSDT
1609128000,0.000931,bitmex_XBTUSD
1609142400,0.00036133,binance_BTCUSDT
1609156800,0.000349,bitmex_XBTUSD
1609171200,0.00071278,binance_BTCUSDT
1609185600,0.000287,bitmex_XBTUSD
1609200000,0.00037693,binance_BTCUSDT
1609214400,0.000526,bitmex_XBTUSD
1609228800,0.0004893,binance_BTCUSDT
1609243200,0.000125,bitmex_XBTUSD
1609257600,0.00039914,binance_BTCUSDT
1609272000,0.000327,bitmex_XBTUSD
1609286400,0.00048979,binance_BTCUSDT
1609300800,0.0001,bitmex_XBTUSD
1609315200,0.00076836,binance_BTCUSDT
1609329600,0.0007,bitmex_XBTUSD
1609344000,0.0006288,binance_BTCUSDT
1609358400,0.00108,bitmex_XBTUSD
1609372800,0.00053292,binance_BTCUSDT
1609387200,0.000549,bitmex_XBTUSD
1609401600,0.00060345,binance_BTCUSDT
1609416000,0.0001,bitmex_XBTUSD
1609430400,0.00036744,binance_BTCUSDT
1609444800,0.000262,bitmex_XBTUSD
1609459200,0.00022753,binance_BTCUSDT
1609473600,0.0001,bitmex_XBTUSD
1609488000,0.00026336,binance_BTCUSDT
1609502400,0.0001,bitmex_XBTUSD
1609516800,0.00034457,binance_BTCUSDT
1609531200,0.0001,bitmex_XBTUSD
1609545600,0.0001,binance_BTCUSDT
1609560000,0.0001,bitmex_XBTUSD
1609574400,0.00020151,binance_BTCUSDT
1609588800,0.0001,bitmex_XBTUSD
1609603200,0.00115471,binance_BTCUSDT
1609617600,0.0001,bitmex_XBTUSD
1609632000,0.00124058,binance_BTCUSDT
1609646400,0.001095,bitmex_XBTUSD
1609660800,0.00114744,binance_BTCUSDT
1609675200,0.000377,bitmex_XBTUSD
1609689600,0.00155006,binance_BTCUSDT
1609704000,0.000521,bitmex_XBTUSD
1609718400,0.00164126,binance_BTCUSDT
1609732800,0.00084,bitmex_XBTUSD
1609747200,0.00236482,binance_BTCUSDT
1609761600,0.000639,bitmex_XBTUSD
1609776000,0.00056137,binance_BTCUSDT
1609790400,0.001668,bitmex_XBTUSD
1609804800,0.00088338,binance_BTCUSDT
1609819200,0.0001,bitmex_XBTUSD
1609833600,0.00047166,binance_BTCUSDT
1609848000,0.000267,bitmex_XBTUSD
1609862400,0.00062904,binance_BTCUSDT
1609876800,0.0001,bitmex_XBTUSD
1609891200,0.00127193,binance_BTCUSDT
1609905600,0.0001,bitmex_XBTUSD
1609920000,0.00210008,binance_BTCUSDT
1609934400,0.000983,bitmex_XBTUSD
1609948800,0.00149253,binance_BTCUSDT
1609963200,0.001672,bitmex_XBTUSD
1609977600,0.00100316,binance_BTCUSDT
1609992000,0.000697,bitmex_XBTUSD
1610006400,0.00142744,binance_BTCUSDT
1610020800,0.000321,bitmex_XBTUSD
1610035200,0.00099841,binance_BTCUSDT
1610049600,0.000851,bitmex_XBTUSD
1610064000,0.00213517,binance_BTCUSDT
1610078400,0.001293,bitmex_XBTUSD
1610092800,0.00092044,binance_BTCUSDT
1610107200,0.000722,bitmex_XBTUSD
1610121600,0.00131892,binance_BTCUSDT
1610136000,0.000648,bitmex_XBTUSD
1610150400,0.00062954,binance_BTCUSDT
1610164800,0.001031,bitmex_XBTUSD
1610179200,0.00066918,binance_BTCUSDT
1610193600,0.000194,bitmex_XBTUSD
1610208000,0.00146942,binance_BTCUSDT
1610222400,0.0001,bitmex_XBTUSD
1610236800,0.00145604,binance_BTCUSDT
1610251200,0.0001,bitmex_XBTUSD
1610265600,0.00120632,binance_BTCUSDT
1610280000,0.000884,bitmex_XBTUSD
1610294400,0.00052988,binance_BTCUSDT
1610308800,0.00096,bitmex_XBTUSD
1610323200,0.00086486,binance_BTCUSDT
1610337600,0.00057,bitmex_XBTUSD
1610352000,0.00081553,binance_BTCUSDT
1610366400,0.00089,bitmex_XBTUSD
1610380800,0.00053444,binance_BTCUSDT
1610395200,0.00102,bitmex_XBTUSD
1610409600,0.00033526,binance_BTCUSDT
1610424000,0.000969,bitmex_XBTUSD
1610438400,0.00050855,binance_BTCUSDT
1610452800,0.0001,bitmex_XBTUSD
1610467200,0.00054945,binance_BTCUSDT
1610481600,0.000259,bitmex_XBTUSD
1610496000,0.00014768,binance_BTCUSDT
1610510400,0.000574,bitmex_XBTUSD
1610524800,0.0002259,binance_BTCUSDT
1610539200,0.000204,bitmex_XBTUSD
1610553600,0.0007053,binance_BTCUSDT
1610568000,0.000264,bitmex_XBTUSD
1610582400,0.00078331,binance_BTCUSDT
1610596800,0.000653,bitmex_XBTUSD
1610611200,0.00072627,binance_BTCUSDT
1610625600,0.000458,bitmex_XBTUSD
1610640000,0.00068503,binance_BTCUSDT
1610654400,0.000586,bitmex_XBTUSD
1610668800,0.00055628,binance_BTCUSDT
1610683200,0.000545,bitmex_XBTUSD
1610697600,0.00064483,binance_BTCUSDT
1610712000,0.000892,bitmex_XBTUSD
1610726400,0.00118185,binance_BTCUSDT
1610740800,0.000395,bitmex_XBTUSD
1610755200,0.0001,binance_BTCUSDT
1610769600,0.000216,bitmex_XBTUSD
1610784000,0.00032573,binance_BTCUSDT
1610798400,0.0001,bitmex_XBTUSD
1610812800,0.00068496,binance_BTCUSDT
1610827200,0.0001,bitmex_XBTUSD
1610841600,0.00033109,binance_BTCUSDT
1610856000,0.000167,bitmex_XBTUSD
1610870400,0.00030276,binance_BTCUSDT
1610884800,0.0001,bitmex_XBTUSD
1610899200,0.0001,binance_BTCUSDT
1610913600,0.0001,bitmex_XBTUSD
1610928000,0.00055375,binance_BTCUSDT
1610942400,0.0001,bitmex_XBTUSD
1610956800,0.00049321,binance_BTCUSDT
1610971200,0.00051,bitmex_XBTUSD
1610985600,0.0010355,binance_BTCUSDT
1611000000,0.000372,bitmex_XBTUSD
1611014400,0.0006167,binance_BTCUSDT
1611028800,0.000498,bitmex_XBTUSD
1611043200,0.0014009,binance_BTCUSDT
1611057600,0.00088,bitmex_XBTUSD
1611072000,0.00158467,binance_BTCUSDT
1611086400,0.001009,bitmex_XBTUSD
1611100800,0.00088178,binance_BTCUSDT
1611115200,0.000591,bitmex_XBTUSD
1611129600,0.00017967,binance_BTCUSDT
1611144000,0.0001,bitmex_XBTUSD
1611158400,0.00016482,binance_BTCUSDT
1611172800,8.8e-05,bitmex_XBTUSD
1611187200,0.00042078,binance_BTCUSDT
1611201600,0.0001,bitmex_XBTUSD
1611216000,0.00048357,binance_BTCUSDT
1611230400,0.0001,bitmex_XBTUSD
1611244800,0.00026589,binance_BTCUSDT
1611259200,0.0001,bitmex_XBTUSD
1611273600,0.0001,binance_BTCUSDT
1611288000,0.0001,bitmex_XBTUSD
1611302400,0.0001,binance_BTCUSDT
1611316800,-0.000189,bitmex_XBTUSD
1611331200,0.0001,binance_BTCUSDT
1611345600,0.0001,bitmex_XBTUSD
1611360000,0.0001,binance_BTCUSDT
1611374400,-8.4e-05,bitmex_XBTUSD
1611388800,0.00012182,binance_BTCUSDT
1611403200,0.0001,bitmex_XBTUSD
1611417600,0.0001,binance_BTCUSDT
1611432000,0.0001,bitmex_XBTUSD
1611446400,0.0001,binance_BTCUSDT
1611460800,0.0001,bitmex_XBTUSD
1611475200,0.00014368,binance_BTCUSDT
1611489600,0.0001,bitmex_XBTUSD
1611504000,0.00041388,binance_BTCUSDT
1611518400,0.0001,bitmex_XBTUSD
1611532800,0.0001,binance_BTCUSDT
1611547200,0.0001,bitmex_XBTUSD
1611561600,0.00052253,binance_BTCUSDT
1611576000,0.0001,bitmex_XBTUSD
1611590400,0.00042414,binance_BTCUSDT
1611604800,0.00054,bitmex_XBTUSD
1611619200,0.00013506,binance_BTCUSDT
1611633600,0.000465,bitmex_XBTUSD
1611648000,0.0001,binance_BTCUSDT
1611662400,0.0001,bitmex_XBTUSD
1611676800,0.0001,binance_BTCUSDT
1611691200,5.9e-05,bitmex_XBTUSD
1611705600,0.0001,binance_BTCUSDT
1611720000,4.1e-05,bitmex_XBTUSD
1611734400,0.0001,binance_BTCUSDT
1611748800,8.6e-05,bitmex_XBTUSD
1611763200,0.0001,binance_BTCUSDT
1611777600,-0.00029,bitmex_XBTUSD
1611792000,0.0001,binance_BTCUSDT
1611806400,6e-06,bitmex_XBTUSD
1611820800,0.0001,binance_BTCUSDT
1611835200,-0.000103,bitmex_XBTUSD
1611849600,0.00022262,binance_BTCUSDT
1611864000,0.0001,bitmex_XBTUSD
1611878400,0.0001,binance_BTCUSDT
1611892800,0.0001,bitmex_XBTUSD
1611907200,0.00064803,binance_BTCUSDT
1611921600,0.0001,bitmex_XBTUSD
1611936000,0.00166789,binance_BTCUSDT
1611950400,0.00084,bitmex_XBTUSD
1611964800,0.00039208,binance_BTCUSDT
1611979200,0.001198,bitmex_XBTUSD
1611993600,0.000332,binance_BTCUSDT
1612008000,0.0001,bitmex_XBTUSD
1612022400,0.00052428,binance_BTCUSDT
1612036800,0.0001,bitmex_XBTUSD
1612051200,0.00054944,binance_BTCUSDT
1612065600,0.0001,bitmex_XBTUSD
1612080000,0.00046117,binance_BTCUSDT
1612094400,0.0001,bitmex_XBTUSD
1612108800,0.00044234,binance_BTCUSDT
1612123200,0.0001,bitmex_XBTUSD
1612137600,0.00013932,binance_BTCUSDT
1612152000,7.1e-05,bitmex_XBTUSD
1612166400,0.00037561,binance_BTCUSDT
1612180800,0.0001,bitmex_XBTUSD
1612195200,0.00066848,binance_BTCUSDT
1612209600,0.0001,bitmex_XBTUSD
1612224000,0.00036787,binance_BTCUSDT
1612238400,0.0001,bitmex_XBTUSD
1612252800,0.00044278,binance_BTCUSDT
1612267200,0.0001,bitmex_XBTUSD
1612281600,0.00122181,binance_BTCUSDT
1612296000,0.000365,bitmex_XBTUSD
1612310400,0.00077297,binance_BTCUSDT
1612324800,0.000246,bitmex_XBTUSD
1612339200,0.00080805,binance_BTCUSDT
1612353600,0.000257,bitmex_XBTUSD
1612368000,0.00075287,binance_BTCUSDT
1612382400,0.000484,bitmex_XBTUSD
1612396800,0.00029063,binance_BTCUSDT
1612411200,0.0001,bitmex_XBTUSD
1612425600,0.00074286,binance_BTCUSDT
1612440000,0.000405,bitmex_XBTUSD
1612454400,0.00061936,binance_BTCUSDT
1612468800,0.000551,bitmex_XBTUSD
1612483200,0.00056635,binance_BTCUSDT
1612497600,0.0001,bitmex_XBTUSD
1612512000,0.00074838,binance_BTCUSDT
1612526400,0.0001,bitmex_XBTUSD
1612540800,0.00099154,binance_BTCUSDT
1612555200,0.000715,bitmex_XBTUSD
1612569600,0.00034782,binance_BTCUSDT
1612584000,0.000586,bitmex_XBTUSD
1612598400,0.00069827,binance_BTCUSDT
1612612800,0.000469,bitmex_XBTUSD
1612627200,0.00102371,binance_BTCUSDT
1612641600,0.000912,bitmex_XBTUSD
1612656000,0.00155546,binance_BTCUSDT
1612670400,0.00096,bitmex_XBTUSD
1612684800,0.00065121,binance_BTCUSDT
1612699200,0.000731,bitmex_XBTUSD
1612713600,0.00106206,binance_BTCUSDT
1612728000,0.000291,bitmex_XBTUSD
1612742400,0.00059267,binance_BTCUSDT
1612756800,0.000264,bitmex_XBTUSD
1612771200,0.00057887,binance_BTCUSDT
1612785600,0.0001,bitmex_XBTUSD
1612800000,0.00248993,binance_BTCUSDT
1612814400,0.000258,bitmex_XBTUSD
1612828800,0.00131125,binance_BTCUSDT
1612843200,0.001844,bitmex_XBTUSD
1612857600,0.00186573,binance_BTCUSDT
1612872000,0.001459,bitmex_XBTUSD
1612886400,0.00161159,binance_BTCUSDT
1612900800,0.001299,bitmex_XBTUSD
1612915200,0.00124313,binance_BTCUSDT
1612929600,0.000463,bitmex_XBTUSD
1612944000,0.0017535,binance_BTCUSDT
1612958400,0.000197,bitmex_XBTUSD
1612972800,0.00112397,binance_BTCUSDT
1612987200,0.001031,bitmex_XBTUSD
1613001600,0.00076742,binance_BTCUSDT
1613016000,0.000312,bitmex_XBTUSD
1613030400,0.0008307,binance_BTCUSDT
1613044800,0.0001,bitmex_XBTUSD
1613059200,0.0017411,binance_BTCUSDT
1613073600,0.000105,bitmex_XBTUSD
1613088000,0.00128772,binance_BTCUSDT
1613102400,0.00131,bitmex_XBTUSD
1613116800,0.0012563,binance_BTCUSDT
1613131200,0.001028,bitmex_XBTUSD
1613145600,0.00105533,binance_BTCUSDT
1613160000,0.000407,bitmex_XBTUSD
1613174400,0.00139999,binance_BTCUSDT
1613188800,0.000141,bitmex_XBTUSD
1613203200,0.00141609,binance_BTCUSDT
1613217600,0.00087,bitmex_XBTUSD
1613232000,0.00075946,binance_BTCUSDT
1613246400,0.000996,bitmex_XBTUSD
1613260800,0.00085048,binance_BTCUSDT
1613275200,0.0001,bitmex_XBTUSD
1613289600,0.00146185,binance_BTCUSDT
1613304000,0.0001,bitmex_XBTUSD
1613318400,0.00149489,binance_BTCUSDT
1613332800,0.001733,bitmex_XBTUSD
1613347200,0.0011786,binance_BTCUSDT
1613361600,0.001099,bitmex_XBTUSD
1613376000,0.00040617,binance_BTCUSDT
1613390400,0.000418,bitmex_XBTUSD
1613404800,0.00068133,binance_BTCUSDT
1613419200,0.0001,bitmex_XBTUSD
1613433600,0.000996,binance_BTCUSDT
1613448000,0.000551,bitmex_XBTUSD
1613462400,0.00123546,binance_BTCUSDT
1613476800,0.00125,bitmex_XBTUSD
1613491200,0.00141818,binance_BTCUSDT
1613505600,0.001523,bitmex_XBTUSD
1613520000,0.00104066,binance_BTCUSDT
1613534400,0.001074,bitmex_XBTUSD
1613548800,0.00093436,binance_BTCUSDT
1613563200,0.000611,bitmex_XBTUSD
1613577600,0.00147112,binance_BTCUSDT
1613592000,0.001741,bitmex_XBTUSD
1613606400,0.00132249,binance_BTCUSDT
1613620800,0.001954,bitmex_XBTUSD
1613635200,0.00154303,binance_BTCUSDT
1613649600,0.001595,bitmex_XBTUSD
1613664000,0.00125842,binance_BTCUSDT
1613678400,0.001479,bitmex_XBTUSD
1613692800,0.00091255,binance_BTCUSDT
1613707200,0.000964,bitmex_XBTUSD
1613721600,0.00084526,binance_BTCUSDT
1613736000,0.000464,bitmex_XBTUSD
1613750400,0.00128791,binance_BTCUSDT
1613764800,0.001222,bitmex_XBTUSD
1613779200,0.00156318,binance_BTCUSDT
1613793600,0.00121,bitmex_XBTUSD
1613808000,0.00116465,binance_BTCUSDT
1613822400,0.000678,bitmex_XBTUSD
1613836800,0.00122535,binance_BTCUSDT
1613851200,0.000452,bitmex_XBTUSD
1613865600,0.00100357,binance_BTCUSDT
1613880000,0.0005,bitmex_XBTUSD
1613894400,0.00099022,binance_BTCUSDT
1613908800,0.000391,bitmex_XBTUSD
1613923200,0.0012582,binance_BTCUSDT
1613937600,0.000818,bitmex_XBTUSD
1613952000,0.00117049,binance_BTCUSDT
1613966400,0.001508,bitmex_XBTUSD
1613980800,0.00091782,binance_BTCUSDT
1613995200,0.000909,bitmex_XBTUSD
1614009600,0.00077864,binance_BTCUSDT
1614024000,0.000579,bitmex_XBTUSD
1614038400,0.00024947,binance_BTCUSDT
1614052800,0.000249,bitmex_XBTUSD
1614067200,0.0002962,binance_BTCUSDT
1614081600,0.0001,bitmex_XBTUSD
1614096000,0.00013281,binance_BTCUSDT
1614110400,0.0001,bitmex_XBTUSD
1614124800,0.0001,binance_BTCUSDT
1614139200,0.000195,bitmex_XBTUSD
1614153600,0.00051791,binance_BTCUSDT
1614168000,0.0001,bitmex_XBTUSD
1614182400,0.00037289,binance_BTCUSDT
1614196800,0.0001,bitmex_XBTUSD
1614211200,0.00017706,binance_BTCUSDT
1614225600,0.0001,bitmex_XBTUSD
1614240000,0.00018247,binance_BTCUSDT
1614254400,0.0001,bitmex_XBTUSD
1614268800,0.00034053,binance_BTCUSDT
1614283200,0.0001,bitmex_XBTUSD
1614297600,0.0001,binance_BTCUSDT
1614312000,0.0001,bitmex_XBTUSD
1614326400,0.0001,binance_BTCUSDT
1614340800,0.0001,bitmex_XBTUSD
1614355200,0.0001,binance_BTCUSDT
1614369600,0.0001,bitmex_XBTUSD
1614384000,0.00030164,binance_BTCUSDT
1614398400,0.0001,bitmex_XBTUSD
1614412800,0.0004457,binance_BTCUSDT
1614427200,0.0001,bitmex_XBTUSD
1614441600,0.00010038,binance_BTCUSDT
1614456000,0.0001,bitmex_XBTUSD
1614470400,0.0001,binance_BTCUSDT
1614484800,0.0001,bitmex_XBTUSD
1614499200,0.0001,binance_BTCUSDT
1614513600,0.0001,bitmex_XBTUSD
1614528000,0.00037706,binance_BTCUSDT
1614542400,0.0001,bitmex_XBTUSD
1614556800,0.00016921,binance_BTCUSDT
1614571200,0.0001,bitmex_XBTUSD
1614585600,0.0001,binance_BTCUSDT
1614600000,0.0001,bitmex_XBTUSD
1614614400,0.0001,binance_BTCUSDT
1614628800,0.0001,bitmex_XBTUSD
1614643200,0.0001,binance_BTCUSDT
1614657600,0.0001,bitmex_XBTUSD
1614672000,0.0001,binance_BTCUSDT
1614686400,0.0001,bitmex_XBTUSD
1614700800,0.0001,binance_BTCUSDT
1614715200,0.0001,bitmex_XBTUSD
1614729600,0.0001,binance_BTCUSDT
1614744000,0.0001,bitmex_XBTUSD
1614758400,0.0001,binance_BTCUSDT
1614772800,0.0001,bitmex_XBTUSD
1614787200,0.00045078,binance_BTCUSDT
1614801600,0.0001,bitmex_XBTUSD
1614816000,0.0001,binance_BTCUSDT
1614830400,0.000291,bitmex_XBTUSD
1614844800,0.0001,binance_BTCUSDT
1614859200,0.0001,bitmex_XBTUSD
1614873600,0.0001,binance_BTCUSDT
1614888000,0.0001,bitmex_XBTUSD
1614902400,0.0001,binance_BTCUSDT
1614916800,0.0001,bitmex_XBTUSD
1614931200,0.0001,binance_BTCUSDT
1614945600,0.0001,bitmex_XBTUSD
1614960000,0.0001,binance_BTCUSDT
1614974400,0.0001,bitmex_XBTUSD
1614988800,0.0001,binance_BTCUSDT
1615003200,0.0001,bitmex_XBTUSD
1615017600,0.0001,binance_BTCUSDT
1615032000,0.0001,bitmex_XBTUSD
1615046400,0.0001,binance_BTCUSDT
1615060800,0.0001,bitmex_XBTUSD
1615075200,0.0001,binance_BTCUSDT
1615089600,0.0001,bitmex_XBTUSD
1615104000,0.0001,binance_BTCUSDT
1615118400,0.0001,bitmex_XBTUSD
1615132800,0.00017606,binance_BTCUSDT
1615147200,0.000198,bitmex_XBTUSD
1615161600,0.0001,binance_BTCUSDT
1615176000,0.000499,bitmex_XBTUSD
1615190400,0.0001,binance_BTCUSDT
1615204800,0.000295,bitmex_XBTUSD
1615219200,0.00024757,binance_BTCUSDT
1615233600,0.0001,bitmex_XBTUSD
1615248000,0.00072419,binance_BTCUSDT
1615262400,0.000191,bitmex_XBTUSD
1615276800,0.00041976,binance_BTCUSDT
1615291200,0.000793,bitmex_XBTUSD
1615305600,0.00057038,binance_BTCUSDT
1615320000,0.00044,bitmex_XBTUSD
1615334400,0.00024344,binance_BTCUSDT
1615348800,0.000224,bitmex_XBTUSD
1615363200,0.00048586,binance_BTCUSDT
1615377600,0.0001,bitmex_XBTUSD
1615392000,0.00056915,binance_BTCUSDT
1615406400,0.0001,bitmex_XBTUSD
1615420800,0.00095931,binance_BTCUSDT
1615435200,0.000509,bitmex_XBTUSD
1615449600,0.00099305,binance_BTCUSDT
1615464000,0.000693,bitmex_XBTUSD
1615478400,0.00085439,binance_BTCUSDT
1615492800,0.000431,bitmex_XBTUSD
1615507200,0.00102002,binance_BTCUSDT
1615521600,0.0005,bitmex_XBTUSD
1615536000,0.00067147,binance_BTCUSDT
1615550400,0.000838,bitmex_XBTUSD
1615564800,0.00051199,binance_BTCUSDT
1615579200,0.000348,bitmex_XBTUSD
1615593600,0.00047834,binance_BTCUSDT
1615608000,0.0001,bitmex_XBTUSD
1615622400,0.00060567,binance_BTCUSDT
1615636800,0.0001,bitmex_XBTUSD
1615651200,0.00057114,binance_BTCUSDT
1615665600,0.001169,bitmex_XBTUSD
1615680000,0.00081828,binance_BTCUSDT
1615694400,0.001214,bitmex_XBTUSD
1615708800,0.00084593,binance_BTCUSDT
1615723200,0.001179,bitmex_XBTUSD
1615737600,0.00115069,binance_BTCUSDT
1615752000,0.000864,bitmex_XBTUSD
1615766400,0.0008201,binance_BTCUSDT
1615780800,0.000443,bitmex_XBTUSD
1615795200,0.0010521,binance_BTCUSDT
1615809600,0.000402,bitmex_XBTUSD
1615824000,0.00015776,binance_BTCUSDT
1615838400,0.0001,bitmex_XBTUSD
1615852800,0.00022573,binance_BTCUSDT
1615867200,0.0001,bitmex_XBTUSD
1615881600,0.00035862,binance_BTCUSDT
1615896000,0.0001,bitmex_XBTUSD
1615910400,0.00040673,binance_BTCUSDT
1615924800,0.0001,bitmex_XBTUSD
1615939200,0.00035367,binance_BTCUSDT
1615953600,0.0001,bitmex_XBTUSD
1615968000,0.00019234,binance_BTCUSDT
1615982400,0.0001,bitmex_XBTUSD
1615996800,0.00024575,binance_BTCUSDT
1616011200,0.0001,bitmex_XBTUSD
1616025600,0.00030265,binance_BTCUSDT
1616040000,0.0001,bitmex_XBTUSD
1616054400,0.00029259,binance_BTCUSDT
1616068800,0.000694,bitmex_XBTUSD
1616083200,0.00032547,binance_BTCUSDT
1616097600,0.000781,bitmex_XBTUSD
1616112000,0.00032006,binance_BTCUSDT
1616126400,0.000428,bitmex_XBTUSD
1616140800,0.00012887,binance_BTCUSDT
1616155200,0.0001,bitmex_XBTUSD
1616169600,0.0003326,binance_BTCUSDT
1616184000,0.0001,bitmex_XBTUSD
1616198400,0.0004928,binance_BTCUSDT
1616212800,0.0001,bitmex_XBTUSD
1616227200,0.00044452,binance_BTCUSDT
1616241600,0.0001,bitmex_XBTUSD
1616256000,0.00048936,binance_BTCUSDT
1616270400,0.0001,bitmex_XBTUSD
1616284800,0.00031366,binance_BTCUSDT
1616299200,0.000638,bitmex_XBTUSD
1616313600,0.00042375,binance_BTCUSDT
1616328000,0.0001,bitmex_XBTUSD
1616342400,0.0001,binance_BTCUSDT
1616356800,0.0001,bitmex_XBTUSD
1616371200,0.00051919,binance_BTCUSDT
1616385600,1.1e-05,bitmex_XBTUSD
1616400000,0.00045562,binance_BTCUSDT
1616414400,0.0001,bitmex_XBTUSD
1616428800,0.00048977,binance_BTCUSDT
1616443200,0.000154,bitmex_XBTUSD
1616457600,0.0002421,binance_BTCUSDT
1616472000,0.0001,bitmex_XBTUSD
1616486400,0.00026619,binance_BTCUSDT
1616500800,0.0001,bitmex_XBTUSD
1616515200,0.00042245,binance_BTCUSDT
1616529600,6.5e-05,bitmex_XBTUSD
1616544000,0.00053454,binance_BTCUSDT
1616558400,0.0001,bitmex_XBTUSD
1616572800,0.00016567,binance_BTCUSDT
1616587200,0.0001,bitmex_XBTUSD
1616601600,0.00026422,binance_BTCUSDT
1616616000,0.0001,bitmex_XBTUSD
1616630400,0.00011828,binance_BTCUSDT
1616644800,0.000452,bitmex_XBTUSD
1616659200,0.0001,binance_BTCUSDT
1616673600,0.0001,bitmex_XBTUSD
1616688000,0.0001,binance_BTCUSDT
1616702400,0.0001,bitmex_XBTUSD
1616716800,0.00016,binance_BTCUSDT
1616731200,0.0001,bitmex_XBTUSD
1616745600,0.0001,binance_BTCUSDT
1616760000,0.0001,bitmex_XBTUSD
1616774400,0.0001,binance_BTCUSDT
1616788800,0.0001,bitmex_XBTUSD
1616803200,0.0001,binance_BTCUSDT
1616817600,0.0001,bitmex_XBTUSD
1616832000,0.0001,binance_BTCUSDT
1616846400,0.0001,bitmex_XBTUSD
1616860800,0.0001,binance_BTCUSDT
1616875200,0.0001,bitmex_XBTUSD
1616889600,0.0001,binance_BTCUSDT
1616904000,0.0001,bitmex_XBTUSD
1616918400,0.0001,binance_BTCUSDT
1616932800,0.0001,bitmex_XBTUSD
1616947200,0.0001,binance_BTCUSDT
1616961600,0.0001,bitmex_XBTUSD
1616976000,0.0001,binance_BTCUSDT
1616990400,0.0001,bitmex_XBTUSD
1617004800,0.0001,binance_BTCUSDT
1617019200,0.0001,bitmex_XBTUSD
1617033600,0.00018171,binance_BTCUSDT
1617048000,0.000466,bitmex_XBTUSD
1617062400,0.00032026,binance_BTCUSDT
1617076800,0.000559,bitmex_XBTUSD
1617091200,0.00027258,binance_BTCUSDT
1617105600,0.00076,bitmex_XBTUSD
1617120000,0.00083501,binance_BTCUSDT
1617134400,0.000715,bitmex_XBTUSD
1617148800,0.00080754,binance_BTCUSDT
1617163200,0.00101,bitmex_XBTUSD
1617177600,0.00070889,binance_BTCUSDT
1617192000,0.000567,bitmex_XBTUSD
1617206400,0.00058414,binance_BTCUSDT
1617220800,0.000599,bitmex_XBTUSD
1617235200,0.00109277,binance_BTCUSDT
1617249600,0.00082,bitmex_XBTUSD
1617264000,0.00095247,binance_BTCUSDT
1617278400,0.001117,bitmex_XBTUSD
1617292800,0.00051932,binance_BTCUSDT
1617307200,0.000817,bitmex_XBTUSD
1617321600,0.00071058,binance_BTCUSDT
1617336000,0.000474,bitmex_XBTUSD
1617350400,0.00106221,binance_BTCUSDT
1617364800,0.000988,bitmex_XBTUSD
1617379200,0.0010197,binance_BTCUSDT
1617393600,0.001344,bitmex_XBTUSD
1617408000,0.00063267,binance_BTCUSDT
1617422400,0.000598,bitmex_XBTUSD
1617436800,0.00107843,binance_BTCUSDT
1617451200,0.0001,bitmex_XBTUSD
1617465600,0.00101313,binance_BTCUSDT
1617480000,0.000684,bitmex_XBTUSD
1617494400,0.0005209,binance_BTCUSDT
1617508800,0.000531,bitmex_XBTUSD
1617523200,0.00048495,binance_BTCUSDT
1617537600,0.0001,bitmex_XBTUSD
1617552000,0.00026521,binance_BTCUSDT
1617566400,0.0001,bitmex_XBTUSD
1617580800,0.00039464,binance_BTCUSDT
1617595200,0.0001,bitmex_XBTUSD
1617609600,0.00043217,binance_BTCUSDT
1617624000,0.000398,bitmex_XBTUSD
1617638400,0.00037409,binance_BTCUSDT
1617652800,0.0001,bitmex_XBTUSD
1617667200,0.00097189,binance_BTCUSDT
1617681600,0.000645,bitmex_XBTUSD
1617696000,0.00057776,binance_BTCUSDT
1617710400,0.001596,bitmex_XBTUSD
1617724800,0.00083736,binance_BTCUSDT
1617739200,0.001084,bitmex_XBTUSD
1617753600,0.00057609,binance_BTCUSDT
1617768000,0.000304,bitmex_XBTUSD
1617782400,0.00053749,binance_BTCUSDT
1617796800,0.0001,bitmex_XBTUSD
1617811200,0.0005366,binance_BTCUSDT
1617825600,0.0001,bitmex_XBTUSD
1617840000,0.00040784,binance_BTCUSDT
1617854400,0.0001,bitmex_XBTUSD
1617868800,0.00024943,binance_BTCUSDT
1617883200,0.0001,bitmex_XBTUSD
1617897600,0.00026225,binance_BTCUSDT
1617912000,0.0001,bitmex_XBTUSD
1617926400,0.00019611,binance_BTCUSDT
1617940800,0.0001,bitmex_XBTUSD
1617955200,0.00026301,binance_BTCUSDT
1617969600,0.000317,bitmex_XBTUSD
1617984000,0.00021785,binance_BTCUSDT
1617998400,0.000231,bitmex_XBTUSD
1618012800,0.00012959,binance_BTCUSDT
1618027200,0.000274,bitmex_XBTUSD
1618041600,0.00148624,binance_BTCUSDT
1618056000,0.000372,bitmex_XBTUSD
1618070400,0.00119652,binance_BTCUSDT
1618084800,0.002997,bitmex_XBTUSD
1618099200,0.00086735,binance_BTCUSDT
1618113600,0.001328,bitmex_XBTUSD
1618128000,0.00099427,binance_BTCUSDT
1618142400,0.000495,bitmex_XBTUSD
1618156800,0.00105998,binance_BTCUSDT
1618171200,0.000907,bitmex_XBTUSD
1618185600,0.00093793,binance_BTCUSDT
1618200000,0.001067,bitmex_XBTUSD
1618214400,0.00106358,binance_BTCUSDT
1618228800,0.000914,bitmex_XBTUSD
1618243200,0.00094343,binance_BTCUSDT
1618257600,0.001305,bitmex_XBTUSD
1618272000,0.00084072,binance_BTCUSDT
1618286400,0.000741,bitmex_XBTUSD
1618300800,0.00089928,binance_BTCUSDT
1618315200,0.000731,bitmex_XBTUSD
1618329600,0.0012267,binance_BTCUSDT
1618344000,0.001701,bitmex_XBTUSD
1618358400,0.00090508,binance_BTCUSDT
1618372800,0.001282,bitmex_XBTUSD
1618387200,0.00108567,binance_BTCUSDT
1618401600,0.001016,bitmex_XBTUSD
1618416000,0.00104786,binance_BTCUSDT
1618430400,0.000491,bitmex_XBTUSD
1618444800,0.00076335,binance_BTCUSDT
1618459200,0.000691,bitmex_XBTUSD
1618473600,0.00082082,binance_BTCUSDT
1618488000,0.000255,bitmex_XBTUSD
1618502400,0.00110324,binance_BTCUSDT
1618516800,0.000376,bitmex_XBTUSD
1618531200,0.00109647,binance_BTCUSDT
1618545600,0.000286,bitmex_XBTUSD
1618560000,0.00120022,binance_BTCUSDT
1618574400,0.000664,bitmex_XBTUSD
1618588800,0.00115519,binance_BTCUSDT
1618603200,0.0001,bitmex_XBTUSD
1618617600,0.00054906,binance_BTCUSDT
1618632000,0.0001,bitmex_XBTUSD
1618646400,0.00054007,binance_BTCUSDT
1618660800,0.0001,bitmex_XBTUSD
1618675200,0.00087572,binance_BTCUSDT
1618689600,0.0001,bitmex_XBTUSD
1618704000,0.00081624,binance_BTCUSDT
1618718400,0.0001,bitmex_XBTUSD
1618732800,0.00058448,binance_BTCUSDT
1618747200,-3.4e-05,bitmex_XBTUSD
1618761600,0.0001,binance_BTCUSDT
1618776000,2e-06,bitmex_XBTUSD
1618790400,0.0001,binance_BTCUSDT
1618804800,0.0001,bitmex_XBTUSD
1618819200,0.0001,binance_BTCUSDT
1618833600,0.0001,bitmex_XBTUSD
1618848000,0.0001,binance_BTCUSDT
1618862400,0.0001,bitmex_XBTUSD
1618876800,0.0001,binance_BTCUSDT
1618891200,0.0001,bitmex_XBTUSD
1618905600,0.0001,binance_BTCUSDT
1618920000,0.0001,bitmex_XBTUSD
1618934400,0.0001,binance_BTCUSDT
1618948800,0.0001,bitmex_XBTUSD
1618963200,0.0001,binance_BTCUSDT
1618977600,0.0001,bitmex_XBTUSD
1618992000,0.0001,binance_BTCUSDT
1619006400,0.0001,bitmex_XBTUSD
1619020800,0.0001,binance_BTCUSDT
1619035200,0.0001,bitmex_XBTUSD
1619049600,0.0001,binance_BTCUSDT
1619064000,0.0001,bitmex_XBTUSD
1619078400,0.0001,binance_BTCUSDT
1619092800,0.0001,bitmex_XBTUSD
1619107200,0.0001,binance_BTCUSDT
1619121600,0.0001,bitmex_XBTUSD
1619136000,0.0001,binance_BTCUSDT
1619150400,0.000275,bitmex_XBTUSD
1619164800,0.00047618,binance_BTCUSDT
1619179200,0.0001,bitmex_XBTUSD
1619193600,0.0001,binance_BTCUSDT
1619208000,0.000161,bitmex_XBTUSD
1619222400,0.0001,binance_BTCUSDT
1619236800,0.0001,bitmex_XBTUSD
1619251200,0.00027672,binance_BTCUSDT
1619265600,0.0001,bitmex_XBTUSD
1619280000,0.0001676,binance_BTCUSDT
1619294400,0.0001,bitmex_XBTUSD
1619308800,0.000217,binance_BTCUSDT
1619323200,0.0001,bitmex_XBTUSD
1619337600,0.00038558,binance_BTCUSDT
1619352000,0.0001,bitmex_XBTUSD
1619366400,0.0001,binance_BTCUSDT
1619380800,0.0001,bitmex_XBTUSD
1619395200,0.0001,binance_BTCUSDT
1619409600,0.0001,bitmex_XBTUSD
1619424000,0.0001,binance_BTCUSDT
1619438400,0.0001,bitmex_XBTUSD
1619452800,0.0001,binance_BTCUSDT
1619467200,0.0001,bitmex_XBTUSD
1619481600,0.0001,binance_BTCUSDT
1619496000,0.0001,bitmex_XBTUSD
1619510400,0.0001,binance_BTCUSDT
1619524800,0.0001,bitmex_XBTUSD
1619539200,0.0001,binance_BTCUSDT
1619553600,0.0001,bitmex_XBTUSD
1619568000,0.0001,binance_BTCUSDT
1619582400,0.0001,bitmex_XBTUSD
1619596800,0.0001,binance_BTCUSDT
1619611200,0.0001,bitmex_XBTUSD
1619625600,0.0001,binance_BTCUSDT
1619640000,0.0001,bitmex_XBTUSD
1619654400,0.0001,binance_BTCUSDT
1619668800,0.0001,bitmex_XBTUSD
1619683200,0.0001,binance_BTCUSDT
1619697600,0.0001,bitmex_XBTUSD
1619712000,0.0001,binance_BTCUSDT
1619726400,8.6e-05,bitmex_XBTUSD
1619740800,0.0001,binance_BTCUSDT
1619755200,0.0001,bitmex_XBTUSD
1619769600,0.0001,binance_BTCUSDT
1619784000,0.0001,bitmex_XBTUSD
1619798400,0.0001,binance_BTCUSDT
1619812800,0.0001,bitmex_XBTUSD
1619827200,0.00011209,binance_BTCUSDT
1619841600,0.0001,bitmex_XBTUSD
1619856000,0.0001,binance_BTCUSDT
1619870400,0.0001,bitmex_XBTUSD
1619884800,0.00032496,binance_BTCUSDT
1619899200,0.0001,bitmex_XBTUSD
1619913600,0.00015819,binance_BTCUSDT
1619928000,0.0001,bitmex_XBTUSD
1619942400,0.00045285,binance_BTCUSDT
1619956800,0.0001,bitmex_XBTUSD
1619971200,0.00045283,binance_BTCUSDT
1619985600,0.0001,bitmex_XBTUSD
1620000000,0.00040313,binance_BTCUSDT
1620014400,0.0001,bitmex_XBTUSD
1620028800,0.00036188,binance_BTCUSDT
1620043200,0.0001,bitmex_XBTUSD
1620057600,0.00067307,binance_BTCUSDT
1620072000,0.000294,bitmex_XBTUSD
1620086400,0.00050959,binance_BTCUSDT
1620100800,0.000147,bitmex_XBTUSD
1620115200,0.00012186,binance_BTCUSDT
1620129600,0.0001,bitmex_XBTUSD
1620144000,0.00066426,binance_BTCUSDT
1620158400,0.0001,bitmex_XBTUSD
1620172800,0.00044701,binance_BTCUSDT
1620187200,0.0001,bitmex_XBTUSD
1620201600,0.00042458,binance_BTCUSDT
1620216000,0.0001,bitmex_XBTUSD
1620230400,0.00011734,binance_BTCUSDT
1620244800,0.0001,bitmex_XBTUSD
1620259200,0.00076121,binance_BTCUSDT
1620273600,0.0001,bitmex_XBTUSD
1620288000,0.00059968,binance_BTCUSDT
1620302400,0.0001,bitmex_XBTUSD
1620316800,0.0009352,binance_BTCUSDT
1620331200,0.0001,bitmex_XBTUSD
1620345600,0.00044645,binance_BTCUSDT
1620360000,0.0001,bitmex_XBTUSD
1620374400,0.00053313,binance_BTCUSDT
1620388800,0.0001,bitmex_XBTUSD
1620403200,0.00017144,binance_BTCUSDT
1620417600,0.0001,bitmex_XBTUSD
1620432000,0.0005937,binance_BTCUSDT
1620446400,0.0001,bitmex_XBTUSD
1620460800,0.00046279,binance_BTCUSDT
1620475200,0.0001,bitmex_XBTUSD
1620489600,0.00046426,binance_BTCUSDT
1620504000,0.000339,bitmex_XBTUSD
1620518400,0.00048942,binance_BTCUSDT
1620532800,0.000131,bitmex_XBTUSD
1620547200,0.00043845,binance_BTCUSDT
1620561600,0.000244,bitmex_XBTUSD
1620576000,0.00063864,binance_BTCUSDT
1620590400,0.000614,bitmex_XBTUSD
1620604800,0.00033531,binance_BTCUSDT
1620619200,0.0001,bitmex_XBTUSD
1620633600,0.00090258,binance_BTCUSDT
1620648000,0.0001,bitmex_XBTUSD
1620662400,0.00098653,binance_BTCUSDT
1620676800,0.000479,bitmex_XBTUSD
1620691200,0.00039557,binance_BTCUSDT
1620705600,0.0001,bitmex_XBTUSD
1620720000,0.00050874,binance_BTCUSDT
1620734400,0.0001,bitmex_XBTUSD
1620748800,0.00025625,binance_BTCUSDT
1620763200,0.0001,bitmex_XBTUSD
1620777600,0.00016659,binance_BTCUSDT
1620792000,0.0001,bitmex_XBTUSD
1620806400,0.00033736,binance_BTCUSDT
1620820800,0.0001,bitmex_XBTUSD
1620835200,0.00039761,binance_BTCUSDT
1620849600,0.0001,bitmex_XBTUSD
1620864000,0.00011638,binance_BTCUSDT
1620878400,0.0001,bitmex_XBTUSD
1620892800,0.0001,binance_BTCUSDT
1620907200,-6.7e-05,bitmex_XBTUSD
1620921600,0.00022863,binance_BTCUSDT
1620936000,0.0001,bitmex_XBTUSD
1620950400,0.0004004,binance_BTCUSDT
1620964800,0.0001,bitmex_XBTUSD
1620979200,0.00035219,binance_BTCUSDT
1620993600,0.0001,bitmex_XBTUSD
1621008000,0.00015069,binance_BTCUSDT
1621022400,0.0001,bitmex_XBTUSD
1621036800,0.0001,binance_BTCUSDT
1621051200,0.0001,bitmex_XBTUSD
1621065600,0.00010123,binance_BTCUSDT
1621080000,0.0001,bitmex_XBTUSD
1621094400,0.00020153,binance_BTCUSDT
1621108800,0.0001,bitmex_XBTUSD
1621123200,0.00040248,binance_BTCUSDT
1621137600,0.0001,bitmex_XBTUSD
1621152000,0.00016682,binance_BTCUSDT
1621166400,0.0001,bitmex_XBTUSD
1621180800,0.00036196,binance_BTCUSDT
1621195200,0.0001,bitmex_XBTUSD
1621209600,0.0001,binance_BTCUSDT
1621224000,0.0001,bitmex_XBTUSD
1621238400,0.00063989,binance_BTCUSDT
1621252800,0.0001,bitmex_XBTUSD
1621267200,0.00059294,binance_BTCUSDT
1621281600,0.0001,bitmex_XBTUSD
1621296000,0.00054643,binance_BTCUSDT
1621310400,0.0001,bitmex_XBTUSD
1621324800,0.00014723,binance_BTCUSDT
1621339200,0.0001,bitmex_XBTUSD
1621353600,0.00021809,binance_BTCUSDT
1621368000,0.0001,bitmex_XBTUSD
1621382400,0.0001,binance_BTCUSDT
1621396800,3.3e-05,bitmex_XBTUSD
1621411200,0.00035813,binance_BTCUSDT
1621425600,0.0001,bitmex_XBTUSD
1621440000,-0.00089697,binance_BTCUSDT
1621454400,0.0001,bitmex_XBTUSD
1621468800,0.0001,binance_BTCUSDT
1621483200,-0.002525,bitmex_XBTUSD
1621497600,0.0001,binance_BTCUSDT
1621512000,-0.000117,bitmex_XBTUSD
1621526400,0.0001,binance_BTCUSDT
1621540800,-0.000266,bitmex_XBTUSD
1621555200,0.0001,binance_BTCUSDT
1621569600,-0.000802,bitmex_XBTUSD
1621584000,-1.001e-05,binance_BTCUSDT
1621598400,-0.000178,bitmex_XBTUSD
1621612800,7.546e-05,binance_BTCUSDT
1621627200,0.0001,bitmex_XBTUSD
1621641600,-0.00024448,binance_BTCUSDT
1621656000,-0.000362,bitmex_XBTUSD
1621670400,0.0001,binance_BTCUSDT
1621684800,-0.000248,bitmex_XBTUSD
1621699200,0.0001,binance_BTCUSDT
1621713600,9.3e-05,bitmex_XBTUSD
1621728000,-5.011e-05,binance_BTCUSDT
1621742400,-5.2e-05,bitmex_XBTUSD
1621756800,-1.059e-05,binance_BTCUSDT
1621771200,-0.000187,bitmex_XBTUSD
1621785600,4.696e-05,binance_BTCUSDT
1621800000,-0.000567,bitmex_XBTUSD
1621814400,-8.534e-05,binance_BTCUSDT
1621828800,-0.000376,bitmex_XBTUSD
1621843200,-9.905e-05,binance_BTCUSDT
1621857600,-0.000502,bitmex_XBTUSD
1621872000,2.089e-05,binance_BTCUSDT
1621886400,-0.000134,bitmex_XBTUSD
1621900800,0.0001,binance_BTCUSDT
1621915200,0.0001,bitmex_XBTUSD
1621929600,0.0001,binance_BTCUSDT
1621944000,-0.000106,bitmex_XBTUSD
1621958400,0.0001,binance_BTCUSDT
1621972800,0.0001,bitmex_XBTUSD
1621987200,0.0001,binance_BTCUSDT
1622001600,6.2e-05,bitmex_XBTUSD
1622016000,0.0001,binance_BTCUSDT
1622030400,0.0001,bitmex_XBTUSD
1622044800,0.0001,binance_BTCUSDT
1622059200,0.0001,bitmex_XBTUSD
1622073600,0.0001,binance_BTCUSDT
1622088000,0.0001,bitmex_XBTUSD
1622102400,0.0001,binance_BTCUSDT
1622116800,-0.00028,bitmex_XBTUSD
1622131200,0.0001,binance_BTCUSDT
1622145600,-8e-05,bitmex_XBTUSD
1622160000,0.0001,binance_BTCUSDT
1622174400,0.0001,bitmex_XBTUSD
1622188800,0.0001,binance_BTCUSDT
1622203200,-1.2e-05,bitmex_XBTUSD
1622217600,0.0001,binance_BTCUSDT
1622232000,-0.000134,bitmex_XBTUSD
1622246400,0.0001,binance_BTCUSDT
1622260800,-0.000357,bitmex_XBTUSD
1622275200,0.0001,binance_BTCUSDT
1622289600,6.2e-05,bitmex_XBTUSD
1622304000,0.00010375,binance_BTCUSDT
1622318400,0.0001,bitmex_XBTUSD
1622332800,0.0001,binance_BTCUSDT
1622347200,0.0001,bitmex_XBTUSD
1622361600,0.0001,binance_BTCUSDT
1622376000,2e-05,bitmex_XBTUSD
1622390400,0.0001,binance_BTCUSDT
1622404800,0.0001,bitmex_XBTUSD
1622419200,0.0001,binance_BTCUSDT
1622433600,0.0001,bitmex_XBTUSD
1622448000,0.0001,binance_BTCUSDT
1622462400,0.0001,bitmex_XBTUSD
1622476800,0.0001,binance_BTCUSDT
1622491200,-0.000126,bitmex_XBTUSD
1622505600,0.0001,binance_BTCUSDT
1622520000,7.1e-05,bitmex_XBTUSD
1622534400,0.0001,binance_BTCUSDT
1622548800,4.9e-05,bitmex_XBTUSD
1622563200,0.0001,binance_BTCUSDT
1622577600,-4e-06,bitmex_XBTUSD
1622592000,0.0001,binance_BTCUSDT
1622606400,-4.7e-05,bitmex_XBTUSD
1622620800,0.0001,binance_BTCUSDT
1622635200,-0.000199,bitmex_XBTUSD
1622649600,0.0001,binance_BTCUSDT
1622664000,0.0001,bitmex_XBTUSD
1622678400,0.0001,binance_BTCUSDT
1622692800,0.0001,bitmex_XBTUSD
1622707200,0.0001,binance_BTCUSDT
1622721600,-0.000234,bitmex_XBTUSD
1622736000,0.0001,binance_BTCUSDT
1622750400,-0.000242,bitmex_XBTUSD
1622764800,0.0001,binance_BTCUSDT
1622779200,-9e-05,bitmex_XBTUSD
1622793600,0.00020566,binance_BTCUSDT
1622808000,-0.000443,bitmex_XBTUSD
1622822400,0.0001,binance_BTCUSDT
1622836800,-3.1e-05,bitmex_XBTUSD
1622851200,0.0001,binance_BTCUSDT
1622865600,-0.000673,bitmex_XBTUSD
1622880000,0.0001,binance_BTCUSDT
1622894400,-0.000436,bitmex_XBTUSD
1622908800,0.0001,binance_BTCUSDT
1622923200,-0.000193,bitmex_XBTUSD
1622937600,0.0001,binance_BTCUSDT
1622952000,-0.00029,bitmex_XBTUSD
1622966400,0.0001,binance_BTCUSDT
1622980800,-0.000472,bitmex_XBTUSD
1622995200,0.0001,binance_BTCUSDT
1623009600,2.4e-05,bitmex_XBTUSD
1623024000,0.0001,binance_BTCUSDT
1623038400,0.0001,bitmex_XBTUSD
1623052800,0.0001,binance_BTCUSDT
1623067200,-9.8e-05,bitmex_XBTUSD
1623081600,0.0001,binance_BTCUSDT
1623096000,-0.000284,bitmex_XBTUSD
1623110400,0.0001,binance_BTCUSDT
1623124800,-0.000276,bitmex_XBTUSD
1623139200,1.015e-05,binance_BTCUSDT
1623153600,-0.000781,bitmex_XBTUSD
1623168000,0.0001,binance_BTCUSDT
1623182400,-8e-05,bitmex_XBTUSD
1623196800,0.0001,binance_BTCUSDT
1623211200,8.2e-05,bitmex_XBTUSD
1623225600,-5.397e-05,binance_BTCUSDT
1623240000,-3.6e-05,bitmex_XBTUSD
1623254400,-0.00014842,binance_BTCUSDT
1623268800,-0.000654,bitmex_XBTUSD
1623283200,-0.00016793,binance_BTCUSDT
1623297600,-0.000297,bitmex_XBTUSD
1623312000,6.027e-05,binance_BTCUSDT
1623326400,-0.000164,bitmex_XBTUSD
1623340800,0.0001,binance_BTCUSDT
1623355200,0.0001,bitmex_XBTUSD
1623369600,0.0001,binance_BTCUSDT
1623384000,-9.8e-05,bitmex_XBTUSD
1623398400,2.612e-05,binance_BTCUSDT
1623412800,-0.000219,bitmex_XBTUSD
1623427200,4.776e-05,binance_BTCUSDT
1623441600,8e-06,bitmex_XBTUSD
1623456000,-7.78e-05,binance_BTCUSDT
1623470400,0.0001,bitmex_XBTUSD
1623484800,0.0001,binance_BTCUSDT
1623499200,-0.000173,bitmex_XBTUSD
1623513600,-8.14e-06,binance_BTCUSDT
1623528000,-0.000225,bitmex_XBTUSD
1623542400,9.64e-05,binance_BTCUSDT
1623556800,-0.000313,bitmex_XBTUSD
1623571200,2.852e-05,binance_BTCUSDT
1623585600,0.0001,bitmex_XBTUSD
1623600000,-6.559e-05,binance_BTCUSDT
1623614400,-6.1e-05,bitmex_XBTUSD
1623628800,0.0001,binance_BTCUSDT
1623643200,-1.2e-05,bitmex_XBTUSD
1623657600,0.0001,binance_BTCUSDT
1623672000,0.0001,bitmex_XBTUSD
1623686400,-3.144e-05,binance_BTCUSDT
1623700800,0.0001,bitmex_XBTUSD
1623715200,8.002e-05,binance_BTCUSDT
1623729600,-9.7e-05,bitmex_XBTUSD
1623744000,0.0001,binance_BTCUSDT
1623758400,-0.000188,bitmex_XBTUSD
1623772800,0.0001,binance_BTCUSDT
1623787200,2.5e-05,bitmex_XBTUSD
1623801600,0.0001,binance_BTCUSDT
1623816000,1.9e-05,bitmex_XBTUSD
1623830400,0.0001,binance_BTCUSDT
1623844800,-0.000341,bitmex_XBTUSD
1623859200,0.0001,binance_BTCUSDT
1623873600,-0.000248,bitmex_XBTUSD
1623888000,0.0001,binance_BTCUSDT
1623902400,-0.00025,bitmex_XBTUSD
1623916800,0.0001,binance_BTCUSDT
1623931200,-0.000618,bitmex_XBTUSD
1623945600,0.0001,binance_BTCUSDT
1623960000,-0.000148,bitmex_XBTUSD
1623974400,5.342e-05,binance_BTCUSDT
1623988800,-0.000297,bitmex_XBTUSD
1624003200,3.45e-06,binance_BTCUSDT
1624017600,-0.000437,bitmex_XBTUSD
1624032000,0.0001,binance_BTCUSDT
1624046400,-0.000185,bitmex_XBTUSD
1624060800,-5.205e-05,binance_BTCUSDT
1624075200,2e-06,bitmex_XBTUSD
1624089600,-9.441e-05,binance_BTCUSDT
1624104000,-0.000557,bitmex_XBTUSD
1624118400,7.475e-05,binance_BTCUSDT
1624132800,-0.000193,bitmex_XBTUSD
1624147200,0.0001,binance_BTCUSDT
1624161600,-3e-06,bitmex_XBTUSD
1624176000,0.0001,binance_BTCUSDT
1624190400,0.0001,bitmex_XBTUSD
1624204800,-0.00018437,binance_BTCUSDT
1624219200,-6.5e-05,bitmex_XBTUSD
1624233600,-1.617e-05,binance_BTCUSDT
1624248000,-0.000459,bitmex_XBTUSD
1624262400,0.0001,binance_BTCUSDT
1624276800,0.0001,bitmex_XBTUSD
1624291200,-0.00019854,binance_BTCUSDT
1624305600,-0.000566,bitmex_XBTUSD
1624320000,7.947e-05,binance_BTCUSDT
1624334400,-0.00041,bitmex_XBTUSD
1624348800,0.0001,binance_BTCUSDT
1624363200,-7e-06,bitmex_XBTUSD
1624377600,-0.00032806,binance_BTCUSDT
1624392000,0.0001,bitmex_XBTUSD
1624406400,6.7e-07,binance_BTCUSDT
1624420800,-0.000651,bitmex_XBTUSD
1624435200,-0.00013693,binance_BTCUSDT
1624449600,-5.5e-05,bitmex_XBTUSD
1624464000,-0.00019895,binance_BTCUSDT
1624478400,-0.000192,bitmex_XBTUSD
1624492800,-7.785e-05,binance_BTCUSDT
1624507200,-4.7e-05,bitmex_XBTUSD
1624521600,0.0001,binance_BTCUSDT
1624536000,-0.000117,bitmex_XBTUSD
1624550400,-0.00018863,binance_BTCUSDT
1624564800,-0.000132,bitmex_XBTUSD
1624579200,2.372e-05,binance_BTCUSDT
1624593600,-0.000185,bitmex_XBTUSD
1624608000,0.0001,binance_BTCUSDT
1624622400,-8e-06,bitmex_XBTUSD
1624636800,0.0001,binance_BTCUSDT
1624651200,0.0001,bitmex_XBTUSD
1624665600,-0.00011029,binance_BTCUSDT
1624680000,-0.000223,bitmex_XBTUSD
1624694400,-0.00013121,binance_BTCUSDT
1624708800,-0.000601,bitmex_XBTUSD
1624723200,-0.00010371,binance_BTCUSDT
1624737600,-0.00056,bitmex_XBTUSD
1624752000,-0.00023578,binance_BTCUSDT
1624766400,-7.4e-05,bitmex_XBTUSD
1624780800,-0.00052905,binance_BTCUSDT
1624795200,-0.000272,bitmex_XBTUSD
1624809600,-0.00026102,binance_BTCUSDT
1624824000,-0.000478,bitmex_XBTUSD
1624838400,-2.914e-05,binance_BTCUSDT
1624852800,-0.00027,bitmex_XBTUSD
1624867200,3.312e-05,binance_BTCUSDT
1624881600,0.0001,bitmex_XBTUSD
1624896000,0.0001,binance_BTCUSDT
1624910400,0.0001,bitmex_XBTUSD
1624924800,8.346e-05,binance_BTCUSDT
1624939200,0.0001,bitmex_XBTUSD
1624953600,0.0001,binance_BTCUSDT
1624968000,5.8e-05,bitmex_XBTUSD
1624982400,3.883e-05,binance_BTCUSDT
1624996800,0.0001,bitmex_XBTUSD
1625011200,0.0001,binance_BTCUSDT
1625025600,4.5e-05,bitmex_XBTUSD
1625040000,0.0001,binance_BTCUSDT
1625054400,0.0001,bitmex_XBTUSD
1625068800,0.0001,binance_BTCUSDT
1625083200,-0.000175,bitmex_XBTUSD
1625097600,0.0001,binance_BTCUSDT
1625112000,-4.6e-05,bitmex_XBTUSD
1625126400,0.0001,binance_BTCUSDT
1625140800,-0.000156,bitmex_XBTUSD
1625155200,0.0001,binance_BTCUSDT
1625169600,-0.000207,bitmex_XBTUSD
1625184000,8.304e-05,binance_BTCUSDT
1625198400,-0.000344,bitmex_XBTUSD
1625212800,0.0001,binance_BTCUSDT
1625227200,-0.000233,bitmex_XBTUSD
1625241600,-0.00012187,binance_BTCUSDT
1625256000,1e-05,bitmex_XBTUSD
1625270400,-4.866e-05,binance_BTCUSDT
1625284800,-0.00019,bitmex_XBTUSD
1625299200,-0.0001355,binance_BTCUSDT
1625313600,-0.000186,bitmex_XBTUSD
1625328000,3.53e-05,binance_BTCUSDT
1625342400,4.1e-05,bitmex_XBTUSD
1625356800,3.235e-05,binance_BTCUSDT
1625371200,0.0001,bitmex_XBTUSD
1625385600,-0.0001527,binance_BTCUSDT
1625400000,-6.1e-05,bitmex_XBTUSD
1625414400,4.428e-05,binance_BTCUSDT
1625428800,4.3e-05,bitmex_XBTUSD
1625443200,0.0001,binance_BTCUSDT
1625457600,-0.000138,bitmex_XBTUSD
1625472000,0.0001,binance_BTCUSDT
1625486400,2.1e-05,bitmex_XBTUSD
1625500800,-0.0001044,binance_BTCUSDT
1625515200,-0.000231,bitmex_XBTUSD
1625529600,-6.81e-06,binance_BTCUSDT
1625544000,-0.000449,bitmex_XBTUSD
1625558400,-0.0001114,binance_BTCUSDT
1625572800,2.6e-05,bitmex_XBTUSD
1625587200,-8.213e-05,binance_BTCUSDT
1625601600,-4.5e-05,bitmex_XBTUSD
1625616000,-0.00013362,binance_BTCUSDT
1625630400,-0.000382,bitmex_XBTUSD
1625644800,0.0001,binance_BTCUSDT
1625659200,-9.9e-05,bitmex_XBTUSD
1625673600,0.0001,binance_BTCUSDT
1625688000,0.0001,bitmex_XBTUSD
1625702400,1.382e-05,binance_BTCUSDT
1625716800,0.0001,bitmex_XBTUSD
1625731200,-6.403e-05,binance_BTCUSDT
1625745600,-0.000697,bitmex_XBTUSD
1625760000,-0.0002808,binance_BTCUSDT
1625774400,-0.000256,bitmex_XBTUSD
1625788800,-0.00010885,binance_BTCUSDT
1625803200,-3.1e-05,bitmex_XBTUSD
1625817600,-0.00017364,binance_BTCUSDT
1625832000,0.0001,bitmex_XBTUSD
1625846400,-0.00018845,binance_BTCUSDT
1625860800,0.0001,bitmex_XBTUSD
1625875200,-8.1e-07,binance_BTCUSDT
1625889600,0.0001,bitmex_XBTUSD
1625904000,7.847e-05,binance_BTCUSDT
1625918400,0.0001,bitmex_XBTUSD
1625932800,7.2e-07,binance_BTCUSDT
1625947200,0.0001,bitmex_XBTUSD
1625961600,7.785e-05,binance_BTCUSDT
1625976000,-5.7e-05,bitmex_XBTUSD
1625990400,0.0001,binance_BTCUSDT
1626004800,4.2e-05,bitmex_XBTUSD
1626019200,-3.373e-05,binance_BTCUSDT
1626033600,0.0001,bitmex_XBTUSD
1626048000,8.851e-05,binance_BTCUSDT
1626062400,0.0001,bitmex_XBTUSD
1626076800,3.463e-05,binance_BTCUSDT
1626091200,0.0001,bitmex_XBTUSD
1626105600,0.0001,binance_BTCUSDT
1626120000,0.0001,bitmex_XBTUSD
1626134400,0.0001,binance_BTCUSDT
1626148800,0.0001,bitmex_XBTUSD
1626163200,0.0001,binance_BTCUSDT
1626177600,-0.000461,bitmex_XBTUSD
1626192000,5.2e-07,binance_BTCUSDT
1626206400,1.2e-05,bitmex_XBTUSD
1626220800,0.0001,binance_BTCUSDT
1626235200,-9.8e-05,bitmex_XBTUSD
1626249600,1.317e-05,binance_BTCUSDT
1626264000,-0.000214,bitmex_XBTUSD
1626278400,-0.00011753,binance_BTCUSDT
1626292800,-0.000248,bitmex_XBTUSD
1626307200,-4.883e-05,binance_BTCUSDT
1626321600,-2.5e-05,bitmex_XBTUSD
1626336000,0.0001,binance_BTCUSDT
1626350400,2.9e-05,bitmex_XBTUSD
1626364800,1.576e-05,binance_BTCUSDT
1626379200,3.8e-05,bitmex_XBTUSD
1626393600,-0.00011529,binance_BTCUSDT
1626408000,-0.000325,bitmex_XBTUSD
1626422400,6.105e-05,binance_BTCUSDT
1626436800,-4.7e-05,bitmex_XBTUSD
1626451200,1.073e-05,binance_BTCUSDT
1626465600,0.0001,bitmex_XBTUSD
1626480000,0.0001,binance_BTCUSDT
1626494400,5.1e-05,bitmex_XBTUSD
1626508800,-4.343e-05,binance_BTCUSDT
1626523200,-0.000124,bitmex_XBTUSD
1626537600,2.365e-05,binance_BTCUSDT
1626552000,-0.000183,bitmex_XBTUSD
1626566400,0.0001,binance_BTCUSDT
1626580800,6.6e-05,bitmex_XBTUSD
1626595200,0.0001,binance_BTCUSDT
1626609600,0.0001,bitmex_XBTUSD
1626624000,-4.434e-05,binance_BTCUSDT
1626638400,0.0001,bitmex_XBTUSD
1626652800,-7.51e-05,binance_BTCUSDT
1626667200,-0.000412,bitmex_XBTUSD
1626681600,3.183e-05,binance_BTCUSDT
1626696000,-6.9e-05,bitmex_XBTUSD
1626710400,-1.23e-05,binance_BTCUSDT
1626724800,0.0001,bitmex_XBTUSD
1626739200,-0.00015687,binance_BTCUSDT
1626753600,-6.6e-05,bitmex_XBTUSD
1626768000,-0.00012569,binance_BTCUSDT
1626782400,-0.000219,bitmex_XBTUSD
1626796800,-0.00018939,binance_BTCUSDT
1626811200,0.0001,bitmex_XBTUSD
1626825600,-0.00022869,binance_BTCUSDT
1626840000,-0.000111,bitmex_XBTUSD
1626854400,-0.00039139,binance_BTCUSDT
1626868800,-2.3e-05,bitmex_XBTUSD
1626883200,-0.00032314,binance_BTCUSDT
1626897600,0.0001,bitmex_XBTUSD
1626912000,-0.00016261,binance_BTCUSDT
1626926400,0.0001,bitmex_XBTUSD
1626940800,1.362e-05,binance_BTCUSDT
1626955200,0.0001,bitmex_XBTUSD
1626969600,1.374e-05,binance_BTCUSDT
1626984000,-1.9e-05,bitmex_XBTUSD
1626998400,3.44e-06,binance_BTCUSDT
1627012800,0.0001,bitmex_XBTUSD
1627027200,-0.00016985,binance_BTCUSDT
1627041600,0.0001,bitmex_XBTUSD
1627056000,-9.9e-06,binance_BTCUSDT
1627070400,6.7e-05,bitmex_XBTUSD
1627084800,-7.246e-05,binance_BTCUSDT
1627099200,0.0001,bitmex_XBTUSD
1627113600,-0.00013379,binance_BTCUSDT
1627128000,-3.2e-05,bitmex_XBTUSD
1627142400,-0.00010603,binance_BTCUSDT
1627156800,-0.000227,bitmex_XBTUSD
1627171200,-0.00025685,binance_BTCUSDT
1627185600,-0.000251,bitmex_XBTUSD
1627200000,-0.00021708,binance_BTCUSDT
1627214400,-0.000385,bitmex_XBTUSD
1627228800,-5.198e-05,binance_BTCUSDT
1627243200,-2.3e-05,bitmex_XBTUSD
1627257600,-0.00054841,binance_BTCUSDT
1627272000,-0.000151,bitmex_XBTUSD
1627286400,0.0001,binance_BTCUSDT
1627300800,6.5e-05,bitmex_XBTUSD
1627315200,0.0001,binance_BTCUSDT
1627329600,4.7e-05,bitmex_XBTUSD
1627344000,0.0001,binance_BTCUSDT
1627358400,0.0001,bitmex_XBTUSD
1627372800,0.0001,binance_BTCUSDT
1627387200,-0.000113,bitmex_XBTUSD
1627401600,-2.248e-05,binance_BTCUSDT
1627416000,-0.000406,bitmex_XBTUSD
1627430400,-2.037e-05,binance_BTCUSDT
1627444800,0.0001,bitmex_XBTUSD
1627459200,0.0001,binance_BTCUSDT
1627473600,5.2e-05,bitmex_XBTUSD
1627488000,0.0001,binance_BTCUSDT
1627502400,0.0001,bitmex_XBTUSD
1627516800,1.493e-05,binance_BTCUSDT
1627531200,0.0001,bitmex_XBTUSD
1627545600,8.276e-05,binance_BTCUSDT
1627560000,-0.000115,bitmex_XBTUSD
1627574400,0.0001,binance_BTCUSDT
1627588800,7.2e-05,bitmex_XBTUSD
1627603200,0.0001,binance_BTCUSDT
1627617600,-4.5e-05,bitmex_XBTUSD
1627632000,0.0001,binance_BTCUSDT
1627646400,3.8e-05,bitmex_XBTUSD
1627660800,-2.377e-05,binance_BTCUSDT
1627675200,-6.1e-05,bitmex_XBTUSD
1627689600,0.0001,binance_BTCUSDT
1627704000,-0.000193,bitmex_XBTUSD
1627718400,0.0001,binance_BTCUSDT
1627732800,0.0001,bitmex_XBTUSD
1627747200,0.0001,binance_BTCUSDT
1627761600,0.0001,bitmex_XBTUSD
1627776000,0.0001,binance_BTCUSDT
1627790400,0.0001,bitmex_XBTUSD
1627804800,0.0001,binance_BTCUSDT
1627819200,7.7e-05,bitmex_XBTUSD
1627833600,0.0001,binance_BTCUSDT
1627848000,-8.4e-05,bitmex_XBTUSD
1627862400,0.0001,binance_BTCUSDT
1627876800,9.7e-05,bitmex_XBTUSD
1627891200,0.0001,binance_BTCUSDT
1627905600,-0.000277,bitmex_XBTUSD
1627920000,0.0001,binance_BTCUSDT
1627934400,-8e-06,bitmex_XBTUSD
1627948800,0.0001,binance_BTCUSDT
1627963200,7.9e-05,bitmex_XBTUSD
1627977600,0.0001,binance_BTCUSDT
1627992000,6.5e-05,bitmex_XBTUSD
1628006400,0.0001,binance_BTCUSDT
1628020800,5.9e-05,bitmex_XBTUSD
1628035200,0.0001,binance_BTCUSDT
1628049600,0.0001,bitmex_XBTUSD
1628064000,0.0001,binance_BTCUSDT
1628078400,0.0001,bitmex_XBTUSD
1628092800,1.272e-05,binance_BTCUSDT
1628107200,0.0001,bitmex_XBTUSD
1628121600,0.0001,binance_BTCUSDT
1628136000,0.0001,bitmex_XBTUSD
1628150400,0.0001,binance_BTCUSDT
1628164800,0.0001,bitmex_XBTUSD
1628179200,0.0001,binance_BTCUSDT
1628193600,8.5e-05,bitmex_XBTUSD
1628208000,0.0001,binance_BTCUSDT
1628222400,-0.00027,bitmex_XBTUSD
1628236800,0.0001,binance_BTCUSDT
1628251200,0.0001,bitmex_XBTUSD
1628265600,0.0001,binance_BTCUSDT
1628280000,0.0001,bitmex_XBTUSD
1628294400,0.0001,binance_BTCUSDT
1628308800,0.0001,bitmex_XBTUSD
1628323200,0.0001,binance_BTCUSDT
1628337600,0.0001,bitmex_XBTUSD
1628352000,0.0001,binance_BTCUSDT
1628366400,-0.00015,bitmex_XBTUSD
1628380800,0.0001,binance_BTCUSDT
1628395200,7.2e-05,bitmex_XBTUSD
1628409600,0.0001,binance_BTCUSDT
1628424000,8.9e-05,bitmex_XBTUSD
1628438400,0.0001,binance_BTCUSDT
1628452800,0.0001,bitmex_XBTUSD
1628467200,0.0001,binance_BTCUSDT
1628481600,0.0001,bitmex_XBTUSD
1628496000,0.0001,binance_BTCUSDT
1628510400,0.0001,bitmex_XBTUSD
1628524800,0.0001,binance_BTCUSDT
1628539200,0.0001,bitmex_XBTUSD
1628553600,0.0001,binance_BTCUSDT
1628568000,0.0001,bitmex_XBTUSD
1628582400,0.0001,binance_BTCUSDT
1628596800,0.0001,bitmex_XBTUSD
1628611200,0.0001,binance_BTCUSDT
1628625600,7.2e-05,bitmex_XBTUSD
1628640000,0.0001,binance_BTCUSDT
1628654400,-0.000134,bitmex_XBTUSD
1628668800,0.0001,binance_BTCUSDT
1628683200,0.0001,bitmex_XBTUSD
1628697600,0.0001,binance_BTCUSDT
1628712000,0.0001,bitmex_XBTUSD
1628726400,0.0001,binance_BTCUSDT
1628740800,0.0001,bitmex_XBTUSD
1628755200,0.0001,binance_BTCUSDT
1628769600,-5.7e-05,bitmex_XBTUSD
1628784000,0.0001,binance_BTCUSDT
1628798400,-0.000107,bitmex_XBTUSD
1628812800,0.0001,binance_BTCUSDT
1628827200,0.0001,bitmex_XBTUSD
1628841600,0.0001,binance_BTCUSDT
1628856000,2.5e-05,bitmex_XBTUSD
1628870400,0.0001,binance_BTCUSDT
1628884800,0.0001,bitmex_XBTUSD
1628899200,0.0001,binance_BTCUSDT
1628913600,0.0001,bitmex_XBTUSD
1628928000,0.0001,binance_BTCUSDT
1628942400,0.0001,bitmex_XBTUSD
1628956800,0.0001,binance_BTCUSDT
1628971200,0.0001,bitmex_XBTUSD
1628985600,0.0001,binance_BTCUSDT
1629000000,-0.000197,bitmex_XBTUSD
1629014400,0.0001,binance_BTCUSDT
1629028800,0.0001,bitmex_XBTUSD
1629043200,0.0001,binance_BTCUSDT
1629057600,2e-06,bitmex_XBTUSD
1629072000,0.0001,binance_BTCUSDT
1629086400,-0.000103,bitmex_XBTUSD
1629100800,0.0001,binance_BTCUSDT
1629115200,0.0001,bitmex_XBTUSD
1629129600,0.00013924,binance_BTCUSDT
1629144000,0.0001,bitmex_XBTUSD
1629158400,0.0001,binance_BTCUSDT
1629172800,1.3e-05,bitmex_XBTUSD
1629187200,0.0001,binance_BTCUSDT
1629201600,-0.000168,bitmex_XBTUSD
1629216000,0.0001,binance_BTCUSDT
1629230400,0.0001,bitmex_XBTUSD
1629244800,0.0001,binance_BTCUSDT
1629259200,5.8e-05,bitmex_XBTUSD
1629273600,0.0001,binance_BTCUSDT
1629288000,7.1e-05,bitmex_XBTUSD
1629302400,0.0001,binance_BTCUSDT
1629316800,1.7e-05,bitmex_XBTUSD
1629331200,0.0001,binance_BTCUSDT
1629345600,0.0001,bitmex_XBTUSD
1629360000,0.0001,binance_BTCUSDT
1629374400,-3e-06,bitmex_XBTUSD
1629388800,0.0001,binance_BTCUSDT
1629403200,0.0001,bitmex_XBTUSD
1629417600,0.0001,binance_BTCUSDT
1629432000,0.0001,bitmex_XBTUSD
1629446400,0.00011483,binance_BTCUSDT
1629460800,0.0001,bitmex_XBTUSD
1629475200,0.00014278,binance_BTCUSDT
1629489600,0.0001,bitmex_XBTUSD
1629504000,0.0001,binance_BTCUSDT
1629518400,0.0001,bitmex_XBTUSD
1629532800,0.00020013,binance_BTCUSDT
1629547200,0.0001,bitmex_XBTUSD
1629561600,0.00016694,binance_BTCUSDT
1629576000,0.0001,bitmex_XBTUSD
1629590400,0.0001,binance_BTCUSDT
1629604800,0.0001,bitmex_XBTUSD
1629619200,0.0001,binance_BTCUSDT
1629633600,0.0001,bitmex_XBTUSD
1629648000,0.00014813,binance_BTCUSDT
1629662400,0.0001,bitmex_XBTUSD
1629676800,0.0001,binance_BTCUSDT
1629691200,0.0001,bitmex_XBTUSD
1629705600,0.0003918,binance_BTCUSDT
1629720000,0.0001,bitmex_XBTUSD
1629734400,0.00023983,binance_BTCUSDT
1629748800,0.0001,bitmex_XBTUSD
1629763200,0.000293,binance_BTCUSDT
1629777600,0.0001,bitmex_XBTUSD
1629792000,0.0001,binance_BTCUSDT
1629806400,0.0001,bitmex_XBTUSD
1629820800,0.00041348,binance_BTCUSDT
1629835200,0.0001,bitmex_XBTUSD
1629849600,0.00019568,binance_BTCUSDT
1629864000,0.0001,bitmex_XBTUSD
1629878400,0.0001,binance_BTCUSDT
1629892800,-0.000101,bitmex_XBTUSD
1629907200,0.0001,binance_BTCUSDT
1629921600,7.8e-05,bitmex_XBTUSD
1629936000,0.0001,binance_BTCUSDT
1629950400,3.3e-05,bitmex_XBTUSD
1629964800,0.00021865,binance_BTCUSDT
1629979200,0.0001,bitmex_XBTUSD
1629993600,0.0001,binance_BTCUSDT
1630008000,0.0001,bitmex_XBTUSD
1630022400,0.0001,binance_BTCUSDT
1630036800,0.0001,bitmex_XBTUSD
1630051200,0.0001,binance_BTCUSDT
1630065600,0.0001,bitmex_XBTUSD
1630080000,0.0001,binance_BTCUSDT
1630094400,0.0001,bitmex_XBTUSD
1630108800,0.0001,binance_BTCUSDT
1630123200,6.4e-05,bitmex_XBTUSD
1630137600,0.0003224,binance_BTCUSDT
1630152000,0.0001,bitmex_XBTUSD
1630166400,0.00023137,binance_BTCUSDT
1630180800,0.0001,bitmex_XBTUSD
1630195200,0.0001,binance_BTCUSDT
1630209600,0.0001,bitmex_XBTUSD
1630224000,0.0001,binance_BTCUSDT
1630238400,0.0001,bitmex_XBTUSD
1630252800,0.0001,binance_BTCUSDT
1630267200,8e-05,bitmex_XBTUSD
1630281600,0.0001,binance_BTCUSDT
1630296000,8.6e-05,bitmex_XBTUSD
1630310400,0.0001,binance_BTCUSDT
1630324800,0.0001,bitmex_XBTUSD
1630339200,0.0002255,binance_BTCUSDT
1630353600,0.0001,bitmex_XBTUSD
1630368000,0.00036162,binance_BTCUSDT
1630382400,0.0001,bitmex_XBTUSD
1630396800,0.00027795,binance_BTCUSDT
1630411200,0.0001,bitmex_XBTUSD
1630425600,0.00023354,binance_BTCUSDT
1630440000,0.0001,bitmex_XBTUSD
1630454400,0.00044618,binance_BTCUSDT
1630468800,0.0001,bitmex_XBTUSD
1630483200,0.00027256,binance_BTCUSDT
1630497600,0.0001,bitmex_XBTUSD
1630512000,0.00033967,binance_BTCUSDT
1630526400,0.0001,bitmex_XBTUSD
1630540800,0.0004052,binance_BTCUSDT
1630555200,0.0001,bitmex_XBTUSD
1630569600,0.0004869,binance_BTCUSDT
1630584000,0.0001,bitmex_XBTUSD
1630598400,0.00057405,binance_BTCUSDT
1630612800,0.000178,bitmex_XBTUSD
1630627200,0.00047856,binance_BTCUSDT
1630641600,0.000192,bitmex_XBTUSD
1630656000,0.00033375,binance_BTCUSDT
1630670400,0.0001,bitmex_XBTUSD
1630684800,0.00024375,binance_BTCUSDT
1630699200,0.0001,bitmex_XBTUSD
1630713600,0.00043928,binance_BTCUSDT
1630728000,0.00027,bitmex_XBTUSD
1630742400,0.00011799,binance_BTCUSDT
1630756800,0.0001,bitmex_XBTUSD
1630771200,0.00019219,binance_BTCUSDT
1630785600,0.0001,bitmex_XBTUSD
1630800000,0.0001,binance_BTCUSDT
1630814400,0.0001,bitmex_XBTUSD
1630828800,0.0001,binance_BTCUSDT
1630843200,0.0001,bitmex_XBTUSD
1630857600,0.0001,binance_BTCUSDT
1630872000,0.0001,bitmex_XBTUSD
1630886400,0.00026783,binance_BTCUSDT
1630900800,0.0001,bitmex_XBTUSD
1630915200,0.0001,binance_BTCUSDT
1630929600,0.00022,bitmex_XBTUSD
1630944000,0.0001,binance_BTCUSDT
1630958400,0.000112,bitmex_XBTUSD
1630972800,0.0001,binance_BTCUSDT
1630987200,0.0001,bitmex_XBTUSD
1631001600,0.0001,binance_BTCUSDT
1631016000,0.0001,bitmex_XBTUSD
1631030400,0.00022977,binance_BTCUSDT
1631044800,0.0001,bitmex_XBTUSD
1631059200,0.0001,binance_BTCUSDT
1631073600,-0.000421,bitmex_XBTUSD
1631088000,0.0001,binance_BTCUSDT
1631102400,-0.000177,bitmex_XBTUSD
1631116800,0.0001,binance_BTCUSDT
1631131200,0.0001,bitmex_XBTUSD
1631145600,0.0001,binance_BTCUSDT
1631160000,-2.2e-05,bitmex_XBTUSD
1631174400,0.0001,binance_BTCUSDT
1631188800,0.0001,bitmex_XBTUSD
1631203200,0.0001,binance_BTCUSDT
1631217600,7.3e-05,bitmex_XBTUSD
1631232000,0.0001,binance_BTCUSDT
1631246400,-5.2e-05,bitmex_XBTUSD
1631260800,0.0001,binance_BTCUSDT
1631275200,0.0001,bitmex_XBTUSD
1631289600,0.00011115,binance_BTCUSDT
1631304000,0.0001,bitmex_XBTUSD
1631318400,0.0001,binance_BTCUSDT
1631332800,-6.6e-05,bitmex_XBTUSD
1631347200,0.0001,binance_BTCUSDT
1631361600,0.0001,bitmex_XBTUSD
1631376000,0.0001,binance_BTCUSDT
1631390400,0.0001,bitmex_XBTUSD
1631404800,0.0001,binance_BTCUSDT
1631419200,6.1e-05,bitmex_XBTUSD
1631433600,0.0001,binance_BTCUSDT
1631448000,0.0001,bitmex_XBTUSD
1631462400,0.0001,binance_BTCUSDT
1631476800,0.0001,bitmex_XBTUSD
1631491200,0.0001,binance_BTCUSDT
1631505600,0.0001,bitmex_XBTUSD
1631520000,0.0001,binance_BTCUSDT
1631534400,9.6e-05,bitmex_XBTUSD
1631548800,0.0001,binance_BTCUSDT
1631563200,-0.000102,bitmex_XBTUSD
1631577600,0.0001,binance_BTCUSDT
1631592000,-0.000152,bitmex_XBTUSD
1631606400,0.0001,binance_BTCUSDT
1631620800,0.0001,bitmex_XBTUSD
1631635200,0.0001,binance_BTCUSDT
1631649600,0.0001,bitmex_XBTUSD
1631664000,0.0001,binance_BTCUSDT
1631678400,0.0001,bitmex_XBTUSD
1631692800,0.0001,binance_BTCUSDT
1631707200,-9.3e-05,bitmex_XBTUSD
1631721600,0.0001,binance_BTCUSDT
1631736000,-0.000113,bitmex_XBTUSD
1631750400,0.0001,binance_BTCUSDT
1631764800,-0.00034,bitmex_XBTUSD
1631779200,0.0001,binance_BTCUSDT
1631793600,-5.3e-05,bitmex_XBTUSD
1631808000,0.0001,binance_BTCUSDT
1631822400,0.0001,bitmex_XBTUSD
1631836800,0.0001,binance_BTCUSDT
1631851200,5.3e-05,bitmex_XBTUSD
1631865600,0.0001,binance_BTCUSDT
1631880000,0.0001,bitmex_XBTUSD
1631894400,0.0001,binance_BTCUSDT
1631908800,8.2e-05,bitmex_XBTUSD
1631923200,0.0001,binance_BTCUSDT
1631937600,-0.000214,bitmex_XBTUSD
1631952000,0.0001,binance_BTCUSDT
1631966400,-7.8e-05,bitmex_XBTUSD
1631980800,0.0001,binance_BTCUSDT
1631995200,0.0001,bitmex_XBTUSD
1632009600,0.0001,binance_BTCUSDT
1632024000,0.0001,bitmex_XBTUSD
1632038400,0.0001,binance_BTCUSDT
1632052800,-0.000155,bitmex_XBTUSD
1632067200,0.0001,binance_BTCUSDT
1632081600,-0.000111,bitmex_XBTUSD
1632096000,0.0001,binance_BTCUSDT
1632110400,-0.000247,bitmex_XBTUSD
1632124800,0.0001,binance_BTCUSDT
1632139200,2.1e-05,bitmex_XBTUSD
1632153600,0.0001,binance_BTCUSDT
1632168000,0.0001,bitmex_XBTUSD
1632182400,0.0001,binance_BTCUSDT
1632196800,-9.1e-05,bitmex_XBTUSD
1632211200,0.0001,binance_BTCUSDT
1632225600,-0.000192,bitmex_XBTUSD
1632240000,0.0001,binance_BTCUSDT
1632254400,-0.000546,bitmex_XBTUSD
1632268800,0.0001,binance_BTCUSDT
1632283200,-4.2e-05,bitmex_XBTUSD
1632297600,0.0001,binance_BTCUSDT
1632312000,-0.000187,bitmex_XBTUSD
1632326400,0.0001,binance_BTCUSDT
1632340800,-0.000411,bitmex_XBTUSD
1632355200,4.744e-05,binance_BTCUSDT
1632369600,-0.000583,bitmex_XBTUSD
1632384000,7.835e-05,binance_BTCUSDT
1632398400,-0.000455,bitmex_XBTUSD
1632412800,0.0001,binance_BTCUSDT
1632427200,-6e-05,bitmex_XBTUSD
1632441600,-7.856e-05,binance_BTCUSDT
1632456000,-0.000116,bitmex_XBTUSD
1632470400,-8.536e-05,binance_BTCUSDT
1632484800,-2e-05,bitmex_XBTUSD
1632499200,3.978e-05,binance_BTCUSDT
1632513600,-1.3e-05,bitmex_XBTUSD
1632528000,0.0001,binance_BTCUSDT
1632542400,-0.000615,bitmex_XBTUSD
1632556800,5.629e-05,binance_BTCUSDT
1632571200,-0.00027,bitmex_XBTUSD
1632585600,0.0001,binance_BTCUSDT
1632600000,-2.8e-05,bitmex_XBTUSD
1632614400,2.457e-05,binance_BTCUSDT
1632628800,-0.000242,bitmex_XBTUSD
1632643200,0.0001,binance_BTCUSDT
1632657600,-0.000349,bitmex_XBTUSD
1632672000,-1.686e-05,binance_BTCUSDT
1632686400,-5.3e-05,bitmex_XBTUSD
1632700800,0.0001,binance_BTCUSDT
1632715200,-5e-06,bitmex_XBTUSD
1632729600,0.0001,binance_BTCUSDT
1632744000,0.0001,bitmex_XBTUSD
1632758400,0.0001,binance_BTCUSDT
1632772800,8e-05,bitmex_XBTUSD
1632787200,2.549e-05,binance_BTCUSDT
1632801600,7.8e-05,bitmex_XBTUSD
1632816000,3.318e-05,binance_BTCUSDT
1632830400,-0.000211,bitmex_XBTUSD
1632844800,9.756e-05,binance_BTCUSDT
1632859200,6.7e-05,bitmex_XBTUSD
1632873600,4.448e-05,binance_BTCUSDT
1632888000,-0.000112,bitmex_XBTUSD
1632902400,3.757e-05,binance_BTCUSDT
1632916800,-8.4e-05,bitmex_XBTUSD
1632931200,5.661e-05,binance_BTCUSDT
1632945600,-7.3e-05,bitmex_XBTUSD
1632960000,0.0001,binance_BTCUSDT
1632974400,1.1e-05,bitmex_XBTUSD
1632988800,0.0001,binance_BTCUSDT
1633003200,-0.000141,bitmex_XBTUSD
1633017600,9.235e-05,binance_BTCUSDT
1633032000,0.0001,bitmex_XBTUSD
1633046400,2.202e-05,binance_BTCUSDT
1633060800,0.0001,bitmex_XBTUSD
1633075200,-2.693e-05,binance_BTCUSDT
1633089600,-2.3e-05,bitmex_XBTUSD
1633104000,0.0001,binance_BTCUSDT
1633118400,0.0001,bitmex_XBTUSD
1633132800,5.277e-05,binance_BTCUSDT
1633147200,0.0001,bitmex_XBTUSD
1633161600,3.519e-05,binance_BTCUSDT
1633176000,0.0001,bitmex_XBTUSD
1633190400,5.938e-05,binance_BTCUSDT
1633204800,0.0001,bitmex_XBTUSD
1633219200,0.0001,binance_BTCUSDT
1633233600,7.7e-05,bitmex_XBTUSD
1633248000,0.0001,binance_BTCUSDT
1633262400,0.0001,bitmex_XBTUSD
1633276800,0.0001,binance_BTCUSDT
1633291200,0.0001,bitmex_XBTUSD
1633305600,0.0001,binance_BTCUSDT
1633320000,0.0001,bitmex_XBTUSD
1633334400,0.0001,binance_BTCUSDT
1633348800,0.0001,bitmex_XBTUSD
1633363200,0.0001,binance_BTCUSDT
1633377600,0.0001,bitmex_XBTUSD
1633392000,0.0001,binance_BTCUSDT
1633406400,0.0001,bitmex_XBTUSD
1633420800,-2.427e-05,binance_BTCUSDT
1633435200,0.0001,bitmex_XBTUSD
1633449600,1.61e-06,binance_BTCUSDT
1633464000,0.0001,bitmex_XBTUSD
1633478400,0.0001,binance_BTCUSDT
1633492800,2e-06,bitmex_XBTUSD
1633507200,0.0001,binance_BTCUSDT
1633521600,0.0001,bitmex_XBTUSD
1633536000,0.0001,binance_BTCUSDT
1633550400,0.0001,bitmex_XBTUSD
1633564800,0.0001,binance_BTCUSDT
1633579200,0.0001,bitmex_XBTUSD
1633593600,0.0002918,binance_BTCUSDT
1633608000,0.0001,bitmex_XBTUSD
1633622400,0.00032669,binance_BTCUSDT
1633636800,0.0001,bitmex_XBTUSD
1633651200,0.00033379,binance_BTCUSDT
1633665600,0.0001,bitmex_XBTUSD
1633680000,0.00023355,binance_BTCUSDT
1633694400,0.0001,bitmex_XBTUSD
1633708800,0.00013417,binance_BTCUSDT
1633723200,0.0001,bitmex_XBTUSD
1633737600,0.0001,binance_BTCUSDT
1633752000,0.0001,bitmex_XBTUSD
1633766400,0.0001,binance_BTCUSDT
1633780800,0.0001,bitmex_XBTUSD
1633795200,0.00015717,binance_BTCUSDT
1633809600,0.0001,bitmex_XBTUSD
1633824000,0.0001,binance_BTCUSDT
1633838400,0.0001,bitmex_XBTUSD
1633852800,0.00020906,binance_BTCUSDT
1633867200,0.0001,bitmex_XBTUSD
1633881600,0.0001,binance_BTCUSDT
1633896000,0.0001,bitmex_XBTUSD
1633910400,0.0001,binance_BTCUSDT
1633924800,0.0001,bitmex_XBTUSD
1633939200,0.0001,binance_BTCUSDT
1633953600,0.0001,bitmex_XBTUSD
1633968000,0.0001,binance_BTCUSDT
1633982400,0.0001,bitmex_XBTUSD
1633996800,0.0001,binance_BTCUSDT
1634011200,0.0001,bitmex_XBTUSD
1634025600,0.0001,binance_BTCUSDT
1634040000,0.0001,bitmex_XBTUSD
1634054400,0.0001,binance_BTCUSDT
1634068800,0.0001,bitmex_XBTUSD
1634083200,0.0001,binance_BTCUSDT
1634097600,0.0001,bitmex_XBTUSD
1634112000,0.0001,binance_BTCUSDT
1634126400,0.0001,bitmex_XBTUSD
1634140800,0.0001,binance_BTCUSDT
1634155200,0.0001,bitmex_XBTUSD
1634169600,0.0001,binance_BTCUSDT
1634184000,0.0001,bitmex_XBTUSD
1634198400,0.00022797,binance_BTCUSDT
1634212800,0.000255,bitmex_XBTUSD
1634227200,0.00017282,binance_BTCUSDT
1634241600,0.000215,bitmex_XBTUSD
1634256000,0.0001,binance_BTCUSDT
1634270400,0.0001,bitmex_XBTUSD
1634284800,0.00036685,binance_BTCUSDT
1634299200,0.0001,bitmex_XBTUSD
1634313600,0.0001,binance_BTCUSDT
1634328000,0.000264,bitmex_XBTUSD
1634342400,0.00048084,binance_BTCUSDT
1634356800,0.000393,bitmex_XBTUSD
1634371200,0.00027876,binance_BTCUSDT
1634385600,0.0001,bitmex_XBTUSD
1634400000,0.00043303,binance_BTCUSDT
1634414400,0.000116,bitmex_XBTUSD
1634428800,0.00031281,binance_BTCUSDT
1634443200,0.00013,bitmex_XBTUSD
1634457600,0.00040131,binance_BTCUSDT
1634472000,0.000188,bitmex_XBTUSD
1634486400,0.0004425,binance_BTCUSDT
1634500800,0.000118,bitmex_XBTUSD
1634515200,0.00038415,binance_BTCUSDT
1634529600,0.000219,bitmex_XBTUSD
1634544000,0.00022227,binance_BTCUSDT
1634558400,0.000309,bitmex_XBTUSD
1634572800,0.0001,binance_BTCUSDT
1634587200,0.00019,bitmex_XBTUSD
1634601600,0.0001,binance_BTCUSDT
1634616000,0.0001,bitmex_XBTUSD
1634630400,0.00014974,binance_BTCUSDT
1634644800,0.0001,bitmex_XBTUSD
1634659200,0.0001,binance_BTCUSDT
1634673600,0.0001,bitmex_XBTUSD
1634688000,0.0001,binance_BTCUSDT
1634702400,0.0001,bitmex_XBTUSD
1634716800,0.0001,binance_BTCUSDT
1634731200,0.0001,bitmex_XBTUSD
1634745600,0.00063237,binance_BTCUSDT
1634760000,0.0001,bitmex_XBTUSD
1634774400,0.00068927,binance_BTCUSDT
1634788800,0.000719,bitmex_XBTUSD
1634803200,0.00057124,binance_BTCUSDT
1634817600,0.000554,bitmex_XBTUSD
1634832000,0.00062183,binance_BTCUSDT
1634846400,0.0001,bitmex_XBTUSD
1634860800,0.00033487,binance_BTCUSDT
1634875200,0.0001,bitmex_XBTUSD
1634889600,0.00024509,binance_BTCUSDT
1634904000,0.0001,bitmex_XBTUSD
1634918400,0.00033222,binance_BTCUSDT
1634932800,0.0001,bitmex_XBTUSD
1634947200,0.00026183,binance_BTCUSDT
1634961600,0.0001,bitmex_XBTUSD
1634976000,0.00014854,binance_BTCUSDT
1634990400,0.0001,bitmex_XBTUSD
1635004800,0.0001739,binance_BTCUSDT
1635019200,0.0001,bitmex_XBTUSD
1635033600,0.00030335,binance_BTCUSDT
1635048000,0.0001,bitmex_XBTUSD
1635062400,0.00037238,binance_BTCUSDT
1635076800,0.000164,bitmex_XBTUSD
1635091200,0.00032862,binance_BTCUSDT
1635105600,0.000191,bitmex_XBTUSD
1635120000,0.00048777,binance_BTCUSDT
1635134400,0.0001,bitmex_XBTUSD
1635148800,0.00020028,binance_BTCUSDT
1635163200,0.0001,bitmex_XBTUSD
1635177600,0.00017861,binance_BTCUSDT
1635192000,0.0001,bitmex_XBTUSD
1635206400,0.00040992,binance_BTCUSDT
1635220800,0.0001,bitmex_XBTUSD
1635235200,0.00060638,binance_BTCUSDT
1635249600,0.000173,bitmex_XBTUSD
1635264000,0.00055995,binance_BTCUSDT
1635278400,0.0001,bitmex_XBTUSD
1635292800,0.00033175,binance_BTCUSDT
1635307200,0.0001,bitmex_XBTUSD
1635321600,0.00030309,binance_BTCUSDT
1635336000,0.0001,bitmex_XBTUSD
1635350400,0.00023017,binance_BTCUSDT
1635364800,0.0001,bitmex_XBTUSD
1635379200,0.00015574,binance_BTCUSDT
1635393600,0.0001,bitmex_XBTUSD
1635408000,0.0001,binance_BTCUSDT
1635422400,0.0001,bitmex_XBTUSD
1635436800,0.00013782,binance_BTCUSDT
1635451200,0.0001,bitmex_XBTUSD
1635465600,0.0002352,binance_BTCUSDT
1635480000,0.0001,bitmex_XBTUSD
1635494400,0.00024122,binance_BTCUSDT
1635508800,0.000274,bitmex_XBTUSD
1635523200,0.00017968,binance_BTCUSDT
1635537600,0.000198,bitmex_XBTUSD
1635552000,0.00016972,binance_BTCUSDT
1635566400,0.000256,bitmex_XBTUSD
1635580800,0.00038483,binance_BTCUSDT
1635595200,0.0002,bitmex_XBTUSD
1635609600,0.00023181,binance_BTCUSDT
1635624000,0.000185,bitmex_XBTUSD
1635638400,0.00019088,binance_BTCUSDT
1635652800,0.0001,bitmex_XBTUSD
1635667200,0.00048915,binance_BTCUSDT
1635681600,0.0001,bitmex_XBTUSD
1635696000,0.00043874,binance_BTCUSDT
1635710400,0.0001,bitmex_XBTUSD
1635724800,0.00032554,binance_BTCUSDT
1635739200,0.0001,bitmex_XBTUSD
1635753600,0.00031437,binance_BTCUSDT
1635768000,0.0001,bitmex_XBTUSD
1635782400,0.00056812,binance_BTCUSDT
1635796800,0.000254,bitmex_XBTUSD
1635811200,0.00015524,binance_BTCUSDT
1635825600,0.00024,bitmex_XBTUSD
1635840000,0.00033216,binance_BTCUSDT
1635854400,0.0001,bitmex_XBTUSD
1635868800,0.00047797,binance_BTCUSDT
1635883200,0.000325,bitmex_XBTUSD
1635897600,0.0008207,binance_BTCUSDT
1635912000,0.000272,bitmex_XBTUSD
1635926400,0.00043965,binance_BTCUSDT
1635940800,0.000427,bitmex_XBTUSD
1635955200,0.00031399,binance_BTCUSDT
1635969600,0.0001,bitmex_XBTUSD
1635984000,0.00045987,binance_BTCUSDT
1635998400,0.0001,bitmex_XBTUSD
1636012800,0.0005075,binance_BTCUSDT
1636027200,0.0001,bitmex_XBTUSD
1636041600,0.00046368,binance_BTCUSDT
1636056000,0.0001,bitmex_XBTUSD
1636070400,0.00018372,binance_BTCUSDT
1636084800,0.0001,bitmex_XBTUSD
1636099200,0.00018568,binance_BTCUSDT
1636113600,0.0001,bitmex_XBTUSD
1636128000,0.00041167,binance_BTCUSDT
1636142400,0.0001,bitmex_XBTUSD
1636156800,0.00053155,binance_BTCUSDT
1636171200,0.0001,bitmex_XBTUSD
1636185600,0.00045326,binance_BTCUSDT
1636200000,0.0001,bitmex_XBTUSD
1636214400,0.00037687,binance_BTCUSDT
1636228800,0.0001,bitmex_XBTUSD
1636243200,0.00017244,binance_BTCUSDT
1636257600,0.0001,bitmex_XBTUSD
1636272000,0.00036277,binance_BTCUSDT
1636286400,0.0001,bitmex_XBTUSD
1636300800,0.00037438,binance_BTCUSDT
1636315200,0.0001,bitmex_XBTUSD
1636329600,0.00025861,binance_BTCUSDT
1636344000,0.0001,bitmex_XBTUSD
1636358400,0.00049328,binance_BTCUSDT
1636372800,0.000231,bitmex_XBTUSD
1636387200,0.0004876,binance_BTCUSDT
1636401600,0.000436,bitmex_XBTUSD
1636416000,0.00038683,binance_BTCUSDT
1636430400,0.000488,bitmex_XBTUSD
1636444800,0.00039251,binance_BTCUSDT
1636459200,0.000315,bitmex_XBTUSD
1636473600,0.00067839,binance_BTCUSDT
1636488000,0.000178,bitmex_XBTUSD
1636502400,0.00037679,binance_BTCUSDT
1636516800,0.000472,bitmex_XBTUSD
1636531200,0.00068212,binance_BTCUSDT
1636545600,0.00029,bitmex_XBTUSD
1636560000,0.00057535,binance_BTCUSDT
1636574400,0.000605,bitmex_XBTUSD
1636588800,0.00023211,binance_BTCUSDT
1636603200,0.000409,bitmex_XBTUSD
1636617600,0.0001,binance_BTCUSDT
1636632000,0.0001,bitmex_XBTUSD
1636646400,0.00021812,binance_BTCUSDT
1636660800,0.0001,bitmex_XBTUSD
1636675200,0.00018008,binance_BTCUSDT
1636689600,0.0001,bitmex_XBTUSD
1636704000,0.00035543,binance_BTCUSDT
1636718400,0.0001,bitmex_XBTUSD
1636732800,0.00036867,binance_BTCUSDT
1636747200,0.0001,bitmex_XBTUSD
1636761600,0.00015442,binance_BTCUSDT
1636776000,0.0001,bitmex_XBTUSD
1636790400,0.00031732,binance_BTCUSDT
1636804800,0.0001,bitmex_XBTUSD
1636819200,0.00021842,binance_BTCUSDT
1636833600,0.0001,bitmex_XBTUSD
1636848000,0.00013962,binance_BTCUSDT
1636862400,0.0001,bitmex_XBTUSD
1636876800,0.0001,binance_BTCUSDT
1636891200,0.0001,bitmex_XBTUSD
1636905600,0.00013059,binance_BTCUSDT
1636920000,0.0001,bitmex_XBTUSD
1636934400,0.00016126,binance_BTCUSDT
1636948800,0.0001,bitmex_XBTUSD
1636963200,0.00020745,binance_BTCUSDT
1636977600,0.0001,bitmex_XBTUSD
1636992000,0.00040989,binance_BTCUSDT
1637006400,0.0001,bitmex_XBTUSD
1637020800,0.00035998,binance_BTCUSDT
1637035200,0.0001,bitmex_XBTUSD
1637049600,0.0001,binance_BTCUSDT
1637064000,0.0001,bitmex_XBTUSD
1637078400,0.0001,binance_BTCUSDT
1637092800,-4e-06,bitmex_XBTUSD
1637107200,0.0001,binance_BTCUSDT
1637121600,0.0001,bitmex_XBTUSD
1637136000,0.00013155,binance_BTCUSDT
1637150400,0.0001,bitmex_XBTUSD
1637164800,0.0001,binance_BTCUSDT
1637179200,0.0001,bitmex_XBTUSD
1637193600,0.0001,binance_BTCUSDT
1637208000,0.0001,bitmex_XBTUSD
1637222400,0.0001,binance_BTCUSDT
1637236800,0.0001,bitmex_XBTUSD
1637251200,0.00011235,binance_BTCUSDT
1637265600,0.0001,bitmex_XBTUSD
1637280000,0.0001,binance_BTCUSDT
1637294400,0.0001,bitmex_XBTUSD
1637308800,0.0001,binance_BTCUSDT
1637323200,0.0001,bitmex_XBTUSD
1637337600,0.0001,binance_BTCUSDT
1637352000,0.0001,bitmex_XBTUSD
1637366400,0.0001,binance_BTCUSDT
1637380800,1e-06,bitmex_XBTUSD
1637395200,0.0001,binance_BTCUSDT
1637409600,-9e-06,bitmex_XBTUSD
1637424000,0.0001,binance_BTCUSDT
1637438400,0.0001,bitmex_XBTUSD
1637452800,0.0001,binance_BTCUSDT
1637467200,0.0001,bitmex_XBTUSD
1637481600,0.0001,binance_BTCUSDT
1637496000,0.0001,bitmex_XBTUSD
1637510400,0.0001,binance_BTCUSDT
1637524800,0.0001,bitmex_XBTUSD
1637539200,0.0001,binance_BTCUSDT
1637553600,0.0001,bitmex_XBTUSD
1637568000,0.0001,binance_BTCUSDT
1637582400,0.0001,bitmex_XBTUSD
1637596800,0.0001,binance_BTCUSDT
1637611200,0.0001,bitmex_XBTUSD
1637625600,0.0001,binance_BTCUSDT
1637640000,0.0001,bitmex_XBTUSD
1637654400,0.00012897,binance_BTCUSDT
1637668800,0.0001,bitmex_XBTUSD
1637683200,0.0001,binance_BTCUSDT
1637697600,0.0001,bitmex_XBTUSD
1637712000,0.0001,binance_BTCUSDT
1637726400,0.0001,bitmex_XBTUSD
1637740800,0.0001,binance_BTCUSDT
1637755200,0.0001,bitmex_XBTUSD
1637769600,0.0001201,binance_BTCUSDT
1637784000,0.0001,bitmex_XBTUSD
1637798400,0.00014549,binance_BTCUSDT
1637812800,0.0001,bitmex_XBTUSD
1637827200,0.00016775,binance_BTCUSDT
1637841600,0.0001,bitmex_XBTUSD
1637856000,0.00011888,binance_BTCUSDT
1637870400,0.0001,bitmex_XBTUSD
1637884800,0.00013863,binance_BTCUSDT
1637899200,0.0001,bitmex_XBTUSD
1637913600,0.00033741,binance_BTCUSDT
1637928000,0.0001,bitmex_XBTUSD
1637942400,0.0001,binance_BTCUSDT
1637956800,0.0001,bitmex_XBTUSD
1637971200,0.00010824,binance_BTCUSDT
1637985600,0.0001,bitmex_XBTUSD
1638000000,0.0001,binance_BTCUSDT
1638014400,0.0001,bitmex_XBTUSD
1638028800,0.0001,binance_BTCUSDT
1638043200,0.0001,bitmex_XBTUSD
1638057600,0.0001,binance_BTCUSDT
1638072000,2.7e-05,bitmex_XBTUSD
1638086400,0.0001,binance_BTCUSDT
1638100800,0.0001,bitmex_XBTUSD
1638115200,0.0001,binance_BTCUSDT
1638129600,0.0001,bitmex_XBTUSD
1638144000,0.0001,binance_BTCUSDT
1638158400,0.0001,bitmex_XBTUSD
1638172800,0.0001,binance_BTCUSDT
1638187200,0.0001,bitmex_XBTUSD
1638201600,0.00020774,binance_BTCUSDT
1638216000,0.0001,bitmex_XBTUSD
1638230400,0.0002781,binance_BTCUSDT
1638244800,0.0001,bitmex_XBTUSD
1638259200,0.0001,binance_BTCUSDT
1638273600,0.0001,bitmex_XBTUSD
1638288000,0.0001,binance_BTCUSDT
1638302400,0.0001,bitmex_XBTUSD
1638316800,0.00012689,binance_BTCUSDT
1638331200,0.0001,bitmex_XBTUSD
1638345600,0.00029146,binance_BTCUSDT
1638360000,0.0001,bitmex_XBTUSD
1638374400,0.0001,binance_BTCUSDT
1638388800,0.0001,bitmex_XBTUSD
1638403200,0.00015951,binance_BTCUSDT
1638417600,0.0001,bitmex_XBTUSD
1638432000,0.0001,binance_BTCUSDT
1638446400,0.0001,bitmex_XBTUSD
1638460800,0.0001,binance_BTCUSDT
1638475200,0.0001,bitmex_XBTUSD
1638489600,0.0001,binance_BTCUSDT
1638504000,0.0001,bitmex_XBTUSD
1638518400,0.00011686,binance_BTCUSDT
1638532800,0.0001,bitmex_XBTUSD
1638547200,0.00027198,binance_BTCUSDT
1638561600,0.0001,bitmex_XBTUSD
1638576000,0.0001,binance_BTCUSDT
1638590400,0.0001,bitmex_XBTUSD
1638604800,6.285e-05,binance_BTCUSDT
1638619200,0.0001,bitmex_XBTUSD
1638633600,2.893e-05,binance_BTCUSDT
1638648000,-0.000864,bitmex_XBTUSD
1638662400,8.272e-05,binance_BTCUSDT
1638676800,-0.000499,bitmex_XBTUSD
1638691200,9.001e-05,binance_BTCUSDT
1638705600,-0.000131,bitmex_XBTUSD
1638720000,0.0001,binance_BTCUSDT
1638734400,-0.000509,bitmex_XBTUSD
1638748800,0.0001,binance_BTCUSDT
1638763200,-0.000231,bitmex_XBTUSD
1638777600,0.0001,binance_BTCUSDT
1638792000,-7.2e-05,bitmex_XBTUSD
1638806400,0.0001,binance_BTCUSDT
1638820800,4.4e-05,bitmex_XBTUSD
1638835200,0.0001,binance_BTCUSDT
1638849600,0.0001,bitmex_XBTUSD
1638864000,3.977e-05,binance_BTCUSDT
1638878400,-0.000168,bitmex_XBTUSD
1638892800,0.0001,binance_BTCUSDT
1638907200,-0.000144,bitmex_XBTUSD
1638921600,0.0001,binance_BTCUSDT
1638936000,0.0001,bitmex_XBTUSD
1638950400,0.0001,binance_BTCUSDT
1638964800,0.0001,bitmex_XBTUSD
1638979200,0.0001,binance_BTCUSDT
1638993600,0.0001,bitmex_XBTUSD
1639008000,0.0001,binance_BTCUSDT
1639022400,0.0001,bitmex_XBTUSD
1639036800,0.0001,binance_BTCUSDT
1639051200,0.0001,bitmex_XBTUSD
1639065600,0.0001,binance_BTCUSDT
1639080000,9.7e-05,bitmex_XBTUSD
1639094400,0.0001,binance_BTCUSDT
1639108800,0.0001,bitmex_XBTUSD
1639123200,0.0001,binance_BTCUSDT
1639137600,7e-05,bitmex_XBTUSD
1639152000,0.0001,binance_BTCUSDT
1639166400,0.0001,bitmex_XBTUSD
1639180800,0.0001,binance_BTCUSDT
1639195200,0.0001,bitmex_XBTUSD
1639209600,0.0001,binance_BTCUSDT
1639224000,6.9e-05,bitmex_XBTUSD
1639238400,0.0001,binance_BTCUSDT
1639252800,-1.3e-05,bitmex_XBTUSD
1639267200,0.0001,binance_BTCUSDT
1639281600,5.3e-05,bitmex_XBTUSD
1639296000,0.0001,binance_BTCUSDT
1639310400,-5.6e-05,bitmex_XBTUSD
1639324800,0.0001,binance_BTCUSDT
1639339200,-0.000149,bitmex_XBTUSD
1639353600,0.0001,binance_BTCUSDT
1639368000,0.0001,bitmex_XBTUSD
1639382400,0.0001,binance_BTCUSDT
1639396800,-6.1e-05,bitmex_XBTUSD
1639411200,0.0001,binance_BTCUSDT
1639425600,-8.5e-05,bitmex_XBTUSD
1639440000,-4.93e-06,binance_BTCUSDT
1639454400,-9e-06,bitmex_XBTUSD
1639468800,0.0001,binance_BTCUSDT
1639483200,-4.6e-05,bitmex_XBTUSD
1639497600,8.838e-05,binance_BTCUSDT
1639512000,0.0001,bitmex_XBTUSD
1639526400,0.0001,binance_BTCUSDT
1639540800,7.8e-05,bitmex_XBTUSD
1639555200,0.0001,binance_BTCUSDT
1639569600,0.0001,bitmex_XBTUSD
1639584000,0.0001,binance_BTCUSDT
1639598400,0.0001,bitmex_XBTUSD
1639612800,0.0001,binance_BTCUSDT
1639627200,2.3e-05,bitmex_XBTUSD
1639641600,0.0001,binance_BTCUSDT
1639656000,0.0001,bitmex_XBTUSD
1639670400,0.0001,binance_BTCUSDT
1639684800,0.0001,bitmex_XBTUSD
1639699200,0.0001,binance_BTCUSDT
1639713600,0.0001,bitmex_XBTUSD
1639728000,0.0001,binance_BTCUSDT
1639742400,0.0001,bitmex_XBTUSD
1639756800,4.678e-05,binance_BTCUSDT
1639771200,-2.1e-05,bitmex_XBTUSD
1639785600,9.119e-05,binance_BTCUSDT
1639800000,-6.4e-05,bitmex_XBTUSD
1639814400,9.221e-05,binance_BTCUSDT
1639828800,8.1e-05,bitmex_XBTUSD
1639843200,8.402e-05,binance_BTCUSDT
1639857600,0.0001,bitmex_XBTUSD
1639872000,7.08e-05,binance_BTCUSDT
1639886400,-4.8e-05,bitmex_XBTUSD
1639900800,0.0001,binance_BTCUSDT
1639915200,6.6e-05,bitmex_XBTUSD
1639929600,0.0001,binance_BTCUSDT
1639944000,0.0001,bitmex_XBTUSD
1639958400,0.0001,binance_BTCUSDT
1639972800,2e-05,bitmex_XBTUSD
1639987200,0.0001,binance_BTCUSDT
1640001600,-2.6e-05,bitmex_XBTUSD
1640016000,0.0001,binance_BTCUSDT
1640030400,0.0001,bitmex_XBTUSD
1640044800,9.184e-05,binance_BTCUSDT
1640059200,0.0001,bitmex_XBTUSD
1640073600,0.0001,binance_BTCUSDT
1640088000,0.0001,bitmex_XBTUSD
1640102400,0.0001,binance_BTCUSDT
1640116800,0.0001,bitmex_XBTUSD
1640131200,0.0001,binance_BTCUSDT
1640145600,0.0001,bitmex_XBTUSD
1640160000,0.0001,binance_BTCUSDT
1640174400,-2e-05,bitmex_XBTUSD
1640188800,0.0001,binance_BTCUSDT
1640203200,6.8e-05,bitmex_XBTUSD
1640217600,9.72e-05,binance_BTCUSDT
1640232000,0.0001,bitmex_XBTUSD
1640246400,0.0001,binance_BTCUSDT
1640260800,-3.5e-05,bitmex_XBTUSD
1640275200,4.018e-05,binance_BTCUSDT
1640289600,8.1e-05,bitmex_XBTUSD
1640304000,0.0001,binance_BTCUSDT
1640318400,0.0001,bitmex_XBTUSD
1640332800,0.0001,binance_BTCUSDT
1640347200,-1.6e-05,bitmex_XBTUSD
1640361600,0.0001,binance_BTCUSDT
1640376000,-6.2e-05,bitmex_XBTUSD
1640390400,0.0001,binance_BTCUSDT
1640404800,8e-06,bitmex_XBTUSD
1640419200,0.0001,binance_BTCUSDT
1640433600,-7.2e-05,bitmex_XBTUSD
1640448000,0.0001,binance_BTCUSDT
1640462400,3.2e-05,bitmex_XBTUSD
1640476800,0.0001,binance_BTCUSDT
1640491200,0.0001,bitmex_XBTUSD
1640505600,0.0001,binance_BTCUSDT
1640520000,-0.000143,bitmex_XBTUSD
1640534400,0.0001,binance_BTCUSDT
1640548800,-8.4e-05,bitmex_XBTUSD
1640563200,0.0001,binance_BTCUSDT
1640577600,9.2e-05,bitmex_XBTUSD
1640592000,0.0001,binance_BTCUSDT
1640606400,6.4e-05,bitmex_XBTUSD
1640620800,0.0001,binance_BTCUSDT
1640635200,9.2e-05,bitmex_XBTUSD
1640649600,0.0001,binance_BTCUSDT
1640664000,6.7e-05,bitmex_XBTUSD
1640678400,0.0001,binance_BTCUSDT
1640692800,-5e-05,bitmex_XBTUSD
1640707200,0.0001,binance_BTCUSDT
1640721600,3.8e-05,bitmex_XBTUSD
1640736000,0.0001,binance_BTCUSDT
1640750400,0.0001,bitmex_XBTUSD
1640764800,0.0001,binance_BTCUSDT
1640779200,9.3e-05,bitmex_XBTUSD
1640793600,0.0001,binance_BTCUSDT
1640808000,0.0001,bitmex_XBTUSD
1640822400,0.0001,binance_BTCUSDT
1640836800,-1e-06,bitmex_XBTUSD
1640851200,0.0001,binance_BTCUSDT
1640865600,-4.1e-05,bitmex_XBTUSD
1640880000,0.0001,binance_BTCUSDT
1640894400,-1.8e-05,bitmex_XBTUSD
1640908800,-3.102e-05,binance_BTCUSDT
1640923200,5.6e-05,bitmex_XBTUSD
1640937600,0.0001,binance_BTCUSDT
1640952000,4.7e-05,bitmex_XBTUSD
1640966400,0.0001,binance_BTCUSDT
1640980800,-1.4e-05,bitmex_XBTUSD
1640995200,0.0001,binance_BTCUSDT
1641009600,6.8e-05,bitmex_XBTUSD
1641024000,0.0001,binance_BTCUSDT
1641038400,8.5e-05,bitmex_XBTUSD
1641052800,0.0001,binance_BTCUSDT
1641067200,2e-06,bitmex_XBTUSD
1641081600,0.0001,binance_BTCUSDT
1641096000,-0.000181,bitmex_XBTUSD
1641110400,0.0001,binance_BTCUSDT
1641124800,5.8e-05,bitmex_XBTUSD
1641139200,0.0001,binance_BTCUSDT
1641153600,-5.8e-05,bitmex_XBTUSD
1641168000,0.0001,binance_BTCUSDT
1641182400,1.2e-05,bitmex_XBTUSD
1641196800,0.0001,binance_BTCUSDT
1641211200,1.6e-05,bitmex_XBTUSD
1641225600,0.0001,binance_BTCUSDT
1641240000,0.0001,bitmex_XBTUSD
1641254400,0.0001,binance_BTCUSDT
1641268800,-9.9e-05,bitmex_XBTUSD
1641283200,0.0001,binance_BTCUSDT
1641297600,-6.8e-05,bitmex_XBTUSD
1641312000,0.0001,binance_BTCUSDT
1641326400,0.0001,bitmex_XBTUSD
1641340800,0.0001,binance_BTCUSDT
1641355200,9.9e-05,bitmex_XBTUSD
1641369600,0.0001,binance_BTCUSDT
1641384000,0.0001,bitmex_XBTUSD
1641398400,0.0001,binance_BTCUSDT
1641412800,0.0001,bitmex_XBTUSD
1641427200,0.0001,binance_BTCUSDT
1641441600,7.2e-05,bitmex_XBTUSD
1641456000,0.0001,binance_BTCUSDT
1641470400,-1e-06,bitmex_XBTUSD
1641484800,0.0001,binance_BTCUSDT
1641499200,-1.8e-05,bitmex_XBTUSD
1641513600,0.0001,binance_BTCUSDT
1641528000,-1.5e-05,bitmex_XBTUSD
1641542400,0.0001,binance_BTCUSDT
1641556800,0.0001,bitmex_XBTUSD
1641571200,0.0001,binance_BTCUSDT
1641585600,0.0001,bitmex_XBTUSD
1641600000,0.0001,binance_BTCUSDT
1641614400,6.8e-05,bitmex_XBTUSD
1641628800,0.0001,binance_BTCUSDT
1641643200,3.7e-05,bitmex_XBTUSD
1641657600,0.0001,binance_BTCUSDT
1641672000,-0.000159,bitmex_XBTUSD
1641686400,0.0001,binance_BTCUSDT
1641700800,0.0001,bitmex_XBTUSD
1641715200,0.0001,binance_BTCUSDT
1641729600,-8.4e-05,bitmex_XBTUSD
1641744000,0.0001,binance_BTCUSDT
1641758400,3.1e-05,bitmex_XBTUSD
1641772800,0.0001,binance_BTCUSDT
1641787200,-5.1e-05,bitmex_XBTUSD
1641801600,4.522e-05,binance_BTCUSDT
1641816000,-0.000106,bitmex_XBTUSD
1641830400,0.0001,binance_BTCUSDT
1641844800,-4.3e-05,bitmex_XBTUSD
1641859200,0.0001,binance_BTCUSDT
1641873600,2.8e-05,bitmex_XBTUSD
1641888000,7.394e-05,binance_BTCUSDT
1641902400,4.6e-05,bitmex_XBTUSD
1641916800,0.0001,binance_BTCUSDT
1641931200,6e-06,bitmex_XBTUSD
1641945600,-4.772e-05,binance_BTCUSDT
1641960000,-0.000221,bitmex_XBTUSD
1641974400,9.625e-05,binance_BTCUSDT
1641988800,-0.000268,bitmex_XBTUSD
1642003200,-5.342e-05,binance_BTCUSDT
1642017600,-9.6e-05,bitmex_XBTUSD
1642032000,-7.506e-05,binance_BTCUSDT
1642046400,-0.000236,bitmex_XBTUSD
1642060800,0.0001,binance_BTCUSDT
1642075200,-9.2e-05,bitmex_XBTUSD
1642089600,-6.081e-05,binance_BTCUSDT
1642104000,-0.000149,bitmex_XBTUSD
1642118400,5.92e-06,binance_BTCUSDT
1642132800,7e-06,bitmex_XBTUSD
1642147200,-9.17e-05,binance_BTCUSDT
1642161600,-7.2e-05,bitmex_XBTUSD
1642176000,-6.655e-05,binance_BTCUSDT
1642190400,-2.6e-05,bitmex_XBTUSD
1642204800,2.282e-05,binance_BTCUSDT
1642219200,6.8e-05,bitmex_XBTUSD
1642233600,0.0001,binance_BTCUSDT
1642248000,-0.000143,bitmex_XBTUSD
1642262400,2.661e-05,binance_BTCUSDT
1642276800,-5.1e-05,bitmex_XBTUSD
1642291200,9.07e-05,binance_BTCUSDT
1642305600,-3.8e-05,bitmex_XBTUSD
1642320000,-2.33e-05,binance_BTCUSDT
1642334400,-6.5e-05,bitmex_XBTUSD
1642348800,3.62e-05,binance_BTCUSDT
1642363200,-0.000153,bitmex_XBTUSD
1642377600,1.751e-05,binance_BTCUSDT
1642392000,6.3e-05,bitmex_XBTUSD
1642406400,6.647e-05,binance_BTCUSDT
1642420800,-0.000108,bitmex_XBTUSD
1642435200,0.0001,binance_BTCUSDT
1642449600,0.0001,bitmex_XBTUSD
1642464000,0.0001,binance_BTCUSDT
1642478400,0.0001,bitmex_XBTUSD
1642492800,9.998e-05,binance_BTCUSDT
1642507200,6.2e-05,bitmex_XBTUSD
1642521600,0.0001,binance_BTCUSDT
1642536000,0.0001,bitmex_XBTUSD
1642550400,4.973e-05,binance_BTCUSDT
1642564800,0.0001,bitmex_XBTUSD
1642579200,0.0001,binance_BTCUSDT
1642593600,9.3e-05,bitmex_XBTUSD
1642608000,0.0001,binance_BTCUSDT
1642622400,-1.5e-05,bitmex_XBTUSD
1642636800,0.0001,binance_BTCUSDT
1642651200,9.3e-05,bitmex_XBTUSD
1642665600,0.0001,binance_BTCUSDT
1642680000,0.0001,bitmex_XBTUSD
1642694400,0.0001,binance_BTCUSDT
1642708800,0.0001,bitmex_XBTUSD
1642723200,0.0001,binance_BTCUSDT
1642737600,0.0001,bitmex_XBTUSD
1642752000,4.523e-05,binance_BTCUSDT
1642766400,-5.5e-05,bitmex_XBTUSD
1642780800,8.226e-05,binance_BTCUSDT
1642795200,-0.000154,bitmex_XBTUSD
1642809600,-1.051e-05,binance_BTCUSDT
1642824000,0.0001,bitmex_XBTUSD
1642838400,4.122e-05,binance_BTCUSDT
1642852800,-0.000132,bitmex_XBTUSD
1642867200,0.0001,binance_BTCUSDT
1642881600,-0.000132,bitmex_XBTUSD
1642896000,0.0001,binance_BTCUSDT
1642910400,-2.9e-05,bitmex_XBTUSD
1642924800,-1.256e-05,binance_BTCUSDT
1642939200,-0.000197,bitmex_XBTUSD
1642953600,-1.573e-05,binance_BTCUSDT
1642968000,-0.000235,bitmex_XBTUSD
1642982400,3.48e-05,binance_BTCUSDT
1642996800,-0.000182,bitmex_XBTUSD
1643011200,5.605e-05,binance_BTCUSDT
1643025600,-0.000232,bitmex_XBTUSD
1643040000,5.009e-05,binance_BTCUSDT
1643054400,-0.000182,bitmex_XBTUSD
1643068800,0.0001,binance_BTCUSDT
1643083200,-0.000147,bitmex_XBTUSD
1643097600,8.126e-05,binance_BTCUSDT
1643112000,-6.2e-05,bitmex_XBTUSD
1643126400,-0.00010008,binance_BTCUSDT
1643140800,9.5e-05,bitmex_XBTUSD
1643155200,6.76e-06,binance_BTCUSDT
1643169600,-0.000221,bitmex_XBTUSD
1643184000,-1.905e-05,binance_BTCUSDT
1643198400,-0.000243,bitmex_XBTUSD
1643212800,-4.13e-05,binance_BTCUSDT
1643227200,-0.000262,bitmex_XBTUSD
1643241600,-4.869e-05,binance_BTCUSDT
1643256000,-0.000113,bitmex_XBTUSD
1643270400,-0.00010186,binance_BTCUSDT
1643284800,-5.3e-05,bitmex_XBTUSD
1643299200,-7.554e-05,binance_BTCUSDT
1643313600,5.6e-05,bitmex_XBTUSD
1643328000,-4.93e-06,binance_BTCUSDT
1643342400,0.0001,bitmex_XBTUSD
1643356800,7.165e-05,binance_BTCUSDT
1643371200,9.6e-05,bitmex_XBTUSD
1643385600,2.88e-05,binance_BTCUSDT
1643400000,7.6e-05,bitmex_XBTUSD
1643414400,-1.093e-05,binance_BTCUSDT
1643428800,7.4e-05,bitmex_XBTUSD
1643443200,5.239e-05,binance_BTCUSDT
1643457600,-0.000123,bitmex_XBTUSD
1643472000,-3.029e-05,binance_BTCUSDT
1643486400,-0.000176,bitmex_XBTUSD
1643500800,6.05e-05,binance_BTCUSDT
1643515200,-8.6e-05,bitmex_XBTUSD
1643529600,9.126e-05,binance_BTCUSDT
1643544000,1.2e-05,bitmex_XBTUSD
1643558400,0.0001,binance_BTCUSDT
1643572800,-2.9e-05,bitmex_XBTUSD
1643587200,8.927e-05,binance_BTCUSDT
1643601600,-4e-06,bitmex_XBTUSD
1643616000,-7.369e-05,binance_BTCUSDT
1643630400,-3.1e-05,bitmex_XBTUSD
1643644800,-5.648e-05,binance_BTCUSDT
1643659200,-3.7e-05,bitmex_XBTUSD
1643673600,-4e-05,binance_BTCUSDT
1643688000,2e-05,bitmex_XBTUSD
1643702400,6.113e-05,binance_BTCUSDT
1643716800,-0.000159,bitmex_XBTUSD
1643731200,-6.256e-05,binance_BTCUSDT
1643745600,-0.000129,bitmex_XBTUSD
1643760000,-2.905e-05,binance_BTCUSDT
1643774400,-3.8e-05,bitmex_XBTUSD
1643788800,0.0001,binance_BTCUSDT
1643803200,-0.000132,bitmex_XBTUSD
1643817600,2.553e-05,binance_BTCUSDT
1643832000,-3e-05,bitmex_XBTUSD
1643846400,-7.716e-05,binance_BTCUSDT
1643860800,-0.000114,bitmex_XBTUSD
1643875200,1.168e-05,binance_BTCUSDT
1643889600,6.9e-05,bitmex_XBTUSD
1643904000,-1.533e-05,binance_BTCUSDT
1643918400,3.5e-05,bitmex_XBTUSD
1643932800,1.462e-05,binance_BTCUSDT
1643947200,5.2e-05,bitmex_XBTUSD
1643961600,-8.571e-05,binance_BTCUSDT
1643976000,-6.6e-05,bitmex_XBTUSD
1643990400,0.0001,binance_BTCUSDT
1644004800,-8.3e-05,bitmex_XBTUSD
1644019200,7.457e-05,binance_BTCUSDT
1644033600,0.0001,bitmex_XBTUSD
1644048000,0.0001,binance_BTCUSDT
1644062400,5.9e-05,bitmex_XBTUSD
1644076800,0.0001,binance_BTCUSDT
1644091200,-2e-06,bitmex_XBTUSD
1644105600,0.0001,binance_BTCUSDT
1644120000,7.4e-05,bitmex_XBTUSD
1644134400,0.0001,binance_BTCUSDT
1644148800,-3.7e-05,bitmex_XBTUSD
1644163200,0.0001,binance_BTCUSDT
1644177600,6.1e-05,bitmex_XBTUSD
1644192000,1.477e-05,binance_BTCUSDT
1644206400,-8e-06,bitmex_XBTUSD
1644220800,5.264e-05,binance_BTCUSDT
1644235200,-0.000164,bitmex_XBTUSD
1644249600,-9.617e-05,binance_BTCUSDT
1644264000,-0.000116,bitmex_XBTUSD
1644278400,0.0001,binance_BTCUSDT
1644292800,-9.7e-05,bitmex_XBTUSD
1644307200,0.0001,binance_BTCUSDT
1644321600,-8.3e-05,bitmex_XBTUSD
1644336000,0.0001,binance_BTCUSDT
1644350400,-7e-06,bitmex_XBTUSD
1644364800,8.216e-05,binance_BTCUSDT
1644379200,0.0001,bitmex_XBTUSD
1644393600,5.826e-05,binance_BTCUSDT
1644408000,-4.5e-05,bitmex_XBTUSD
1644422400,5.12e-05,binance_BTCUSDT
1644436800,7.9e-05,bitmex_XBTUSD
1644451200,0.0001,binance_BTCUSDT
1644465600,-9.4e-05,bitmex_XBTUSD
1644480000,-1.799e-05,binance_BTCUSDT
1644494400,-4.9e-05,bitmex_XBTUSD
1644508800,0.0001,binance_BTCUSDT
1644523200,0.0001,bitmex_XBTUSD
1644537600,3.895e-05,binance_BTCUSDT
1644552000,0.0001,bitmex_XBTUSD
1644566400,-5.238e-05,binance_BTCUSDT
1644580800,7.5e-05,bitmex_XBTUSD
1644595200,-7.643e-05,binance_BTCUSDT
1644609600,-2.6e-05,bitmex_XBTUSD
1644624000,0.0001,binance_BTCUSDT
1644638400,-1e-05,bitmex_XBTUSD
1644652800,0.0001,binance_BTCUSDT
1644667200,0.0001,bitmex_XBTUSD
1644681600,0.0001,binance_BTCUSDT
1644696000,0.0001,bitmex_XBTUSD
1644710400,8.047e-05,binance_BTCUSDT
1644724800,0.0001,bitmex_XBTUSD
1644739200,7.937e-05,binance_BTCUSDT
1644753600,-0.000138,bitmex_XBTUSD
1644768000,6.814e-05,binance_BTCUSDT
1644782400,0.0001,bitmex_XBTUSD
1644796800,9.717e-05,binance_BTCUSDT
1644811200,0.0001,bitmex_XBTUSD
1644825600,2.867e-05,binance_BTCUSDT
1644840000,0.0001,bitmex_XBTUSD
1644854400,6.445e-05,binance_BTCUSDT
1644868800,0.0001,bitmex_XBTUSD
1644883200,0.0001,binance_BTCUSDT
1644897600,0.0001,bitmex_XBTUSD
1644912000,-7.76e-05,binance_BTCUSDT
1644926400,0.0001,bitmex_XBTUSD
1644940800,5.462e-05,binance_BTCUSDT
1644955200,-3.6e-05,bitmex_XBTUSD
1644969600,0.0001,binance_BTCUSDT
1644984000,4e-05,bitmex_XBTUSD
1644998400,0.0001,binance_BTCUSDT
1645012800,5.2e-05,bitmex_XBTUSD
1645027200,0.0001,binance_BTCUSDT
1645041600,0.0001,bitmex_XBTUSD
1645056000,0.0001,binance_BTCUSDT
1645070400,1.3e-05,bitmex_XBTUSD
1645084800,0.0001,binance_BTCUSDT
1645099200,-0.000108,bitmex_XBTUSD
1645113600,0.0001,binance_BTCUSDT
1645128000,-0.000117,bitmex_XBTUSD
1645142400,-4.38e-06,binance_BTCUSDT
1645156800,-0.000189,bitmex_XBTUSD
1645171200,-2.923e-05,binance_BTCUSDT
1645185600,-0.000119,bitmex_XBTUSD
1645200000,-9.36e-06,binance_BTCUSDT
1645214400,-0.000131,bitmex_XBTUSD
1645228800,0.0001,binance_BTCUSDT
1645243200,0.0001,bitmex_XBTUSD
1645257600,9.61e-06,binance_BTCUSDT
1645272000,1e-06,bitmex_XBTUSD
1645286400,7.71e-05,binance_BTCUSDT
1645300800,5.5e-05,bitmex_XBTUSD
1645315200,3.023e-05,binance_BTCUSDT
1645329600,8.1e-05,bitmex_XBTUSD
1645344000,6.581e-05,binance_BTCUSDT
1645358400,7.3e-05,bitmex_XBTUSD
1645372800,-7.517e-05,binance_BTCUSDT
1645387200,-2.9e-05,bitmex_XBTUSD
1645401600,6.5e-05,binance_BTCUSDT
1645416000,0.0001,bitmex_XBTUSD
1645430400,-4.498e-05,binance_BTCUSDT
1645444800,0.0001,bitmex_XBTUSD
1645459200,-3.473e-05,binance_BTCUSDT
1645473600,-0.0001,bitmex_XBTUSD
1645488000,-5.357e-05,binance_BTCUSDT
1645502400,-1.2e-05,bitmex_XBTUSD
1645516800,2.477e-05,binance_BTCUSDT
1645531200,5.3e-05,bitmex_XBTUSD
1645545600,-3.085e-05,binance_BTCUSDT
1645560000,4.4e-05,bitmex_XBTUSD
1645574400,-2.623e-05,binance_BTCUSDT
1645588800,-3.3e-05,bitmex_XBTUSD
1645603200,-0.00012603,binance_BTCUSDT
1645617600,-1.4e-05,bitmex_XBTUSD
1645632000,-3.332e-05,binance_BTCUSDT
1645646400,-0.000231,bitmex_XBTUSD
1645660800,6.475e-05,binance_BTCUSDT
1645675200,-4.5e-05,bitmex_XBTUSD
1645689600,-0.00016045,binance_BTCUSDT
1645704000,-2.2e-05,bitmex_XBTUSD
1645718400,-9.21e-05,binance_BTCUSDT
1645732800,0.0001,bitmex_XBTUSD
1645747200,0.0001,binance_BTCUSDT
1645761600,-0.000207,bitmex_XBTUSD
1645776000,6.22e-05,binance_BTCUSDT
1645790400,0.0001,bitmex_XBTUSD
1645804800,9.98e-06,binance_BTCUSDT
1645819200,0.0001,bitmex_XBTUSD
1645833600,9.332e-05,binance_BTCUSDT
1645848000,-4e-05,bitmex_XBTUSD
1645862400,0.0001,binance_BTCUSDT
1645876800,-0.000168,bitmex_XBTUSD
1645891200,7.614e-05,binance_BTCUSDT
1645905600,-5.2e-05,bitmex_XBTUSD
1645920000,5.574e-05,binance_BTCUSDT
1645934400,-0.000173,bitmex_XBTUSD
1645948800,1.803e-05,binance_BTCUSDT
1645963200,-8.6e-05,bitmex_XBTUSD
1645977600,-6.28e-06,binance_BTCUSDT
1645992000,-0.000151,bitmex_XBTUSD
1646006400,-0.00021167,binance_BTCUSDT
1646020800,1.6e-05,bitmex_XBTUSD
1646035200,-8.986e-05,binance_BTCUSDT
1646049600,-0.000119,bitmex_XBTUSD
1646064000,-5.386e-05,binance_BTCUSDT
1646078400,5.2e-05,bitmex_XBTUSD
1646092800,0.0001,binance_BTCUSDT
1646107200,0.0001,bitmex_XBTUSD
1646121600,0.0001,binance_BTCUSDT
1646136000,0.0001,bitmex_XBTUSD
1646150400,4.369e-05,binance_BTCUSDT
1646164800,0.0001,bitmex_XBTUSD
1646179200,-5.07e-06,binance_BTCUSDT
1646193600,7.3e-05,bitmex_XBTUSD
1646208000,0.0001,binance_BTCUSDT
1646222400,5.6e-05,bitmex_XBTUSD
1646236800,0.0001,binance_BTCUSDT
1646251200,8.5e-05,bitmex_XBTUSD
1646265600,0.0001,binance_BTCUSDT
1646280000,0.0001,bitmex_XBTUSD
1646294400,0.0001,binance_BTCUSDT
1646308800,7.5e-05,bitmex_XBTUSD
1646323200,0.0001,binance_BTCUSDT
1646337600,0.0001,bitmex_XBTUSD
1646352000,0.0001,binance_BTCUSDT
1646366400,0.0001,bitmex_XBTUSD
1646380800,0.0001,binance_BTCUSDT
1646395200,0.0001,bitmex_XBTUSD
1646409600,0.0001,binance_BTCUSDT
1646424000,0.0001,bitmex_XBTUSD
1646438400,0.0001,binance_BTCUSDT
1646452800,0.0001,bitmex_XBTUSD
1646467200,0.0001,binance_BTCUSDT
1646481600,7.1e-05,bitmex_XBTUSD
1646496000,1.656e-05,binance_BTCUSDT
1646510400,-0.000105,bitmex_XBTUSD
1646524800,4.115e-05,binance_BTCUSDT
1646539200,-0.0002,bitmex_XBTUSD
1646553600,-9.6e-06,binance_BTCUSDT
1646568000,-0.000224,bitmex_XBTUSD
1646582400,1.957e-05,binance_BTCUSDT
1646596800,2e-05,bitmex_XBTUSD
1646611200,3.18e-06,binance_BTCUSDT
1646625600,0.0001,bitmex_XBTUSD
1646640000,-8.983e-05,binance_BTCUSDT
1646654400,0.0001,bitmex_XBTUSD
1646668800,-3.177e-05,binance_BTCUSDT
1646683200,0.0001,bitmex_XBTUSD
1646697600,3.378e-05,binance_BTCUSDT
1646712000,8.6e-05,bitmex_XBTUSD
1646726400,0.0001,binance_BTCUSDT
1646740800,-3.1e-05,bitmex_XBTUSD
1646755200,0.0001,binance_BTCUSDT
1646769600,4.9e-05,bitmex_XBTUSD
1646784000,6.776e-05,binance_BTCUSDT
1646798400,0.0001,bitmex_XBTUSD
1646812800,0.0001,binance_BTCUSDT
1646827200,-0.000101,bitmex_XBTUSD
1646841600,0.0001,binance_BTCUSDT
1646856000,0.0001,bitmex_XBTUSD
1646870400,0.0001,binance_BTCUSDT
1646884800,0.0001,bitmex_XBTUSD
1646899200,8.28e-05,binance_BTCUSDT
1646913600,0.0001,bitmex_XBTUSD
1646928000,-8.919e-05,binance_BTCUSDT
1646942400,-1e-05,bitmex_XBTUSD
1646956800,-9.808e-05,binance_BTCUSDT
1646971200,-0.000229,bitmex_XBTUSD
1646985600,-7.765e-05,binance_BTCUSDT
1647000000,-4.1e-05,bitmex_XBTUSD
1647014400,4.301e-05,binance_BTCUSDT
1647028800,-4.6e-05,bitmex_XBTUSD
1647043200,-3.07e-06,binance_BTCUSDT
1647057600,-6.4e-05,bitmex_XBTUSD
1647072000,3.168e-05,binance_BTCUSDT
1647086400,-0.000265,bitmex_XBTUSD
1647100800,-3.565e-05,binance_BTCUSDT
1647115200,-2.8e-05,bitmex_XBTUSD
1647129600,-5.855e-05,binance_BTCUSDT
1647144000,-0.000237,bitmex_XBTUSD
1647158400,6.13e-06,binance_BTCUSDT
1647172800,-0.000103,bitmex_XBTUSD
1647187200,-5.741e-05,binance_BTCUSDT
1647201600,8e-06,bitmex_XBTUSD
1647216000,-8.009e-05,binance_BTCUSDT
1647230400,-0.000189,bitmex_XBTUSD
1647244800,-6.699e-05,binance_BTCUSDT
1647259200,-9.2e-05,bitmex_XBTUSD
1647273600,2.708e-05,binance_BTCUSDT
1647288000,0.0001,bitmex_XBTUSD
1647302400,5.726e-05,binance_BTCUSDT
1647316800,0.0001,bitmex_XBTUSD
1647331200,4.476e-05,binance_BTCUSDT
1647345600,0.0001,bitmex_XBTUSD
1647360000,9.061e-05,binance_BTCUSDT
1647374400,-3e-05,bitmex_XBTUSD
1647388800,0.0001,binance_BTCUSDT
1647403200,6.8e-05,bitmex_XBTUSD
1647417600,5.871e-05,binance_BTCUSDT
1647432000,0.0001,bitmex_XBTUSD
1647446400,0.0001,binance_BTCUSDT
1647460800,-0.000135,bitmex_XBTUSD
1647475200,0.0001,binance_BTCUSDT
1647489600,6.7e-05,bitmex_XBTUSD
1647504000,0.0001,binance_BTCUSDT
1647518400,6.3e-05,bitmex_XBTUSD
1647532800,0.0001,binance_BTCUSDT
1647547200,-2.1e-05,bitmex_XBTUSD
1647561600,0.0001,binance_BTCUSDT
1647576000,-4.8e-05,bitmex_XBTUSD
1647590400,1.662e-05,binance_BTCUSDT
1647604800,-0.000143,bitmex_XBTUSD
1647619200,0.0001,binance_BTCUSDT
1647633600,1.2e-05,bitmex_XBTUSD
1647648000,0.0001,binance_BTCUSDT
1647662400,-8e-05,bitmex_XBTUSD
1647676800,0.0001,binance_BTCUSDT
1647691200,-0.000101,bitmex_XBTUSD
1647705600,0.0001,binance_BTCUSDT
1647720000,4.1e-05,bitmex_XBTUSD
1647734400,0.0001,binance_BTCUSDT
1647748800,-0.000139,bitmex_XBTUSD
1647763200,0.0001,binance_BTCUSDT
1647777600,-3.3e-05,bitmex_XBTUSD
1647792000,0.0001,binance_BTCUSDT
1647806400,0.0001,bitmex_XBTUSD
1647820800,0.0001,binance_BTCUSDT
1647835200,0.0001,bitmex_XBTUSD
1647849600,-9.54e-06,binance_BTCUSDT
1647864000,2.7e-05,bitmex_XBTUSD
1647878400,-9.3e-07,binance_BTCUSDT
1647892800,-0.000136,bitmex_XBTUSD
1647907200,0.0001,binance_BTCUSDT
1647921600,-0.000134,bitmex_XBTUSD
1647936000,0.0001,binance_BTCUSDT
1647950400,7.9e-05,bitmex_XBTUSD
1647964800,0.0001,binance_BTCUSDT
1647979200,4.6e-05,bitmex_XBTUSD
1647993600,0.0001,binance_BTCUSDT
1648008000,-6.4e-05,bitmex_XBTUSD
1648022400,0.0001,binance_BTCUSDT
1648036800,-6.8e-05,bitmex_XBTUSD
1648051200,7.014e-05,binance_BTCUSDT
1648065600,-6.7e-05,bitmex_XBTUSD
1648080000,1.664e-05,binance_BTCUSDT
1648094400,3.5e-05,bitmex_XBTUSD
1648108800,8e-06,binance_BTCUSDT
1648123200,-3.9e-05,bitmex_XBTUSD
1648137600,-9.07e-06,binance_BTCUSDT
1648152000,4.2e-05,bitmex_XBTUSD
1648166400,6.7e-06,binance_BTCUSDT
1648180800,0.0001,bitmex_XBTUSD
1648195200,9.286e-05,binance_BTCUSDT
1648209600,7.9e-05,bitmex_XBTUSD
1648224000,5.473e-05,binance_BTCUSDT
1648238400,4.3e-05,bitmex_XBTUSD
1648252800,9.739e-05,binance_BTCUSDT
1648267200,0.0001,bitmex_XBTUSD
1648281600,-7.111e-05,binance_BTCUSDT
1648296000,-2.1e-05,bitmex_XBTUSD
1648310400,0.0001,binance_BTCUSDT
1648324800,9.6e-05,bitmex_XBTUSD
1648339200,-8.253e-05,binance_BTCUSDT
1648353600,4.2e-05,bitmex_XBTUSD
1648368000,1.306e-05,binance_BTCUSDT
1648382400,6.6e-05,bitmex_XBTUSD
1648396800,0.0001,binance_BTCUSDT
1648411200,8.4e-05,bitmex_XBTUSD
1648425600,0.0001,binance_BTCUSDT
1648440000,0.0001,bitmex_XBTUSD
1648454400,0.0001,binance_BTCUSDT
1648468800,0.0001,bitmex_XBTUSD
1648483200,0.0001,binance_BTCUSDT
1648497600,0.0001,bitmex_XBTUSD
1648512000,0.0001,binance_BTCUSDT
1648526400,0.0001,bitmex_XBTUSD
1648540800,0.0001,binance_BTCUSDT
1648555200,0.0001,bitmex_XBTUSD
1648569600,9.594e-05,binance_BTCUSDT
1648584000,-0.000115,bitmex_XBTUSD
1648598400,0.0001,binance_BTCUSDT
1648612800,2.4e-05,bitmex_XBTUSD
1648627200,0.0001,binance_BTCUSDT
1648641600,0.0001,bitmex_XBTUSD
1648656000,0.0001,binance_BTCUSDT
1648670400,6.2e-05,bitmex_XBTUSD
1648684800,0.0001,binance_BTCUSDT
1648699200,0.0001,bitmex_XBTUSD
1648713600,0.0001,binance_BTCUSDT
1648728000,0.0001,bitmex_XBTUSD
1648742400,0.0001,binance_BTCUSDT
1648756800,-1.4e-05,bitmex_XBTUSD
1648771200,0.0001,binance_BTCUSDT
1648785600,0.0001,bitmex_XBTUSD
1648800000,7.626e-05,binance_BTCUSDT
1648814400,7.8e-05,bitmex_XBTUSD
1648828800,9.193e-05,binance_BTCUSDT
1648843200,-0.00021,bitmex_XBTUSD
1648857600,0.0001,binance_BTCUSDT
1648872000,6.9e-05,bitmex_XBTUSD
1648886400,0.0001,binance_BTCUSDT
1648900800,9.3e-05,bitmex_XBTUSD
1648915200,0.0001,binance_BTCUSDT
1648929600,0.0001,bitmex_XBTUSD
1648944000,0.0001,binance_BTCUSDT
1648958400,0.0001,bitmex_XBTUSD
1648972800,0.0001,binance_BTCUSDT
1648987200,0.0001,bitmex_XBTUSD
1649001600,0.0001,binance_BTCUSDT
1649016000,0.0001,bitmex_XBTUSD
1649030400,0.0001,binance_BTCUSDT
1649044800,0.0001,bitmex_XBTUSD
1649059200,0.0001,binance_BTCUSDT
1649073600,0.0001,bitmex_XBTUSD
1649088000,0.0001,binance_BTCUSDT
1649102400,0.0001,bitmex_XBTUSD
1649116800,0.0001,binance_BTCUSDT
1649131200,0.0001,bitmex_XBTUSD
1649145600,0.0001,binance_BTCUSDT
1649160000,0.0001,bitmex_XBTUSD
1649174400,0.0001,binance_BTCUSDT
1649188800,0.0001,bitmex_XBTUSD
1649203200,9.898e-05,binance_BTCUSDT
1649217600,0.0001,bitmex_XBTUSD
1649232000,0.0001,binance_BTCUSDT
1649246400,0.0001,bitmex_XBTUSD
1649260800,0.0001,binance_BTCUSDT
1649275200,5.2e-05,bitmex_XBTUSD
1649289600,0.0001,binance_BTCUSDT
1649304000,0.0001,bitmex_XBTUSD
1649318400,0.0001,binance_BTCUSDT
1649332800,0.0001,bitmex_XBTUSD
1649347200,2.421e-05,binance_BTCUSDT
1649361600,0.0001,bitmex_XBTUSD
1649376000,4.306e-05,binance_BTCUSDT
1649390400,0.0001,bitmex_XBTUSD
1649404800,0.0001,binance_BTCUSDT
1649419200,7e-06,bitmex_XBTUSD
1649433600,0.0001,binance_BTCUSDT
1649448000,9.4e-05,bitmex_XBTUSD
1649462400,0.0001,binance_BTCUSDT
1649476800,0.0001,bitmex_XBTUSD
1649491200,9.279e-05,binance_BTCUSDT
1649505600,-2.4e-05,bitmex_XBTUSD
1649520000,0.0001,binance_BTCUSDT
1649534400,-8e-05,bitmex_XBTUSD
1649548800,2.721e-05,binance_BTCUSDT
1649563200,2e-06,bitmex_XBTUSD
1649577600,6.231e-05,binance_BTCUSDT
1649592000,-6.1e-05,bitmex_XBTUSD
1649606400,0.0001,binance_BTCUSDT
1649620800,4e-05,bitmex_XBTUSD
1649635200,2.43e-06,binance_BTCUSDT
1649649600,2e-05,bitmex_XBTUSD
1649664000,0.0001,binance_BTCUSDT
1649678400,-2.3e-05,bitmex_XBTUSD
1649692800,0.0001,binance_BTCUSDT
1649707200,0.0001,bitmex_XBTUSD
1649721600,-6.795e-05,binance_BTCUSDT
1649736000,-2.6e-05,bitmex_XBTUSD
1649750400,-0.00010012,binance_BTCUSDT
1649764800,-0.000104,bitmex_XBTUSD
1649779200,-7.001e-05,binance_BTCUSDT
1649793600,-9e-05,bitmex_XBTUSD
1649808000,-1.692e-05,binance_BTCUSDT
1649822400,7e-05,bitmex_XBTUSD
1649836800,7.53e-06,binance_BTCUSDT
1649851200,0.0001,bitmex_XBTUSD
1649865600,-1.485e-05,binance_BTCUSDT
1649880000,3.5e-05,bitmex_XBTUSD
1649894400,5.018e-05,binance_BTCUSDT
1649908800,6e-06,bitmex_XBTUSD
1649923200,3.533e-05,binance_BTCUSDT
1649937600,-4.4e-05,bitmex_XBTUSD
1649952000,4.423e-05,binance_BTCUSDT
1649966400,-6.7e-05,bitmex_XBTUSD
1649980800,-0.00013233,binance_BTCUSDT
1649995200,0.0001,bitmex_XBTUSD
1650009600,-6.805e-05,binance_BTCUSDT
1650024000,1e-05,bitmex_XBTUSD
1650038400,7.697e-05,binance_BTCUSDT
1650052800,8.4e-05,bitmex_XBTUSD
1650067200,2.197e-05,binance_BTCUSDT
1650081600,-6e-06,bitmex_XBTUSD
1650096000,5.199e-05,binance_BTCUSDT
1650110400,3.8e-05,bitmex_XBTUSD
1650124800,6.201e-05,binance_BTCUSDT
1650139200,-5e-05,bitmex_XBTUSD
1650153600,7.2e-06,binance_BTCUSDT
1650168000,-5.5e-05,bitmex_XBTUSD
1650182400,9.838e-05,binance_BTCUSDT
1650196800,4.1e-05,bitmex_XBTUSD
1650211200,0.0001,binance_BTCUSDT
1650225600,-6e-06,bitmex_XBTUSD
1650240000,-3.231e-05,binance_BTCUSDT
1650254400,-0.000124,bitmex_XBTUSD
1650268800,-0.00017197,binance_BTCUSDT
1650283200,-3.9e-05,bitmex_XBTUSD
1650297600,-5.436e-05,binance_BTCUSDT
1650312000,-4.4e-05,bitmex_XBTUSD
1650326400,0.0001,binance_BTCUSDT
1650340800,7.4e-05,bitmex_XBTUSD
1650355200,6.251e-05,binance_BTCUSDT
1650369600,7.3e-05,bitmex_XBTUSD
1650384000,-5.028e-05,binance_BTCUSDT
1650398400,-0.000171,bitmex_XBTUSD
1650412800,9.45e-05,binance_BTCUSDT
1650427200,2e-05,bitmex_XBTUSD
1650441600,9.543e-05,binance_BTCUSDT
1650456000,-9e-05,bitmex_XBTUSD
1650470400,3.714e-05,binance_BTCUSDT
1650484800,-0.000214,bitmex_XBTUSD
1650499200,1.77e-06,binance_BTCUSDT
1650513600,0.0001,bitmex_XBTUSD
1650528000,-5.245e-05,binance_BTCUSDT
1650542400,-4.2e-05,bitmex_XBTUSD
1650556800,5.359e-05,binance_BTCUSDT
1650571200,4.5e-05,bitmex_XBTUSD
1650585600,3.026e-05,binance_BTCUSDT
1650600000,0.0001,bitmex_XBTUSD
1650614400,-0.00016984,binance_BTCUSDT
1650628800,-0.000172,bitmex_XBTUSD
1650643200,-4.15e-06,binance_BTCUSDT
1650657600,7e-05,bitmex_XBTUSD
1650672000,-9.023e-05,binance_BTCUSDT
1650686400,3.1e-05,bitmex_XBTUSD
1650700800,-7.562e-05,binance_BTCUSDT
1650715200,-7.6e-05,bitmex_XBTUSD
1650729600,-0.00011883,binance_BTCUSDT
1650744000,-0.00013,bitmex_XBTUSD
1650758400,-0.00018273,binance_BTCUSDT
1650772800,-0.00012,bitmex_XBTUSD
1650787200,-0.00015276,binance_BTCUSDT
1650801600,-1.2e-05,bitmex_XBTUSD
1650816000,-3.654e-05,binance_BTCUSDT
1650830400,-6.5e-05,bitmex_XBTUSD
1650844800,-8.908e-05,binance_BTCUSDT
1650859200,-1e-06,bitmex_XBTUSD
1650873600,-7.844e-05,binance_BTCUSDT
1650888000,3.1e-05,bitmex_XBTUSD
1650902400,7.223e-05,binance_BTCUSDT
1650916800,-2.1e-05,bitmex_XBTUSD
1650931200,0.0001,binance_BTCUSDT
1650945600,0.0001,bitmex_XBTUSD
1650960000,0.0001,binance_BTCUSDT
1650974400,3.7e-05,bitmex_XBTUSD
1650988800,0.0001,binance_BTCUSDT
1651003200,0.0001,bitmex_XBTUSD
1651017600,-0.0001264,binance_BTCUSDT
1651032000,4.8e-05,bitmex_XBTUSD
1651046400,-0.00011034,binance_BTCUSDT
1651060800,-0.000235,bitmex_XBTUSD
1651075200,1.968e-05,binance_BTCUSDT
1651089600,-3.3e-05,bitmex_XBTUSD
1651104000,-5.716e-05,binance_BTCUSDT
1651118400,0.0001,bitmex_XBTUSD
1651132800,-5.544e-05,binance_BTCUSDT
1651147200,-0.000204,bitmex_XBTUSD
1651161600,0.0001,binance_BTCUSDT
1651176000,-8.4e-05,bitmex_XBTUSD
1651190400,0.0001,binance_BTCUSDT
1651204800,0.0001,bitmex_XBTUSD
1651219200,0.0001,binance_BTCUSDT
1651233600,0.0001,bitmex_XBTUSD
1651248000,2.628e-05,binance_BTCUSDT
1651262400,0.0001,bitmex_XBTUSD
1651276800,-9.371e-05,binance_BTCUSDT
1651291200,0.0001,bitmex_XBTUSD
1651305600,4.536e-05,binance_BTCUSDT
1651320000,-6.8e-05,bitmex_XBTUSD
1651334400,5.926e-05,binance_BTCUSDT
1651348800,3.4e-05,bitmex_XBTUSD
1651363200,2.403e-05,binance_BTCUSDT
1651377600,4.2e-05,bitmex_XBTUSD
1651392000,9.5e-07,binance_BTCUSDT
1651406400,-0.000103,bitmex_XBTUSD
1651420800,0.0001,binance_BTCUSDT
1651435200,-3e-06,bitmex_XBTUSD
1651449600,0.0001,binance_BTCUSDT
1651464000,0.0001,bitmex_XBTUSD
1651478400,9e-05,binance_BTCUSDT
1651492800,-7.9e-05,bitmex_XBTUSD
1651507200,0.0001,binance_BTCUSDT
1651521600,0.0001,bitmex_XBTUSD
1651536000,0.0001,binance_BTCUSDT
1651550400,0.0001,bitmex_XBTUSD
1651564800,0.0001,binance_BTCUSDT
1651579200,0.0001,bitmex_XBTUSD
1651593600,0.0001,binance_BTCUSDT
1651608000,0.0001,bitmex_XBTUSD
1651622400,0.0001,binance_BTCUSDT
1651636800,0.0001,bitmex_XBTUSD
1651651200,2.504e-05,binance_BTCUSDT
1651665600,0.0001,bitmex_XBTUSD
1651680000,0.0001,binance_BTCUSDT
1651694400,0.0001,bitmex_XBTUSD
1651708800,0.0001,binance_BTCUSDT
1651723200,0.0001,bitmex_XBTUSD
1651737600,0.0001,binance_BTCUSDT
1651752000,0.0001,bitmex_XBTUSD
1651766400,0.0001,binance_BTCUSDT
1651780800,0.0001,bitmex_XBTUSD
1651795200,-0.0001346,binance_BTCUSDT
1651809600,-6.8e-05,bitmex_XBTUSD
1651824000,-5.734e-05,binance_BTCUSDT
1651838400,-0.00029,bitmex_XBTUSD
1651852800,4.197e-05,binance_BTCUSDT
1651867200,7.5e-05,bitmex_XBTUSD
1651881600,-5.273e-05,binance_BTCUSDT
1651896000,6.4e-05,bitmex_XBTUSD
1651910400,5.998e-05,binance_BTCUSDT
1651924800,6.8e-05,bitmex_XBTUSD
1651939200,7.13e-06,binance_BTCUSDT
1651953600,-1.7e-05,bitmex_XBTUSD
1651968000,-2.659e-05,binance_BTCUSDT
1651982400,-6.3e-05,bitmex_XBTUSD
1651996800,0.0001,binance_BTCUSDT
1652011200,-0.000333,bitmex_XBTUSD
1652025600,0.0001,binance_BTCUSDT
1652040000,-2.8e-05,bitmex_XBTUSD
1652054400,0.0001,binance_BTCUSDT
1652068800,-0.000127,bitmex_XBTUSD
1652083200,0.0001,binance_BTCUSDT
1652097600,-0.000175,bitmex_XBTUSD
1652112000,0.0001,binance_BTCUSDT
1652126400,2.5e-05,bitmex_XBTUSD
1652140800,0.0001,binance_BTCUSDT
1652155200,-0.000167,bitmex_XBTUSD
1652169600,0.0001,binance_BTCUSDT
1652184000,-0.000212,bitmex_XBTUSD
1652198400,0.0001,binance_BTCUSDT
1652212800,-0.000223,bitmex_XBTUSD
1652227200,7.58e-05,binance_BTCUSDT
1652241600,-5.7e-05,bitmex_XBTUSD
1652256000,6.939e-05,binance_BTCUSDT
1652270400,-8.9e-05,bitmex_XBTUSD
1652284800,-3.512e-05,binance_BTCUSDT
1652299200,-0.000264,bitmex_XBTUSD
1652313600,-0.00018773,binance_BTCUSDT
1652328000,1.4e-05,bitmex_XBTUSD
1652342400,-0.00041995,binance_BTCUSDT
1652356800,-8.1e-05,bitmex_XBTUSD
1652371200,-0.00014678,binance_BTCUSDT
1652385600,-0.001131,bitmex_XBTUSD
1652400000,-7.127e-05,binance_BTCUSDT
1652414400,-0.000203,bitmex_XBTUSD
1652428800,-6.05e-06,binance_BTCUSDT
1652443200,-0.000407,bitmex_XBTUSD
1652457600,6.045e-05,binance_BTCUSDT
1652472000,-0.000292,bitmex_XBTUSD
1652486400,0.0001,binance_BTCUSDT
1652500800,-4.8e-05,bitmex_XBTUSD
1652515200,0.0001,binance_BTCUSDT
1652529600,-8.6e-05,bitmex_XBTUSD
1652544000,0.0001,binance_BTCUSDT
1652558400,-0.00026,bitmex_XBTUSD
1652572800,8.29e-05,binance_BTCUSDT
1652587200,-0.000163,bitmex_XBTUSD
1652601600,0.0001,binance_BTCUSDT
1652616000,1.8e-05,bitmex_XBTUSD
1652630400,9.053e-05,binance_BTCUSDT
1652644800,-6.5e-05,bitmex_XBTUSD
1652659200,0.0001,binance_BTCUSDT
1652673600,-0.000174,bitmex_XBTUSD
1652688000,8.883e-05,binance_BTCUSDT
1652702400,-0.000166,bitmex_XBTUSD
1652716800,4.94e-05,binance_BTCUSDT
1652731200,-0.000228,bitmex_XBTUSD
1652745600,0.0001,binance_BTCUSDT
1652760000,-3e-05,bitmex_XBTUSD
1652774400,-7.1e-06,binance_BTCUSDT
1652788800,-6.2e-05,bitmex_XBTUSD
1652803200,4.705e-05,binance_BTCUSDT
1652817600,-6.1e-05,bitmex_XBTUSD
1652832000,-6.956e-05,binance_BTCUSDT
1652846400,-0.000511,bitmex_XBTUSD
1652860800,-5.753e-05,binance_BTCUSDT
1652875200,-0.000273,bitmex_XBTUSD
1652889600,2.893e-05,binance_BTCUSDT
1652904000,-0.000203,bitmex_XBTUSD
1652918400,-3.41e-06,binance_BTCUSDT
1652932800,-0.000125,bitmex_XBTUSD
1652947200,5.624e-05,binance_BTCUSDT
1652961600,-0.000322,bitmex_XBTUSD
1652976000,7.465e-05,binance_BTCUSDT
1652990400,-0.000177,bitmex_XBTUSD
1653004800,0.0001,binance_BTCUSDT
1653019200,-4e-06,bitmex_XBTUSD
1653033600,0.0001,binance_BTCUSDT
1653048000,0.0001,bitmex_XBTUSD
1653062400,0.0001,binance_BTCUSDT
1653076800,0.0001,bitmex_XBTUSD
1653091200,-2.02e-06,binance_BTCUSDT
1653105600,-0.00017,bitmex_XBTUSD
1653120000,-2.146e-05,binance_BTCUSDT
1653134400,0.0001,bitmex_XBTUSD
1653148800,2.549e-05,binance_BTCUSDT
1653163200,0.0001,bitmex_XBTUSD
1653177600,2.41e-05,binance_BTCUSDT
1653192000,0.0001,bitmex_XBTUSD
1653206400,-3.063e-05,binance_BTCUSDT
1653220800,-3.8e-05,bitmex_XBTUSD
1653235200,0.0001,binance_BTCUSDT
1653249600,8.8e-05,bitmex_XBTUSD
1653264000,0.0001,binance_BTCUSDT
1653278400,0,bitmex_XBTUSD
1653292800,0.0001,binance_BTCUSDT
1653307200,0.0001,bitmex_XBTUSD
1653321600,0.0001,binance_BTCUSDT
1653336000,4.3e-05,bitmex_XBTUSD
1653350400,-0.00012372,binance_BTCUSDT
1653364800,-8.7e-05,bitmex_XBTUSD
1653379200,-6.76e-06,binance_BTCUSDT
1653393600,-0.000366,bitmex_XBTUSD
1653408000,2.892e-05,binance_BTCUSDT
1653422400,-0.00019,bitmex_XBTUSD
1653436800,3.679e-05,binance_BTCUSDT
1653451200,-7.8e-05,bitmex_XBTUSD
1653465600,0.0001,binance_BTCUSDT
1653480000,5.6e-05,bitmex_XBTUSD
1653494400,0.0001,binance_BTCUSDT
1653508800,-2.4e-05,bitmex_XBTUSD
1653523200,7.516e-05,binance_BTCUSDT
1653537600,-5.5e-05,bitmex_XBTUSD
1653552000,0.0001,binance_BTCUSDT
1653566400,0.0001,bitmex_XBTUSD
1653580800,7.21e-06,binance_BTCUSDT
1653595200,-3.5e-05,bitmex_XBTUSD
1653609600,0.0001,binance_BTCUSDT
1653624000,-0.000243,bitmex_XBTUSD
1653638400,0.0001,binance_BTCUSDT
1653652800,-0.000158,bitmex_XBTUSD
1653667200,0.0001,binance_BTCUSDT
1653681600,-0.000152,bitmex_XBTUSD
1653696000,0.0001,binance_BTCUSDT
1653710400,-2.8e-05,bitmex_XBTUSD
1653724800,8.712e-05,binance_BTCUSDT
1653739200,-4e-05,bitmex_XBTUSD
1653753600,0.0001,binance_BTCUSDT
1653768000,-1.2e-05,bitmex_XBTUSD
1653782400,0.0001,binance_BTCUSDT
1653796800,5e-05,bitmex_XBTUSD
1653811200,0.0001,binance_BTCUSDT
1653825600,-4.3e-05,bitmex_XBTUSD
1653840000,0.0001,binance_BTCUSDT
1653854400,1.7e-05,bitmex_XBTUSD
1653868800,0.0001,binance_BTCUSDT
1653883200,1e-05,bitmex_XBTUSD
1653897600,0.0001,binance_BTCUSDT
1653912000,5.9e-05,bitmex_XBTUSD
1653926400,0.0001,binance_BTCUSDT
1653940800,9e-06,bitmex_XBTUSD
1653955200,0.0001,binance_BTCUSDT
1653969600,0.0001,bitmex_XBTUSD
1653984000,0.0001,binance_BTCUSDT
1653998400,0.0001,bitmex_XBTUSD
1654012800,0.0001,binance_BTCUSDT
1654027200,7e-06,bitmex_XBTUSD
1654041600,0.0001,binance_BTCUSDT
1654056000,-5.4e-05,bitmex_XBTUSD
1654070400,0.0001,binance_BTCUSDT
1654084800,1.3e-05,bitmex_XBTUSD
1654099200,0.0001,binance_BTCUSDT
1654113600,-5.7e-05,bitmex_XBTUSD
1654128000,-1.452e-05,binance_BTCUSDT
1654142400,-0.000197,bitmex_XBTUSD
1654156800,2.265e-05,binance_BTCUSDT
1654171200,-0.000156,bitmex_XBTUSD
1654185600,2.107e-05,binance_BTCUSDT
1654200000,-0.000268,bitmex_XBTUSD
1654214400,-3.378e-05,binance_BTCUSDT
1654228800,-0.000147,bitmex_XBTUSD
1654243200,-1.456e-05,binance_BTCUSDT
1654257600,-7.8e-05,bitmex_XBTUSD
1654272000,6.937e-05,binance_BTCUSDT
1654286400,-0.00012,bitmex_XBTUSD
1654300800,2.7e-06,binance_BTCUSDT
1654315200,-0.000148,bitmex_XBTUSD
1654329600,4.795e-05,binance_BTCUSDT
1654344000,-0.000144,bitmex_XBTUSD
1654358400,5.506e-05,binance_BTCUSDT
1654372800,-0.000214,bitmex_XBTUSD
1654387200,4.358e-05,binance_BTCUSDT
1654401600,-0.000359,bitmex_XBTUSD
1654416000,2.828e-05,binance_BTCUSDT
1654430400,-0.000332,bitmex_XBTUSD
1654444800,4.753e-05,binance_BTCUSDT
1654459200,-7.9e-05,bitmex_XBTUSD
1654473600,6.036e-05,binance_BTCUSDT
1654488000,-6.3e-05,bitmex_XBTUSD
1654502400,9.656e-05,binance_BTCUSDT
1654516800,-8.1e-05,bitmex_XBTUSD
1654531200,0.0001,binance_BTCUSDT
1654545600,-0.000119,bitmex_XBTUSD
1654560000,0.0001,binance_BTCUSDT
1654574400,6.1e-05,bitmex_XBTUSD
1654588800,-0.00010234,binance_BTCUSDT
1654603200,-0.000202,bitmex_XBTUSD
1654617600,-3.705e-05,binance_BTCUSDT
1654632000,-0.000238,bitmex_XBTUSD
1654646400,0.0001,binance_BTCUSDT
1654660800,7.4e-05,bitmex_XBTUSD
1654675200,0.0001,binance_BTCUSDT
1654689600,0.0001,bitmex_XBTUSD
1654704000,0.0001,binance_BTCUSDT
1654718400,-5.8e-05,bitmex_XBTUSD
1654732800,0.0001,binance_BTCUSDT
1654747200,0.0001,bitmex_XBTUSD
1654761600,9.106e-05,binance_BTCUSDT
1654776000,8e-06,bitmex_XBTUSD
1654790400,0.0001,binance_BTCUSDT
1654804800,8.1e-05,bitmex_XBTUSD
1654819200,0.0001,binance_BTCUSDT
1654833600,1.6e-05,bitmex_XBTUSD
1654848000,9.289e-05,binance_BTCUSDT
1654862400,-0.000184,bitmex_XBTUSD
1654876800,3.503e-05,binance_BTCUSDT
1654891200,-0.0001,bitmex_XBTUSD
1654905600,1.762e-05,binance_BTCUSDT
1654920000,0.0001,bitmex_XBTUSD
1654934400,3.79e-06,binance_BTCUSDT
1654948800,-1.7e-05,bitmex_XBTUSD
1654963200,6.606e-05,binance_BTCUSDT
1654977600,-0.000111,bitmex_XBTUSD
1654992000,0.0001,binance_BTCUSDT
1655006400,0.0001,bitmex_XBTUSD
1655020800,5.63e-06,binance_BTCUSDT
1655035200,-1.5e-05,bitmex_XBTUSD
1655049600,4.39e-06,binance_BTCUSDT
1655064000,-9.4e-05,bitmex_XBTUSD
1655078400,5.616e-05,binance_BTCUSDT
1655092800,-1.6e-05,bitmex_XBTUSD
1655107200,-3.182e-05,binance_BTCUSDT
1655121600,-0.000152,bitmex_XBTUSD
1655136000,-5.8e-06,binance_BTCUSDT
1655150400,5e-05,bitmex_XBTUSD
1655164800,4.088e-05,binance_BTCUSDT
1655179200,-0.00019,bitmex_XBTUSD
1655193600,-0.00010037,binance_BTCUSDT
1655208000,-0.000324,bitmex_XBTUSD
1655222400,-5.186e-05,binance_BTCUSDT
1655236800,1.6e-05,bitmex_XBTUSD
1655251200,-2.077e-05,binance_BTCUSDT
1655265600,-0.000287,bitmex_XBTUSD
1655280000,-7.24e-05,binance_BTCUSDT
1655294400,-5.6e-05,bitmex_XBTUSD
1655308800,-6.66e-06,binance_BTCUSDT
1655323200,-0.000261,bitmex_XBTUSD
1655337600,-4.114e-05,binance_BTCUSDT
1655352000,1.6e-05,bitmex_XBTUSD
1655366400,4.475e-05,binance_BTCUSDT
1655380800,-0.000139,bitmex_XBTUSD
1655395200,-5.277e-05,binance_BTCUSDT
1655409600,-0.000163,bitmex_XBTUSD
1655424000,-2.222e-05,binance_BTCUSDT
1655438400,-2.5e-05,bitmex_XBTUSD
1655452800,-9.486e-05,binance_BTCUSDT
1655467200,-0.00015,bitmex_XBTUSD
1655481600,5.092e-05,binance_BTCUSDT
1655496000,-0.000221,bitmex_XBTUSD
1655510400,7.356e-05,binance_BTCUSDT
1655524800,0.0001,bitmex_XBTUSD
1655539200,4.575e-05,binance_BTCUSDT
1655553600,0.0001,bitmex_XBTUSD
1655568000,5.227e-05,binance_BTCUSDT
1655582400,-0.000188,bitmex_XBTUSD
1655596800,4.243e-05,binance_BTCUSDT
1655611200,-0.000303,bitmex_XBTUSD
1655625600,-4.559e-05,binance_BTCUSDT
1655640000,0.0001,bitmex_XBTUSD
1655654400,7.239e-05,binance_BTCUSDT
1655668800,0.0001,bitmex_XBTUSD
1655683200,8.73e-06,binance_BTCUSDT
1655697600,0.0001,bitmex_XBTUSD
1655712000,-5.4e-06,binance_BTCUSDT
1655726400,-0.000142,bitmex_XBTUSD
1655740800,6.08e-05,binance_BTCUSDT
1655755200,-2.8e-05,bitmex_XBTUSD
1655769600,0.0001,binance_BTCUSDT
1655784000,0.0001,bitmex_XBTUSD
1655798400,4.967e-05,binance_BTCUSDT
1655812800,5.6e-05,bitmex_XBTUSD
1655827200,2.028e-05,binance_BTCUSDT
1655841600,-7.3e-05,bitmex_XBTUSD
1655856000,1.78e-06,binance_BTCUSDT
1655870400,-9.2e-05,bitmex_XBTUSD
1655884800,-2.982e-05,binance_BTCUSDT
1655899200,0.0001,bitmex_XBTUSD
1655913600,-1.64e-05,binance_BTCUSDT
1655928000,0.0001,bitmex_XBTUSD
1655942400,-8.72e-06,binance_BTCUSDT
1655956800,0.0001,bitmex_XBTUSD
1655971200,-1.577e-05,binance_BTCUSDT
1655985600,0.0001,bitmex_XBTUSD
1656000000,-2.656e-05,binance_BTCUSDT
1656014400,1.1e-05,bitmex_XBTUSD
1656028800,6.006e-05,binance_BTCUSDT
1656043200,-0.000125,bitmex_XBTUSD
1656057600,0.0001,binance_BTCUSDT
1656072000,0.0001,bitmex_XBTUSD
1656086400,0.0001,binance_BTCUSDT
1656100800,-8e-06,bitmex_XBTUSD
1656115200,2.621e-05,binance_BTCUSDT
1656129600,5.7e-05,bitmex_XBTUSD
1656144000,0.0001,binance_BTCUSDT
1656158400,-1.1e-05,bitmex_XBTUSD
1656172800,0.0001,binance_BTCUSDT
1656187200,2e-05,bitmex_XBTUSD
1656201600,0.0001,binance_BTCUSDT
1656216000,2.8e-05,bitmex_XBTUSD
1656230400,0.0001,binance_BTCUSDT
1656244800,0.0001,bitmex_XBTUSD
1656259200,6.69e-06,binance_BTCUSDT
1656273600,4.7e-05,bitmex_XBTUSD
1656288000,7.82e-05,binance_BTCUSDT
1656302400,-8.4e-05,bitmex_XBTUSD
1656316800,3.533e-05,binance_BTCUSDT
1656331200,7.2e-05,bitmex_XBTUSD
1656345600,6.102e-05,binance_BTCUSDT
1656360000,0.0001,bitmex_XBTUSD
1656374400,-2.586e-05,binance_BTCUSDT
1656388800,-0.000118,bitmex_XBTUSD
1656403200,-5.613e-05,binance_BTCUSDT
1656417600,-4.5e-05,bitmex_XBTUSD
1656432000,2.435e-05,binance_BTCUSDT
1656446400,0.0001,bitmex_XBTUSD
1656460800,4.188e-05,binance_BTCUSDT
1656475200,-1e-06,bitmex_XBTUSD
1656489600,8.335e-05,binance_BTCUSDT
1656504000,-5.8e-05,bitmex_XBTUSD
1656518400,5.319e-05,binance_BTCUSDT
1656532800,-7.1e-05,bitmex_XBTUSD
1656547200,3.24e-06,binance_BTCUSDT
1656561600,-0.000152,bitmex_XBTUSD
1656576000,-5.159e-05,binance_BTCUSDT
1656590400,-0.000106,bitmex_XBTUSD
1656604800,-0.00015879,binance_BTCUSDT
1656619200,-0.000273,bitmex_XBTUSD
1656633600,-8.786e-05,binance_BTCUSDT
1656648000,-3.6e-05,bitmex_XBTUSD
1656662400,3.106e-05,binance_BTCUSDT
1656676800,3.3e-05,bitmex_XBTUSD
1656691200,-8.061e-05,binance_BTCUSDT
1656705600,0.0001,bitmex_XBTUSD
1656720000,-2.913e-05,binance_BTCUSDT
1656734400,-0.000296,bitmex_XBTUSD
1656748800,5.218e-05,binance_BTCUSDT
1656763200,0.0001,bitmex_XBTUSD
1656777600,2.12e-05,binance_BTCUSDT
1656792000,7.8e-05,bitmex_XBTUSD
1656806400,3.57e-05,binance_BTCUSDT
1656820800,-1.2e-05,bitmex_XBTUSD
1656835200,4.779e-05,binance_BTCUSDT
1656849600,0.0001,bitmex_XBTUSD
1656864000,7.251e-05,binance_BTCUSDT
1656878400,0.0001,bitmex_XBTUSD
1656892800,7.792e-05,binance_BTCUSDT
1656907200,0.0001,bitmex_XBTUSD
1656921600,4.63e-05,binance_BTCUSDT
1656936000,-2.2e-05,bitmex_XBTUSD
1656950400,2.248e-05,binance_BTCUSDT
1656964800,4.6e-05,bitmex_XBTUSD
1656979200,5.291e-05,binance_BTCUSDT
1656993600,9.5e-05,bitmex_XBTUSD
1657008000,0.0001,binance_BTCUSDT
1657022400,-2.7e-05,bitmex_XBTUSD
1657036800,1.2e-06,binance_BTCUSDT
1657051200,-4e-06,bitmex_XBTUSD
1657065600,0.0001,binance_BTCUSDT
1657080000,7e-06,bitmex_XBTUSD
1657094400,0.0001,binance_BTCUSDT
1657108800,0.0001,bitmex_XBTUSD
1657123200,8.373e-05,binance_BTCUSDT
1657137600,3.7e-05,bitmex_XBTUSD
1657152000,5.274e-05,binance_BTCUSDT
1657166400,8.2e-05,bitmex_XBTUSD
1657180800,0.0001,binance_BTCUSDT
1657195200,9.9e-05,bitmex_XBTUSD
1657209600,0.0001,binance_BTCUSDT
1657224000,-1.9e-05,bitmex_XBTUSD
1657238400,2.12e-06,binance_BTCUSDT
1657252800,2.8e-05,bitmex_XBTUSD
1657267200,0.0001,binance_BTCUSDT
1657281600,0.0001,bitmex_XBTUSD
1657296000,0.0001,binance_BTCUSDT
1657310400,-1.1e-05,bitmex_XBTUSD
1657324800,0.0001,binance_BTCUSDT
1657339200,-9.9e-05,bitmex_XBTUSD
1657353600,0.0001,binance_BTCUSDT
1657368000,-0.000111,bitmex_XBTUSD
1657382400,6.143e-05,binance_BTCUSDT
1657396800,2.4e-05,bitmex_XBTUSD
1657411200,9.962e-05,binance_BTCUSDT
1657425600,-2e-06,bitmex_XBTUSD
1657440000,0.0001,binance_BTCUSDT
1657454400,-1e-06,bitmex_XBTUSD
1657468800,0.0001,binance_BTCUSDT
1657483200,-6.4e-05,bitmex_XBTUSD
1657497600,4.543e-05,binance_BTCUSDT
1657512000,-0.000194,bitmex_XBTUSD
1657526400,7.236e-05,binance_BTCUSDT
1657540800,-6.3e-05,bitmex_XBTUSD
1657555200,8.5e-05,binance_BTCUSDT
1657569600,0.0001,bitmex_XBTUSD
1657584000,8.003e-05,binance_BTCUSDT
1657598400,0.0001,bitmex_XBTUSD
1657612800,6.433e-05,binance_BTCUSDT
1657627200,0.0001,bitmex_XBTUSD
1657641600,2.667e-05,binance_BTCUSDT
1657656000,0.0001,bitmex_XBTUSD
1657670400,-1.204e-05,binance_BTCUSDT
1657684800,0.0001,bitmex_XBTUSD
1657699200,6.17e-06,binance_BTCUSDT
1657713600,9.2e-05,bitmex_XBTUSD
1657728000,-1.218e-05,binance_BTCUSDT
1657742400,0.0001,bitmex_XBTUSD
1657756800,5.7e-07,binance_BTCUSDT
1657771200,-3e-06,bitmex_XBTUSD
1657785600,0.0001,binance_BTCUSDT
1657800000,-2.7e-05,bitmex_XBTUSD
1657814400,3.451e-05,binance_BTCUSDT
1657828800,8.7e-05,bitmex_XBTUSD
1657843200,9.257e-05,binance_BTCUSDT
1657857600,6e-06,bitmex_XBTUSD
1657872000,1.401e-05,binance_BTCUSDT
1657886400,-1e-05,bitmex_XBTUSD
1657900800,1.601e-05,binance_BTCUSDT
1657915200,-0.000111,bitmex_XBTUSD
1657929600,6.055e-05,binance_BTCUSDT
1657944000,-4e-05,bitmex_XBTUSD
1657958400,7.996e-05,binance_BTCUSDT
1657972800,-1e-06,bitmex_XBTUSD
1657987200,8e-06,binance_BTCUSDT
1658001600,7.6e-05,bitmex_XBTUSD
1658016000,8.038e-05,binance_BTCUSDT
1658030400,6e-06,bitmex_XBTUSD
1658044800,0.0001,binance_BTCUSDT
1658059200,1.5e-05,bitmex_XBTUSD
1658073600,8.709e-05,binance_BTCUSDT
1658088000,0.0001,bitmex_XBTUSD
1658102400,0.0001,binance_BTCUSDT
1658116800,0.0001,bitmex_XBTUSD
1658131200,0.0001,binance_BTCUSDT
1658145600,0.0001,bitmex_XBTUSD
1658160000,0.0001,binance_BTCUSDT
1658174400,0.0001,bitmex_XBTUSD
1658188800,0.0001,binance_BTCUSDT
1658203200,5.9e-05,bitmex_XBTUSD
1658217600,0.0001,binance_BTCUSDT
1658232000,7.1e-05,bitmex_XBTUSD
1658246400,0.0001,binance_BTCUSDT
1658260800,7.7e-05,bitmex_XBTUSD
1658275200,0.0001,binance_BTCUSDT
1658289600,0.0001,bitmex_XBTUSD
1658304000,0.0001,binance_BTCUSDT
1658318400,0.0001,bitmex_XBTUSD
1658332800,8.118e-05,binance_BTCUSDT
1658347200,0.0001,bitmex_XBTUSD
1658361600,0.0001,binance_BTCUSDT
1658376000,1.6e-05,bitmex_XBTUSD
1658390400,0.0001,binance_BTCUSDT
1658404800,0.0001,bitmex_XBTUSD
1658419200,0.0001,binance_BTCUSDT
1658433600,0.0001,bitmex_XBTUSD
1658448000,0.0001,binance_BTCUSDT
1658462400,0.0001,bitmex_XBTUSD
1658476800,0.0001,binance_BTCUSDT
1658491200,0.0001,bitmex_XBTUSD
1658505600,5.172e-05,binance_BTCUSDT
1658520000,0.0001,bitmex_XBTUSD
1658534400,9.043e-05,binance_BTCUSDT
1658548800,1.8e-05,bitmex_XBTUSD
1658563200,1.021e-05,binance_BTCUSDT
1658577600,1.4e-05,bitmex_XBTUSD
1658592000,0.0001,binance_BTCUSDT
1658606400,0.0001,bitmex_XBTUSD
1658620800,3.77e-05,binance_BTCUSDT
1658635200,0.0001,bitmex_XBTUSD
1658649600,0.0001,binance_BTCUSDT
1658664000,9.5e-05,bitmex_XBTUSD
1658678400,8.293e-05,binance_BTCUSDT
1658692800,1.5e-05,bitmex_XBTUSD
1658707200,0.0001,binance_BTCUSDT
1658721600,0.0001,bitmex_XBTUSD
1658736000,1.238e-05,binance_BTCUSDT
1658750400,0.0001,bitmex_XBTUSD
1658764800,2.319e-05,binance_BTCUSDT
1658779200,-8e-06,bitmex_XBTUSD
1658793600,0.0001,binance_BTCUSDT
1658808000,-3.1e-05,bitmex_XBTUSD
1658822400,3.654e-05,binance_BTCUSDT
1658836800,-7.6e-05,bitmex_XBTUSD
1658851200,8.659e-05,binance_BTCUSDT
1658865600,-7e-05,bitmex_XBTUSD
1658880000,4.591e-05,binance_BTCUSDT
1658894400,8.5e-05,bitmex_XBTUSD
1658908800,5.085e-05,binance_BTCUSDT
1658923200,-2.6e-05,bitmex_XBTUSD
1658937600,2.951e-05,binance_BTCUSDT
1658952000,-0.000212,bitmex_XBTUSD
1658966400,9.229e-05,binance_BTCUSDT
1658980800,-1.7e-05,bitmex_XBTUSD
1658995200,0.0001,binance_BTCUSDT
1659009600,0.0001,bitmex_XBTUSD
1659024000,0.0001,binance_BTCUSDT
1659038400,0.0001,bitmex_XBTUSD
1659052800,0.0001,binance_BTCUSDT
1659067200,0.0001,bitmex_XBTUSD
1659081600,0.0001,binance_BTCUSDT
1659096000,0.0001,bitmex_XBTUSD
1659110400,0.0001,binance_BTCUSDT
1659124800,0.0001,bitmex_XBTUSD
1659139200,0.0001,binance_BTCUSDT
1659153600,0.0001,bitmex_XBTUSD
1659168000,0.0001,binance_BTCUSDT
1659182400,4.8e-05,bitmex_XBTUSD
1659196800,0.0001,binance_BTCUSDT
1659211200,3.4e-05,bitmex_XBTUSD
1659225600,0.0001,binance_BTCUSDT
1659240000,1.5e-05,bitmex_XBTUSD
1659254400,0.0001,binance_BTCUSDT
1659268800,0.0001,bitmex_XBTUSD
1659283200,6.281e-05,binance_BTCUSDT
1659297600,0.0001,bitmex_XBTUSD
1659312000,0.0001,binance_BTCUSDT
1659326400,0.0001,bitmex_XBTUSD
1659340800,0.0001,binance_BTCUSDT
1659355200,3e-05,bitmex_XBTUSD
1659369600,6.449e-05,binance_BTCUSDT
1659384000,0.0001,bitmex_XBTUSD
1659398400,0.0001,binance_BTCUSDT
1659412800,0.0001,bitmex_XBTUSD
1659427200,9.733e-05,binance_BTCUSDT
1659441600,0.0001,bitmex_XBTUSD
1659456000,5.885e-05,binance_BTCUSDT
1659470400,3.2e-05,bitmex_XBTUSD
1659484800,3.28e-06,binance_BTCUSDT
1659499200,4e-06,bitmex_XBTUSD
1659513600,-3.96e-05,binance_BTCUSDT
1659528000,5.1e-05,bitmex_XBTUSD
1659542400,4.382e-05,binance_BTCUSDT
1659556800,0.0001,bitmex_XBTUSD
1659571200,-1.91e-06,binance_BTCUSDT
1659585600,0.0001,bitmex_XBTUSD
1659600000,1.778e-05,binance_BTCUSDT
1659614400,6.6e-05,bitmex_XBTUSD
1659628800,1.436e-05,binance_BTCUSDT
1659643200,3.5e-05,bitmex_XBTUSD
1659657600,1.692e-05,binance_BTCUSDT
1659672000,-7.2e-05,bitmex_XBTUSD
1659686400,6.774e-05,binance_BTCUSDT
1659700800,2.1e-05,bitmex_XBTUSD
1659715200,2.115e-05,binance_BTCUSDT
1659729600,0.0001,bitmex_XBTUSD
1659744000,6.888e-05,binance_BTCUSDT
1659758400,4e-05,bitmex_XBTUSD
1659772800,8.589e-05,binance_BTCUSDT
1659787200,0.0001,bitmex_XBTUSD
1659801600,0.0001,binance_BTCUSDT
1659816000,0.0001,bitmex_XBTUSD
1659830400,0.0001,binance_BTCUSDT
1659844800,3.2e-05,bitmex_XBTUSD
1659859200,-7.37e-06,binance_BTCUSDT
1659873600,4.1e-05,bitmex_XBTUSD
1659888000,2.401e-05,binance_BTCUSDT
1659902400,4e-05,bitmex_XBTUSD
1659916800,0.0001,binance_BTCUSDT
1659931200,5.4e-05,bitmex_XBTUSD
1659945600,2.79e-05,binance_BTCUSDT
1659960000,5.3e-05,bitmex_XBTUSD
1659974400,0.0001,binance_BTCUSDT
1659988800,0.0001,bitmex_XBTUSD
1660003200,0.0001,binance_BTCUSDT
1660017600,0.0001,bitmex_XBTUSD
1660032000,7.92e-05,binance_BTCUSDT
1660046400,0.0001,bitmex_XBTUSD
1660060800,0.0001,binance_BTCUSDT
1660075200,-4e-06,bitmex_XBTUSD
1660089600,-1.314e-05,binance_BTCUSDT
1660104000,-2e-05,bitmex_XBTUSD
1660118400,5.81e-06,binance_BTCUSDT
1660132800,-7.7e-05,bitmex_XBTUSD
1660147200,9.44e-05,binance_BTCUSDT
1660161600,0.0001,bitmex_XBTUSD
1660176000,7.206e-05,binance_BTCUSDT
1660190400,0.0001,bitmex_XBTUSD
1660204800,0.0001,binance_BTCUSDT
1660219200,0.0001,bitmex_XBTUSD
1660233600,4.911e-05,binance_BTCUSDT
1660248000,0.0001,bitmex_XBTUSD
1660262400,9.024e-05,binance_BTCUSDT
1660276800,0.0001,bitmex_XBTUSD
1660291200,1.412e-05,binance_BTCUSDT
1660305600,0.0001,bitmex_XBTUSD
1660320000,-3.384e-05,binance_BTCUSDT
1660334400,2.5e-05,bitmex_XBTUSD
1660348800,-3.559e-05,binance_BTCUSDT
1660363200,3.9e-05,bitmex_XBTUSD
1660377600,8.455e-05,binance_BTCUSDT
1660392000,0.0001,bitmex_XBTUSD
1660406400,2.154e-05,binance_BTCUSDT
1660420800,0.0001,bitmex_XBTUSD
1660435200,2.396e-05,binance_BTCUSDT
1660449600,1e-05,bitmex_XBTUSD
1660464000,-3.33e-06,binance_BTCUSDT
1660478400,0.0001,bitmex_XBTUSD
1660492800,1.239e-05,binance_BTCUSDT
1660507200,1e-06,bitmex_XBTUSD
1660521600,-3.766e-05,binance_BTCUSDT
1660536000,-2.4e-05,bitmex_XBTUSD
1660550400,1.077e-05,binance_BTCUSDT
1660564800,3.7e-05,bitmex_XBTUSD
1660579200,-1.339e-05,binance_BTCUSDT
1660593600,2.6e-05,bitmex_XBTUSD
1660608000,3.243e-05,binance_BTCUSDT
1660622400,7e-06,bitmex_XBTUSD
1660636800,1.56e-06,binance_BTCUSDT
1660651200,6.2e-05,bitmex_XBTUSD
1660665600,2.87e-05,binance_BTCUSDT
1660680000,0.0001,bitmex_XBTUSD
1660694400,4.66e-06,binance_BTCUSDT
1660708800,2.4e-05,bitmex_XBTUSD
1660723200,2.62e-06,binance_BTCUSDT
1660737600,-3.3e-05,bitmex_XBTUSD
1660752000,9.364e-05,binance_BTCUSDT
1660766400,-6.5e-05,bitmex_XBTUSD
1660780800,8.391e-05,binance_BTCUSDT
1660795200,2.2e-05,bitmex_XBTUSD
1660809600,0.0001,binance_BTCUSDT
1660824000,-0.000147,bitmex_XBTUSD
1660838400,7.171e-05,binance_BTCUSDT
1660852800,3.1e-05,bitmex_XBTUSD
1660867200,0.0001,binance_BTCUSDT
1660881600,9e-06,bitmex_XBTUSD
1660896000,2.108e-05,binance_BTCUSDT
1660910400,-0.000149,bitmex_XBTUSD
1660924800,-6.746e-05,binance_BTCUSDT
1660939200,-0.000196,bitmex_XBTUSD
1660953600,1.07e-05,binance_BTCUSDT
1660968000,-8.1e-05,bitmex_XBTUSD
1660982400,-6.722e-05,binance_BTCUSDT
1660996800,-0.000113,bitmex_XBTUSD
1661011200,-4.567e-05,binance_BTCUSDT
1661025600,-0.000284,bitmex_XBTUSD
1661040000,-1.957e-05,binance_BTCUSDT
1661054400,-0.000177,bitmex_XBTUSD
1661068800,-3.589e-05,binance_BTCUSDT
1661083200,-0.000174,bitmex_XBTUSD
1661097600,-3.234e-05,binance_BTCUSDT
1661112000,-9e-05,bitmex_XBTUSD
1661126400,-8.092e-05,binance_BTCUSDT
1661140800,-0.000171,bitmex_XBTUSD
1661155200,-3.215e-05,binance_BTCUSDT
1661169600,3.7e-05,bitmex_XBTUSD
1661184000,4.021e-05,binance_BTCUSDT
1661198400,1.7e-05,bitmex_XBTUSD
1661212800,-3.345e-05,binance_BTCUSDT
1661227200,4.6e-05,bitmex_XBTUSD
1661241600,-4.031e-05,binance_BTCUSDT
1661256000,7.8e-05,bitmex_XBTUSD
1661270400,8.46e-06,binance_BTCUSDT
1661284800,-4.4e-05,bitmex_XBTUSD
1661299200,2.509e-05,binance_BTCUSDT
1661313600,-3.8e-05,bitmex_XBTUSD
1661328000,-4.353e-05,binance_BTCUSDT
1661342400,1.1e-05,bitmex_XBTUSD
1661356800,-3.538e-05,binance_BTCUSDT
1661371200,-0.000136,bitmex_XBTUSD
1661385600,1.28e-06,binance_BTCUSDT
1661400000,-4.1e-05,bitmex_XBTUSD
1661414400,1.547e-05,binance_BTCUSDT
1661428800,-9.9e-05,bitmex_XBTUSD
1661443200,4.481e-05,binance_BTCUSDT
1661457600,-4.7e-05,bitmex_XBTUSD
1661472000,-1.707e-05,binance_BTCUSDT
1661486400,7e-06,bitmex_XBTUSD
1661500800,3.207e-05,binance_BTCUSDT
1661515200,-6.7e-05,bitmex_XBTUSD
1661529600,2.599e-05,binance_BTCUSDT
1661544000,1e-06,bitmex_XBTUSD
1661558400,-2.808e-05,binance_BTCUSDT
1661572800,-0.00023,bitmex_XBTUSD
1661587200,-6.29e-05,binance_BTCUSDT
1661601600,-0.00016,bitmex_XBTUSD
1661616000,-4.396e-05,binance_BTCUSDT
1661630400,-0.000238,bitmex_XBTUSD
1661644800,-1.396e-05,binance_BTCUSDT
1661659200,-0.000231,bitmex_XBTUSD
1661673600,-8.758e-05,binance_BTCUSDT
1661688000,-0.000377,bitmex_XBTUSD
1661702400,-2.443e-05,binance_BTCUSDT
1661716800,-0.000188,bitmex_XBTUSD
1661731200,-0.00013623,binance_BTCUSDT
1661745600,-0.000199,bitmex_XBTUSD
1661760000,-0.00010056,binance_BTCUSDT
1661774400,-0.000132,bitmex_XBTUSD
1661788800,-6.193e-05,binance_BTCUSDT
1661803200,-0.000145,bitmex_XBTUSD
1661817600,1.123e-05,binance_BTCUSDT
1661832000,-0.000209,bitmex_XBTUSD
1661846400,-3.356e-05,binance_BTCUSDT
1661860800,-0.000271,bitmex_XBTUSD
1661875200,-5.903e-05,binance_BTCUSDT
1661889600,-0.000267,bitmex_XBTUSD
1661904000,-2.089e-05,binance_BTCUSDT
1661918400,1e-06,bitmex_XBTUSD
1661932800,5.779e-05,binance_BTCUSDT
1661947200,-6.6e-05,bitmex_XBTUSD
1661961600,4.95e-05,binance_BTCUSDT
1661976000,-0.000145,bitmex_XBTUSD
1661990400,9.39e-05,binance_BTCUSDT
1662004800,7.2e-05,bitmex_XBTUSD
1662019200,2.266e-05,binance_BTCUSDT
1662033600,-1.4e-05,bitmex_XBTUSD
1662048000,3.63e-05,binance_BTCUSDT
1662062400,-0.000104,bitmex_XBTUSD
1662076800,2.498e-05,binance_BTCUSDT
1662091200,-1.8e-05,bitmex_XBTUSD
1662105600,4.905e-05,binance_BTCUSDT
1662120000,-5e-06,bitmex_XBTUSD
1662134400,4.443e-05,binance_BTCUSDT
1662148800,-6.7e-05,bitmex_XBTUSD
1662163200,-1.99e-06,binance_BTCUSDT
1662177600,-2.9e-05,bitmex_XBTUSD
1662192000,9.442e-05,binance_BTCUSDT
1662206400,2.3e-05,bitmex_XBTUSD
1662220800,1.115e-05,binance_BTCUSDT
1662235200,-8.3e-05,bitmex_XBTUSD
1662249600,5.88e-06,binance_BTCUSDT
1662264000,-0.000121,bitmex_XBTUSD
1662278400,5.463e-05,binance_BTCUSDT
1662292800,-0.000185,bitmex_XBTUSD
1662307200,2.119e-05,binance_BTCUSDT
1662321600,-2.3e-05,bitmex_XBTUSD
1662336000,8.292e-05,binance_BTCUSDT
1662350400,-8.5e-05,bitmex_XBTUSD
1662364800,-7.37e-06,binance_BTCUSDT
1662379200,-0.000285,bitmex_XBTUSD
1662393600,4.712e-05,binance_BTCUSDT
1662408000,-1.4e-05,bitmex_XBTUSD
1662422400,-2.45e-06,binance_BTCUSDT
1662436800,-0.000276,bitmex_XBTUSD
1662451200,3.43e-06,binance_BTCUSDT
1662465600,-2.9e-05,bitmex_XBTUSD
1662480000,3.473e-05,binance_BTCUSDT
1662494400,5.7e-05,bitmex_XBTUSD
1662508800,-8.601e-05,binance_BTCUSDT
1662523200,9e-06,bitmex_XBTUSD
1662537600,2.729e-05,binance_BTCUSDT
1662552000,-0.000215,bitmex_XBTUSD
1662566400,-3.48e-05,binance_BTCUSDT
1662580800,1.6e-05,bitmex_XBTUSD
1662595200,6.2e-06,binance_BTCUSDT
1662609600,-6e-05,bitmex_XBTUSD
1662624000,3.327e-05,binance_BTCUSDT
1662638400,-5e-06,bitmex_XBTUSD
1662652800,5.667e-05,binance_BTCUSDT
1662667200,9e-05,bitmex_XBTUSD
1662681600,1.312e-05,binance_BTCUSDT
1662696000,-9.6e-05,bitmex_XBTUSD
1662710400,0.0001,binance_BTCUSDT
1662724800,9.8e-05,bitmex_XBTUSD
1662739200,0.0001,binance_BTCUSDT
1662753600,-5e-06,bitmex_XBTUSD
1662768000,0.0001,binance_BTCUSDT
1662782400,-7.9e-05,bitmex_XBTUSD
1662796800,9.764e-05,binance_BTCUSDT
1662811200,0.0001,bitmex_XBTUSD
1662825600,0.0001,binance_BTCUSDT
1662840000,0.0001,bitmex_XBTUSD
1662854400,7.115e-05,binance_BTCUSDT
1662868800,-2.9e-05,bitmex_XBTUSD
1662883200,0.0001,binance_BTCUSDT
1662897600,-0.000153,bitmex_XBTUSD
1662912000,6.712e-05,binance_BTCUSDT
1662926400,-7e-06,bitmex_XBTUSD
1662940800,0.0001,binance_BTCUSDT
1662955200,-5.6e-05,bitmex_XBTUSD
1662969600,8.246e-05,binance_BTCUSDT
1662984000,-3.4e-05,bitmex_XBTUSD
1662998400,0.0001,binance_BTCUSDT
1663012800,2.2e-05,bitmex_XBTUSD
1663027200,9.965e-05,binance_BTCUSDT
1663041600,-0.000158,bitmex_XBTUSD
1663056000,0.0001,binance_BTCUSDT
1663070400,-3.9e-05,bitmex_XBTUSD
1663084800,0.0001,binance_BTCUSDT
1663099200,0.0001,bitmex_XBTUSD
1663113600,-3.953e-05,binance_BTCUSDT
1663128000,2.1e-05,bitmex_XBTUSD
1663142400,7.27e-06,binance_BTCUSDT
1663156800,-0.000102,bitmex_XBTUSD
1663171200,1.004e-05,binance_BTCUSDT
1663185600,-2.2e-05,bitmex_XBTUSD
1663200000,3.24e-06,binance_BTCUSDT
1663214400,-8.4e-05,bitmex_XBTUSD
1663228800,0.0001,binance_BTCUSDT
1663243200,-0.000223,bitmex_XBTUSD
1663257600,8.13e-06,binance_BTCUSDT
1663272000,-3.2e-05,bitmex_XBTUSD
1663286400,8.055e-05,binance_BTCUSDT
1663300800,-0.00023,bitmex_XBTUSD
1663315200,4.349e-05,binance_BTCUSDT
1663329600,-0.000133,bitmex_XBTUSD
1663344000,2.919e-05,binance_BTCUSDT
1663358400,4.1e-05,bitmex_XBTUSD
1663372800,3.024e-05,binance_BTCUSDT
1663387200,5.2e-05,bitmex_XBTUSD
1663401600,4.336e-05,binance_BTCUSDT
1663416000,-0.0002,bitmex_XBTUSD
1663430400,1.467e-05,binance_BTCUSDT
1663444800,-6.3e-05,bitmex_XBTUSD
1663459200,6.428e-05,binance_BTCUSDT
1663473600,-0.00017,bitmex_XBTUSD
1663488000,7.82e-05,binance_BTCUSDT
1663502400,-0.000138,bitmex_XBTUSD
1663516800,3.564e-05,binance_BTCUSDT
1663531200,4.1e-05,bitmex_XBTUSD
1663545600,3.581e-05,binance_BTCUSDT
1663560000,5.4e-05,bitmex_XBTUSD
1663574400,-9.289e-05,binance_BTCUSDT
1663588800,-0.000124,bitmex_XBTUSD
1663603200,6e-06,binance_BTCUSDT
1663617600,-0.000356,bitmex_XBTUSD
1663632000,7.813e-05,binance_BTCUSDT
1663646400,-0.000133,bitmex_XBTUSD
1663660800,5.855e-05,binance_BTCUSDT
1663675200,-5.4e-05,bitmex_XBTUSD
1663689600,1.721e-05,binance_BTCUSDT
1663704000,-2.8e-05,bitmex_XBTUSD
1663718400,5.185e-05,binance_BTCUSDT
1663732800,-8e-06,bitmex_XBTUSD
1663747200,1.478e-05,binance_BTCUSDT
1663761600,1.1e-05,bitmex_XBTUSD
1663776000,2.732e-05,binance_BTCUSDT
1663790400,-2.7e-05,bitmex_XBTUSD
1663804800,-0.00011779,binance_BTCUSDT
1663819200,2.8e-05,bitmex_XBTUSD
1663833600,-6.911e-05,binance_BTCUSDT
1663848000,-0.000182,bitmex_XBTUSD
1663862400,7.743e-05,binance_BTCUSDT
1663876800,-0.000124,bitmex_XBTUSD
1663891200,7.261e-05,binance_BTCUSDT
1663905600,9.3e-05,bitmex_XBTUSD
1663920000,2.959e-05,binance_BTCUSDT
1663934400,-6.8e-05,bitmex_XBTUSD
1663948800,-5.008e-05,binance_BTCUSDT
1663963200,-4.3e-05,bitmex_XBTUSD
1663977600,2.947e-05,binance_BTCUSDT
1663992000,-4.5e-05,bitmex_XBTUSD
1664006400,1.676e-05,binance_BTCUSDT
1664020800,-5.8e-05,bitmex_XBTUSD
1664035200,5.345e-05,binance_BTCUSDT
1664049600,3.1e-05,bitmex_XBTUSD
1664064000,9.99e-06,binance_BTCUSDT
1664078400,-0.000155,bitmex_XBTUSD
1664092800,3.653e-05,binance_BTCUSDT
1664107200,-7.2e-05,bitmex_XBTUSD
1664121600,2.593e-05,binance_BTCUSDT
1664136000,-0.000114,bitmex_XBTUSD
1664150400,-6.6e-06,binance_BTCUSDT
1664164800,0.0001,bitmex_XBTUSD
1664179200,3.696e-05,binance_BTCUSDT
1664193600,-9.8e-05,bitmex_XBTUSD
1664208000,4.497e-05,binance_BTCUSDT
1664222400,5.9e-05,bitmex_XBTUSD
1664236800,2.244e-05,binance_BTCUSDT
1664251200,5.5e-05,bitmex_XBTUSD
1664265600,0.0001,binance_BTCUSDT
1664280000,0.0001,bitmex_XBTUSD
1664294400,8.538e-05,binance_BTCUSDT
1664308800,-4.4e-05,bitmex_XBTUSD
1664323200,1.141e-05,binance_BTCUSDT
1664337600,9.7e-05,bitmex_XBTUSD
1664352000,-1.071e-05,binance_BTCUSDT
1664366400,-4e-06,bitmex_XBTUSD
1664380800,5.332e-05,binance_BTCUSDT
1664395200,0.0001,bitmex_XBTUSD
1664409600,5.681e-05,binance_BTCUSDT
1664424000,1.9e-05,bitmex_XBTUSD
1664438400,7.641e-05,binance_BTCUSDT
1664452800,0.0001,bitmex_XBTUSD
1664467200,6.685e-05,binance_BTCUSDT
1664481600,7e-05,bitmex_XBTUSD
1664496000,0.0001,binance_BTCUSDT
1664510400,-5.2e-05,bitmex_XBTUSD
1664524800,0.0001,binance_BTCUSDT
1664539200,-2.2e-05,bitmex_XBTUSD
1664553600,0.0001,binance_BTCUSDT
1664568000,-8.6e-05,bitmex_XBTUSD
1664582400,3.198e-05,binance_BTCUSDT
1664596800,-0.000141,bitmex_XBTUSD
1664611200,0.0001,binance_BTCUSDT
1664625600,-9.5e-05,bitmex_XBTUSD
1664640000,7.005e-05,binance_BTCUSDT
1664654400,-9e-06,bitmex_XBTUSD
1664668800,4.262e-05,binance_BTCUSDT
1664683200,5.2e-05,bitmex_XBTUSD
1664697600,5.816e-05,binance_BTCUSDT
1664712000,-7e-06,bitmex_XBTUSD
1664726400,5.384e-05,binance_BTCUSDT
1664740800,-0.000149,bitmex_XBTUSD
1664755200,3.996e-05,binance_BTCUSDT
1664769600,-9.5e-05,bitmex_XBTUSD
1664784000,8.316e-05,binance_BTCUSDT
1664798400,-0.000163,bitmex_XBTUSD
1664812800,0.0001,binance_BTCUSDT
1664827200,-0.000195,bitmex_XBTUSD
1664841600,0.0001,binance_BTCUSDT
1664856000,-3e-06,bitmex_XBTUSD
1664870400,0.0001,binance_BTCUSDT
1664884800,7.1e-05,bitmex_XBTUSD
1664899200,0.0001,binance_BTCUSDT
1664913600,-0.000131,bitmex_XBTUSD
1664928000,0.0001,binance_BTCUSDT
1664942400,-0.000215,bitmex_XBTUSD
1664956800,0.0001,binance_BTCUSDT
1664971200,-3.2e-05,bitmex_XBTUSD
1664985600,0.0001,binance_BTCUSDT
1665000000,9.2e-05,bitmex_XBTUSD
1665014400,0.0001,binance_BTCUSDT
1665028800,9.3e-05,bitmex_XBTUSD
1665043200,0.0001,binance_BTCUSDT
1665057600,-4.9e-05,bitmex_XBTUSD
1665072000,0.0001,binance_BTCUSDT
1665086400,2.1e-05,bitmex_XBTUSD
1665100800,0.0001,binance_BTCUSDT
1665115200,-3.3e-05,bitmex_XBTUSD
1665129600,0.0001,binance_BTCUSDT
1665144000,1.2e-05,bitmex_XBTUSD
1665158400,7.513e-05,binance_BTCUSDT
1665172800,-3e-06,bitmex_XBTUSD
1665187200,3.85e-05,binance_BTCUSDT
1665201600,-0.000104,bitmex_XBTUSD
1665216000,7.345e-05,binance_BTCUSDT
1665230400,-0.000153,bitmex_XBTUSD
1665244800,4.149e-05,binance_BTCUSDT
1665259200,7.1e-05,bitmex_XBTUSD
1665273600,3.246e-05,binance_BTCUSDT
1665288000,-7.7e-05,bitmex_XBTUSD
1665302400,1.776e-05,binance_BTCUSDT
1665316800,-1.6e-05,bitmex_XBTUSD
1665331200,1.951e-05,binance_BTCUSDT
1665345600,-5.9e-05,bitmex_XBTUSD
1665360000,6.241e-05,binance_BTCUSDT
1665374400,-0.000187,bitmex_XBTUSD
1665388800,6.069e-05,binance_BTCUSDT
1665403200,-0.000145,bitmex_XBTUSD
1665417600,0.0001,binance_BTCUSDT
1665432000,-6.9e-05,bitmex_XBTUSD
1665446400,0.0001,binance_BTCUSDT
1665460800,6.7e-05,bitmex_XBTUSD
1665475200,0.0001,binance_BTCUSDT
1665489600,-7.8e-05,bitmex_XBTUSD
1665504000,0.0001,binance_BTCUSDT
1665518400,5.9e-05,bitmex_XBTUSD
1665532800,0.0001,binance_BTCUSDT
1665547200,5.8e-05,bitmex_XBTUSD
1665561600,0.0001,binance_BTCUSDT
1665576000,-1.7e-05,bitmex_XBTUSD
1665590400,0.0001,binance_BTCUSDT
1665604800,-5.9e-05,bitmex_XBTUSD
1665619200,7.466e-05,binance_BTCUSDT
1665633600,4.3e-05,bitmex_XBTUSD
1665648000,0.0001,binance_BTCUSDT
1665662400,3.7e-05,bitmex_XBTUSD
1665676800,3.936e-05,binance_BTCUSDT
1665691200,-9.8e-05,bitmex_XBTUSD
1665705600,3.235e-05,binance_BTCUSDT
1665720000,-0.000159,bitmex_XBTUSD
1665734400,0.0001,binance_BTCUSDT
1665748800,1.6e-05,bitmex_XBTUSD
1665763200,8.395e-05,binance_BTCUSDT
1665777600,4.3e-05,bitmex_XBTUSD
1665792000,4.317e-05,binance_BTCUSDT
1665806400,8.1e-05,bitmex_XBTUSD
1665820800,3.772e-05,binance_BTCUSDT
1665835200,6.6e-05,bitmex_XBTUSD
1665849600,4.563e-05,binance_BTCUSDT
1665864000,9.9e-05,bitmex_XBTUSD
1665878400,2.735e-05,binance_BTCUSDT
1665892800,2e-05,bitmex_XBTUSD
1665907200,4.61e-06,binance_BTCUSDT
1665921600,-4.9e-05,bitmex_XBTUSD
1665936000,3.394e-05,binance_BTCUSDT
1665950400,-5e-05,bitmex_XBTUSD
1665964800,3.31e-06,binance_BTCUSDT
1665979200,9e-05,bitmex_XBTUSD
1665993600,4.84e-05,binance_BTCUSDT
1666008000,6.7e-05,bitmex_XBTUSD
1666022400,6.458e-05,binance_BTCUSDT
1666036800,-0.000127,bitmex_XBTUSD
1666051200,0.0001,binance_BTCUSDT
1666065600,-6.7e-05,bitmex_XBTUSD
1666080000,0.0001,binance_BTCUSDT
1666094400,8.1e-05,bitmex_XBTUSD
1666108800,0.0001,binance_BTCUSDT
1666123200,0.0001,bitmex_XBTUSD
1666137600,7.598e-05,binance_BTCUSDT
1666152000,0.0001,bitmex_XBTUSD
1666166400,0.0001,binance_BTCUSDT
1666180800,0.0001,bitmex_XBTUSD
1666195200,0.0001,binance_BTCUSDT
1666209600,0.0001,bitmex_XBTUSD
1666224000,0.0001,binance_BTCUSDT
1666238400,2.5e-05,bitmex_XBTUSD
1666252800,6.021e-05,binance_BTCUSDT
1666267200,-4.1e-05,bitmex_XBTUSD
1666281600,2.095e-05,binance_BTCUSDT
1666296000,3.6e-05,bitmex_XBTUSD
1666310400,4.708e-05,binance_BTCUSDT
1666324800,0.0001,bitmex_XBTUSD
1666339200,4.483e-05,binance_BTCUSDT
1666353600,-9.1e-05,bitmex_XBTUSD
1666368000,-8.9e-06,binance_BTCUSDT
1666382400,0.0001,bitmex_XBTUSD
1666396800,3.721e-05,binance_BTCUSDT
1666411200,8.5e-05,bitmex_XBTUSD
1666425600,8.36e-05,binance_BTCUSDT
1666440000,0.0001,bitmex_XBTUSD
1666454400,-3.19e-06,binance_BTCUSDT
1666468800,0.0001,bitmex_XBTUSD
1666483200,4.152e-05,binance_BTCUSDT
1666497600,-3e-05,bitmex_XBTUSD
1666512000,1.171e-05,binance_BTCUSDT
1666526400,-3.3e-05,bitmex_XBTUSD
1666540800,5.174e-05,binance_BTCUSDT
1666555200,-1.3e-05,bitmex_XBTUSD
1666569600,0.0001,binance_BTCUSDT
1666584000,6.8e-05,bitmex_XBTUSD
1666598400,0.0001,binance_BTCUSDT
1666612800,0.0001,bitmex_XBTUSD
1666627200,2.328e-05,binance_BTCUSDT
1666641600,8.2e-05,bitmex_XBTUSD
1666656000,4.327e-05,binance_BTCUSDT
1666670400,1e-06,bitmex_XBTUSD
1666684800,9.019e-05,binance_BTCUSDT
1666699200,1.3e-05,bitmex_XBTUSD
1666713600,-1.66e-06,binance_BTCUSDT
1666728000,-1.5e-05,bitmex_XBTUSD
1666742400,2.243e-05,binance_BTCUSDT
1666756800,0.0001,bitmex_XBTUSD
1666771200,5.665e-05,binance_BTCUSDT
1666785600,6.8e-05,bitmex_XBTUSD
1666800000,6.122e-05,binance_BTCUSDT
1666814400,1.8e-05,bitmex_XBTUSD
1666828800,1.3e-07,binance_BTCUSDT
1666843200,3.7e-05,bitmex_XBTUSD
1666857600,-2.276e-05,binance_BTCUSDT
1666872000,5.5e-05,bitmex_XBTUSD
1666886400,1.376e-05,binance_BTCUSDT
1666900800,5.3e-05,bitmex_XBTUSD
1666915200,-1.228e-05,binance_BTCUSDT
1666929600,0.0001,bitmex_XBTUSD
1666944000,3.541e-05,binance_BTCUSDT
1666958400,0.0001,bitmex_XBTUSD
1666972800,-2.629e-05,binance_BTCUSDT
1666987200,0.0001,bitmex_XBTUSD
1667001600,2.484e-05,binance_BTCUSDT
1667016000,-0.000113,bitmex_XBTUSD
1667030400,4.755e-05,binance_BTCUSDT
1667044800,-2.9e-05,bitmex_XBTUSD
1667059200,4.205e-05,binance_BTCUSDT
1667073600,7.2e-05,bitmex_XBTUSD
1667088000,-2.515e-05,binance_BTCUSDT
1667102400,3.2e-05,bitmex_XBTUSD
1667116800,3.212e-05,binance_BTCUSDT
1667131200,5.9e-05,bitmex_XBTUSD
1667145600,5.135e-05,binance_BTCUSDT
1667160000,-6.3e-05,bitmex_XBTUSD
1667174400,1.504e-05,binance_BTCUSDT
1667188800,0.0001,bitmex_XBTUSD
1667203200,3.842e-05,binance_BTCUSDT
1667217600,0.0001,bitmex_XBTUSD
1667232000,-4.34e-06,binance_BTCUSDT
1667246400,0.0001,bitmex_XBTUSD
1667260800,7.22e-06,binance_BTCUSDT
1667275200,5.8e-05,bitmex_XBTUSD
1667289600,-1.088e-05,binance_BTCUSDT
1667304000,-2.6e-05,bitmex_XBTUSD
1667318400,1.302e-05,binance_BTCUSDT
1667332800,-7.5e-05,bitmex_XBTUSD
1667347200,4.787e-05,binance_BTCUSDT
1667361600,5.6e-05,bitmex_XBTUSD
1667376000,1.203e-05,binance_BTCUSDT
1667390400,2e-05,bitmex_XBTUSD
1667404800,6.046e-05,binance_BTCUSDT
1667419200,9.4e-05,bitmex_XBTUSD
1667433600,2.68e-05,binance_BTCUSDT
1667448000,7.5e-05,bitmex_XBTUSD
1667462400,4.4e-06,binance_BTCUSDT
1667476800,-6e-05,bitmex_XBTUSD
1667491200,6.94e-05,binance_BTCUSDT
1667505600,1.5e-05,bitmex_XBTUSD
1667520000,4.429e-05,binance_BTCUSDT
1667534400,3.9e-05,bitmex_XBTUSD
1667548800,1.148e-05,binance_BTCUSDT
1667563200,-1.5e-05,bitmex_XBTUSD
1667577600,6.899e-05,binance_BTCUSDT
1667592000,1.3e-05,bitmex_XBTUSD
1667606400,4.409e-05,binance_BTCUSDT
1667620800,0.0001,bitmex_XBTUSD
1667635200,4.541e-05,binance_BTCUSDT
1667649600,7.3e-05,bitmex_XBTUSD
1667664000,0.0001,binance_BTCUSDT
1667678400,0.0001,bitmex_XBTUSD
1667692800,6.491e-05,binance_BTCUSDT
1667707200,0.0001,bitmex_XBTUSD
1667721600,9.732e-05,binance_BTCUSDT
1667736000,0.0001,bitmex_XBTUSD
1667750400,6.866e-05,binance_BTCUSDT
1667764800,0.0001,bitmex_XBTUSD
1667779200,7.813e-05,binance_BTCUSDT
1667793600,4e-05,bitmex_XBTUSD
1667808000,0.0001,binance_BTCUSDT
1667822400,7.5e-05,bitmex_XBTUSD
1667836800,0.0001,binance_BTCUSDT
1667851200,0.0001,bitmex_XBTUSD
1667865600,6.515e-05,binance_BTCUSDT
1667880000,0.0001,bitmex_XBTUSD
1667894400,-7.88e-06,binance_BTCUSDT
1667908800,-8.7e-05,bitmex_XBTUSD
1667923200,9.446e-05,binance_BTCUSDT
1667937600,0.0001,bitmex_XBTUSD
1667952000,-0.00013884,binance_BTCUSDT
1667966400,-0.000269,bitmex_XBTUSD
1667980800,7.305e-05,binance_BTCUSDT
1667995200,-0.000108,bitmex_XBTUSD
1668009600,-0.00032976,binance_BTCUSDT
1668024000,0.0001,bitmex_XBTUSD
1668038400,-0.00119172,binance_BTCUSDT
1668052800,-0.001532,bitmex_XBTUSD
1668067200,-0.00111953,binance_BTCUSDT
1668081600,-0.002498,bitmex_XBTUSD
1668096000,-0.00023833,binance_BTCUSDT
1668110400,-0.002101,bitmex_XBTUSD
1668124800,-0.00019452,binance_BTCUSDT
1668139200,-0.002514,bitmex_XBTUSD
1668153600,-7.277e-05,binance_BTCUSDT
1668168000,-0.002324,bitmex_XBTUSD
1668182400,-5.802e-05,binance_BTCUSDT
1668196800,-0.001412,bitmex_XBTUSD
1668211200,5.3e-05,binance_BTCUSDT
1668225600,1.8e-05,bitmex_XBTUSD
1668240000,-2.406e-05,binance_BTCUSDT
1668254400,-0.000439,bitmex_XBTUSD
1668268800,6.521e-05,binance_BTCUSDT
1668283200,-0.000744,bitmex_XBTUSD
1668297600,3.33e-06,binance_BTCUSDT
1668312000,-0.000311,bitmex_XBTUSD
1668326400,-7.357e-05,binance_BTCUSDT
1668340800,-0.000158,bitmex_XBTUSD
1668355200,2.816e-05,binance_BTCUSDT
1668369600,-0.000209,bitmex_XBTUSD
1668384000,-3.809e-05,binance_BTCUSDT
1668398400,-0.000222,bitmex_XBTUSD
1668412800,-7.645e-05,binance_BTCUSDT
1668427200,8e-05,bitmex_XBTUSD
1668441600,-1.132e-05,binance_BTCUSDT
1668456000,-0.000843,bitmex_XBTUSD
1668470400,-0.00010925,binance_BTCUSDT
1668484800,0.0001,bitmex_XBTUSD
1668499200,-0.00017664,binance_BTCUSDT
1668513600,-6.4e-05,bitmex_XBTUSD
1668528000,2.275e-05,binance_BTCUSDT
1668542400,-0.000214,bitmex_XBTUSD
1668556800,-0.00013216,binance_BTCUSDT
1668571200,-0.000239,bitmex_XBTUSD
1668585600,1.121e-05,binance_BTCUSDT
1668600000,0.0001,bitmex_XBTUSD
1668614400,-6.617e-05,binance_BTCUSDT
1668628800,0.0001,bitmex_XBTUSD
1668643200,-4.542e-05,binance_BTCUSDT
1668657600,0.0001,bitmex_XBTUSD
1668672000,-5.138e-05,binance_BTCUSDT
1668686400,0.0001,bitmex_XBTUSD
1668700800,-2.701e-05,binance_BTCUSDT
1668715200,0.0001,bitmex_XBTUSD
1668729600,-2.836e-05,binance_BTCUSDT
1668744000,0.0001,bitmex_XBTUSD
1668758400,2.398e-05,binance_BTCUSDT
1668772800,0.0001,bitmex_XBTUSD
1668787200,9.55e-06,binance_BTCUSDT
1668801600,0.0001,bitmex_XBTUSD
1668816000,5.556e-05,binance_BTCUSDT
1668830400,0.0001,bitmex_XBTUSD
1668844800,7.897e-05,binance_BTCUSDT
1668859200,-8e-05,bitmex_XBTUSD
1668873600,-1.169e-05,binance_BTCUSDT
1668888000,6.8e-05,bitmex_XBTUSD
1668902400,-7.79e-06,binance_BTCUSDT
1668916800,-4.5e-05,bitmex_XBTUSD
1668931200,3.552e-05,binance_BTCUSDT
1668945600,0.0001,bitmex_XBTUSD
1668960000,-9.79e-06,binance_BTCUSDT
1668974400,0.0001,bitmex_XBTUSD
1668988800,7.898e-05,binance_BTCUSDT
1669003200,0.0001,bitmex_XBTUSD
1669017600,-1.218e-05,binance_BTCUSDT
1669032000,0.0001,bitmex_XBTUSD
1669046400,2.302e-05,binance_BTCUSDT
1669060800,0.0001,bitmex_XBTUSD
1669075200,-7.485e-05,binance_BTCUSDT
1669089600,0.0001,bitmex_XBTUSD
1669104000,2.033e-05,binance_BTCUSDT
1669118400,-0.000362,bitmex_XBTUSD
1669132800,7.881e-05,binance_BTCUSDT
1669147200,0.0001,bitmex_XBTUSD
1669161600,9.406e-05,binance_BTCUSDT
1669176000,-0.000219,bitmex_XBTUSD
1669190400,0.0001,binance_BTCUSDT
1669204800,-2e-05,bitmex_XBTUSD
1669219200,-3.9e-06,binance_BTCUSDT
1669233600,-0.00039,bitmex_XBTUSD
1669248000,5.42e-05,binance_BTCUSDT
1669262400,0.0001,bitmex_XBTUSD
1669276800,2.012e-05,binance_BTCUSDT
1669291200,-0.000165,bitmex_XBTUSD
1669305600,6.272e-05,binance_BTCUSDT
1669320000,-0.000207,bitmex_XBTUSD
1669334400,2.058e-05,binance_BTCUSDT
1669348800,0.0001,bitmex_XBTUSD
1669363200,4.61e-06,binance_BTCUSDT
1669377600,0.0001,bitmex_XBTUSD
1669392000,1.329e-05,binance_BTCUSDT
1669406400,0.0001,bitmex_XBTUSD
1669420800,3.859e-05,binance_BTCUSDT
1669435200,0.0001,bitmex_XBTUSD
1669449600,-2.455e-05,binance_BTCUSDT
1669464000,0.0001,bitmex_XBTUSD
1669478400,3.523e-05,binance_BTCUSDT
1669492800,-0.000374,bitmex_XBTUSD
1669507200,1.063e-05,binance_BTCUSDT
1669521600,-0.000287,bitmex_XBTUSD
1669536000,-3.066e-05,binance_BTCUSDT
1669550400,-0.00041,bitmex_XBTUSD
1669564800,3.784e-05,binance_BTCUSDT
1669579200,-2.3e-05,bitmex_XBTUSD
1669593600,2.303e-05,binance_BTCUSDT
1669608000,0.0001,bitmex_XBTUSD
1669622400,5.36e-06,binance_BTCUSDT
1669636800,0.0001,bitmex_XBTUSD
1669651200,2.1e-07,binance_BTCUSDT
1669665600,0.0001,bitmex_XBTUSD
1669680000,4.76e-05,binance_BTCUSDT
1669694400,0.0001,bitmex_XBTUSD
1669708800,-3.85e-06,binance_BTCUSDT
1669723200,0.0001,bitmex_XBTUSD
1669737600,4.171e-05,binance_BTCUSDT
1669752000,-0.000285,bitmex_XBTUSD
1669766400,3.404e-05,binance_BTCUSDT
1669780800,-0.000244,bitmex_XBTUSD
1669795200,4.038e-05,binance_BTCUSDT
1669809600,0.0001,bitmex_XBTUSD
1669824000,9.511e-05,binance_BTCUSDT
1669838400,0.0001,bitmex_XBTUSD
1669852800,1.029e-05,binance_BTCUSDT
1669867200,2.8e-05,bitmex_XBTUSD
1669881600,-5.001e-05,binance_BTCUSDT
1669896000,-4.3e-05,bitmex_XBTUSD
1669910400,0.0001,binance_BTCUSDT
1669924800,0.0001,bitmex_XBTUSD
1669939200,8.203e-05,binance_BTCUSDT
1669953600,0.0001,bitmex_XBTUSD
1669968000,2.825e-05,binance_BTCUSDT
1669982400,-3e-06,bitmex_XBTUSD
1669996800,-3.753e-05,binance_BTCUSDT
1670011200,-0.00022,bitmex_XBTUSD
1670025600,3.302e-05,binance_BTCUSDT
1670040000,-3.2e-05,bitmex_XBTUSD
1670054400,5.123e-05,binance_BTCUSDT
1670068800,0.0001,bitmex_XBTUSD
1670083200,0.0001,binance_BTCUSDT
1670097600,0.0001,bitmex_XBTUSD
1670112000,6.174e-05,binance_BTCUSDT
1670126400,6.7e-05,bitmex_XBTUSD
1670140800,6.437e-05,binance_BTCUSDT
1670155200,0.0001,bitmex_XBTUSD
1670169600,4.581e-05,binance_BTCUSDT
1670184000,7e-06,bitmex_XBTUSD
1670198400,5.4e-07,binance_BTCUSDT
1670212800,-8.1e-05,bitmex_XBTUSD
1670227200,-4.218e-05,binance_BTCUSDT
1670241600,-0.000218,bitmex_XBTUSD
1670256000,4.603e-05,binance_BTCUSDT
1670270400,-0.000192,bitmex_XBTUSD
1670284800,2.206e-05,binance_BTCUSDT
1670299200,-0.000221,bitmex_XBTUSD
1670313600,4.118e-05,binance_BTCUSDT
1670328000,-0.000555,bitmex_XBTUSD
1670342400,2.305e-05,binance_BTCUSDT
1670356800,-0.000298,bitmex_XBTUSD
1670371200,7.887e-05,binance_BTCUSDT
1670385600,0.0001,bitmex_XBTUSD
1670400000,6.58e-06,binance_BTCUSDT
1670414400,0.0001,bitmex_XBTUSD
1670428800,-1.492e-05,binance_BTCUSDT
1670443200,-0.000208,bitmex_XBTUSD
1670457600,1.183e-05,binance_BTCUSDT
1670472000,0.0001,bitmex_XBTUSD
1670486400,2.152e-05,binance_BTCUSDT
1670500800,-0.000171,bitmex_XBTUSD
1670515200,1.67e-06,binance_BTCUSDT
1670529600,2.4e-05,bitmex_XBTUSD
1670544000,1.178e-05,binance_BTCUSDT
1670558400,-0.000142,bitmex_XBTUSD
1670572800,4.007e-05,binance_BTCUSDT
1670587200,-9.6e-05,bitmex_XBTUSD
1670601600,3.198e-05,binance_BTCUSDT
1670616000,-0.00039,bitmex_XBTUSD
1670630400,-1.669e-05,binance_BTCUSDT
1670644800,0.0001,bitmex_XBTUSD
1670659200,-6.87e-06,binance_BTCUSDT
1670673600,2.3e-05,bitmex_XBTUSD
1670688000,1.711e-05,binance_BTCUSDT
1670702400,-0.000184,bitmex_XBTUSD
1670716800,9.29e-06,binance_BTCUSDT
1670731200,-0.00052,bitmex_XBTUSD
1670745600,8.73e-06,binance_BTCUSDT
1670760000,-0.000481,bitmex_XBTUSD
1670774400,6.92e-06,binance_BTCUSDT
1670788800,0,bitmex_XBTUSD
1670803200,2.406e-05,binance_BTCUSDT
1670817600,-0.000189,bitmex_XBTUSD
1670832000,2.638e-05,binance_BTCUSDT
1670846400,-0.000155,bitmex_XBTUSD
1670860800,-1.67e-05,binance_BTCUSDT
1670875200,-4.5e-05,bitmex_XBTUSD
1670889600,3.003e-05,binance_BTCUSDT
1670904000,0.0001,bitmex_XBTUSD
1670918400,1.971e-05,binance_BTCUSDT
1670932800,-5.6e-05,bitmex_XBTUSD
1670947200,0.0001,binance_BTCUSDT
1670961600,-0.00028,bitmex_XBTUSD
1670976000,0.0001,binance_BTCUSDT
1670990400,0.0001,bitmex_XBTUSD
1671004800,0.0001,binance_BTCUSDT
1671019200,0.0001,bitmex_XBTUSD
1671033600,0.0001,binance_BTCUSDT
1671048000,5.8e-05,bitmex_XBTUSD
1671062400,0.0001,binance_BTCUSDT
1671076800,-9.6e-05,bitmex_XBTUSD
1671091200,0.0001,binance_BTCUSDT
1671105600,0.0001,bitmex_XBTUSD
1671120000,5.18e-05,binance_BTCUSDT
1671134400,0.0001,bitmex_XBTUSD
1671148800,4.842e-05,binance_BTCUSDT
1671163200,0.0001,bitmex_XBTUSD
1671177600,5.706e-05,binance_BTCUSDT
1671192000,1.4e-05,bitmex_XBTUSD
1671206400,-1.987e-05,binance_BTCUSDT
1671220800,-0.000242,bitmex_XBTUSD
1671235200,2.013e-05,binance_BTCUSDT
1671249600,-0.000228,bitmex_XBTUSD
1671264000,7.81e-05,binance_BTCUSDT
1671278400,-0.000563,bitmex_XBTUSD
1671292800,9.707e-05,binance_BTCUSDT
1671307200,-0.000112,bitmex_XBTUSD
1671321600,6.274e-05,binance_BTCUSDT
1671336000,3.9e-05,bitmex_XBTUSD
1671350400,6.828e-05,binance_BTCUSDT
1671364800,-0.000166,bitmex_XBTUSD
1671379200,-6.47e-06,binance_BTCUSDT
1671393600,-0.00053,bitmex_XBTUSD
1671408000,6.468e-05,binance_BTCUSDT
1671422400,-0.000209,bitmex_XBTUSD
1671436800,3.493e-05,binance_BTCUSDT
1671451200,-2.3e-05,bitmex_XBTUSD
1671465600,4.496e-05,binance_BTCUSDT
1671480000,0.0001,bitmex_XBTUSD
1671494400,5.611e-05,binance_BTCUSDT
1671508800,0.0001,bitmex_XBTUSD
1671523200,-1.2e-07,binance_BTCUSDT
1671537600,4.1e-05,bitmex_XBTUSD
1671552000,3.401e-05,binance_BTCUSDT
1671566400,-0.000197,bitmex_XBTUSD
1671580800,3.778e-05,binance_BTCUSDT
1671595200,-8.1e-05,bitmex_XBTUSD
1671609600,7.742e-05,binance_BTCUSDT
1671624000,-7.4e-05,bitmex_XBTUSD
1671638400,7.582e-05,binance_BTCUSDT
1671652800,-3e-05,bitmex_XBTUSD
1671667200,2.918e-05,binance_BTCUSDT
1671681600,0.0001,bitmex_XBTUSD
1671696000,8.167e-05,binance_BTCUSDT
1671710400,0.0001,bitmex_XBTUSD
1671724800,7.198e-05,binance_BTCUSDT
1671739200,0.0001,bitmex_XBTUSD
1671753600,0.0001,binance_BTCUSDT
1671768000,0.0001,bitmex_XBTUSD
1671782400,0.0001,binance_BTCUSDT
1671796800,9.6e-05,bitmex_XBTUSD
1671811200,8.903e-05,binance_BTCUSDT
1671825600,-2.6e-05,bitmex_XBTUSD
1671840000,0.0001,binance_BTCUSDT
1671854400,-7.9e-05,bitmex_XBTUSD
1671868800,4.748e-05,binance_BTCUSDT
1671883200,0.0001,bitmex_XBTUSD
1671897600,6.222e-05,binance_BTCUSDT
1671912000,-0.00027,bitmex_XBTUSD
1671926400,5.21e-06,binance_BTCUSDT
1671940800,-2.9e-05,bitmex_XBTUSD
1671955200,1.855e-05,binance_BTCUSDT
1671969600,0.0001,bitmex_XBTUSD
1671984000,3.06e-05,binance_BTCUSDT
1671998400,-0.000187,bitmex_XBTUSD
1672012800,3.319e-05,binance_BTCUSDT
1672027200,8e-06,bitmex_XBTUSD
1672041600,-5.064e-05,binance_BTCUSDT
1672056000,5.8e-05,bitmex_XBTUSD
1672070400,2.871e-05,binance_BTCUSDT
1672084800,0.0001,bitmex_XBTUSD
1672099200,8.655e-05,binance_BTCUSDT
1672113600,-6.7e-05,bitmex_XBTUSD
1672128000,1.102e-05,binance_BTCUSDT
1672142400,-0.000119,bitmex_XBTUSD
1672156800,1.951e-05,binance_BTCUSDT
1672171200,0.0001,bitmex_XBTUSD
1672185600,4.252e-05,binance_BTCUSDT
1672200000,4.2e-05,bitmex_XBTUSD
1672214400,9.764e-05,binance_BTCUSDT
1672228800,-0.000125,bitmex_XBTUSD
1672243200,2.111e-05,binance_BTCUSDT
1672257600,0.0001,bitmex_XBTUSD
1672272000,9.985e-05,binance_BTCUSDT
1672286400,0.0001,bitmex_XBTUSD
1672300800,8.532e-05,binance_BTCUSDT
1672315200,0.0001,bitmex_XBTUSD
1672329600,0.0001,binance_BTCUSDT
1672344000,0.0001,bitmex_XBTUSD
1672358400,0.0001,binance_BTCUSDT
1672372800,-0.000127,bitmex_XBTUSD
1672387200,7.132e-05,binance_BTCUSDT
1672401600,-0.000177,bitmex_XBTUSD
1672416000,0.0001,binance_BTCUSDT
1672430400,9.8e-05,bitmex_XBTUSD
1672444800,0.0001,binance_BTCUSDT
1672459200,0.0001,bitmex_XBTUSD
1672473600,0.0001,binance_BTCUSDT
1672488000,0.0001,bitmex_XBTUSD
1672502400,0.0001,binance_BTCUSDT
1672516800,0.0001,bitmex_XBTUSD
1672531200,0.0001,binance_BTCUSDT
1672545600,1.4e-05,bitmex_XBTUSD
1672560000,0.0001,binance_BTCUSDT
1672574400,8.4e-05,bitmex_XBTUSD
1672588800,6.91e-06,binance_BTCUSDT
1672603200,-0.000136,bitmex_XBTUSD
1672617600,-1.488e-05,binance_BTCUSDT
1672632000,3.9e-05,bitmex_XBTUSD
1672646400,-4.356e-05,binance_BTCUSDT
1672660800,0.0001,bitmex_XBTUSD
1672675200,2.67e-05,binance_BTCUSDT
1672689600,-2.6e-05,bitmex_XBTUSD
1672704000,0.0001,binance_BTCUSDT
1672718400,5.7e-05,bitmex_XBTUSD
1672732800,8.977e-05,binance_BTCUSDT
1672747200,0.0001,bitmex_XBTUSD
1672761600,3.322e-05,binance_BTCUSDT
1672776000,-7e-05,bitmex_XBTUSD
1672790400,6.489e-05,binance_BTCUSDT
1672804800,-2.9e-05,bitmex_XBTUSD
1672819200,3.388e-05,binance_BTCUSDT
1672833600,-0.000289,bitmex_XBTUSD
1672848000,4.931e-05,binance_BTCUSDT
1672862400,0.0001,bitmex_XBTUSD
1672876800,5.417e-05,binance_BTCUSDT
1672891200,0.0001,bitmex_XBTUSD
1672905600,4.436e-05,binance_BTCUSDT
1672920000,-4.1e-05,bitmex_XBTUSD
1672934400,7.264e-05,binance_BTCUSDT
1672948800,5.4e-05,bitmex_XBTUSD
1672963200,5.587e-05,binance_BTCUSDT
1672977600,-8.6e-05,bitmex_XBTUSD
1672992000,6.591e-05,binance_BTCUSDT
1673006400,-0.000181,bitmex_XBTUSD
1673020800,8.658e-05,binance_BTCUSDT
1673035200,-7.3e-05,bitmex_XBTUSD
1673049600,2.508e-05,binance_BTCUSDT
1673064000,-3.6e-05,bitmex_XBTUSD
1673078400,6.71e-06,binance_BTCUSDT
1673092800,0.0001,bitmex_XBTUSD
1673107200,0.0001,binance_BTCUSDT
1673121600,0.0001,bitmex_XBTUSD
1673136000,5.657e-05,binance_BTCUSDT
1673150400,0.0001,bitmex_XBTUSD
1673164800,0.0001,binance_BTCUSDT
1673179200,0.0001,bitmex_XBTUSD
1673193600,7.452e-05,binance_BTCUSDT
1673208000,0.0001,bitmex_XBTUSD
1673222400,5.796e-05,binance_BTCUSDT
1673236800,0.0001,bitmex_XBTUSD
1673251200,-6.66e-06,binance_BTCUSDT
1673265600,0.0001,bitmex_XBTUSD
1673280000,9.05e-06,binance_BTCUSDT
1673294400,0.0001,bitmex_XBTUSD
1673308800,2.417e-05,binance_BTCUSDT
1673323200,0.0001,bitmex_XBTUSD
1673337600,9.685e-05,binance_BTCUSDT
1673352000,5.2e-05,bitmex_XBTUSD
1673366400,3.129e-05,binance_BTCUSDT
1673380800,2.4e-05,bitmex_XBTUSD
1673395200,2.761e-05,binance_BTCUSDT
1673409600,0.0001,bitmex_XBTUSD
1673424000,2.477e-05,binance_BTCUSDT
1673438400,0.0001,bitmex_XBTUSD
1673452800,-2.11e-06,binance_BTCUSDT
1673467200,0.0001,bitmex_XBTUSD
1673481600,7.549e-05,binance_BTCUSDT
1673496000,0.0001,bitmex_XBTUSD
1673510400,0.0001,binance_BTCUSDT
1673524800,0.0001,bitmex_XBTUSD
1673539200,0.0001,binance_BTCUSDT
1673553600,0.0001,bitmex_XBTUSD
1673568000,0.0001,binance_BTCUSDT
1673582400,0.0001,bitmex_XBTUSD
1673596800,0.0001,binance_BTCUSDT
1673611200,0.0001,bitmex_XBTUSD
1673625600,7.16e-05,binance_BTCUSDT
1673640000,0.0001,bitmex_XBTUSD
1673654400,8.746e-05,binance_BTCUSDT
1673668800,8e-06,bitmex_XBTUSD
1673683200,0.00045847,binance_BTCUSDT
1673697600,0.0001,bitmex_XBTUSD
1673712000,0.0001,binance_BTCUSDT
1673726400,0.0001,bitmex_XBTUSD
1673740800,0.00013712,binance_BTCUSDT
1673755200,0.0001,bitmex_XBTUSD
1673769600,0.00012434,binance_BTCUSDT
1673784000,0.0001,bitmex_XBTUSD
1673798400,0.00019892,binance_BTCUSDT
1673812800,0.0001,bitmex_XBTUSD
1673827200,0.0001,binance_BTCUSDT
1673841600,0.0001,bitmex_XBTUSD
1673856000,0.0001,binance_BTCUSDT
1673870400,0.0001,bitmex_XBTUSD
1673884800,0.0001,binance_BTCUSDT
1673899200,0.0001,bitmex_XBTUSD
1673913600,0.0001,binance_BTCUSDT
1673928000,0.0001,bitmex_XBTUSD
1673942400,0.0001,binance_BTCUSDT
1673956800,0.0001,bitmex_XBTUSD
1673971200,0.0001,binance_BTCUSDT
1673985600,0.0001,bitmex_XBTUSD
1674000000,0.0001,binance_BTCUSDT
1674014400,0.0001,bitmex_XBTUSD
1674028800,0.0001,binance_BTCUSDT
1674043200,-8.9e-05,bitmex_XBTUSD
1674057600,0.0001,binance_BTCUSDT
1674072000,-0.000158,bitmex_XBTUSD
1674086400,0.0001,binance_BTCUSDT
1674100800,9e-05,bitmex_XBTUSD
1674115200,0.0001,binance_BTCUSDT
1674129600,0.0001,bitmex_XBTUSD
1674144000,0.0001,binance_BTCUSDT
1674158400,4.9e-05,bitmex_XBTUSD
1674172800,0.0001,binance_BTCUSDT
1674187200,1e-06,bitmex_XBTUSD
1674201600,0.0001,binance_BTCUSDT
1674216000,-0.000133,bitmex_XBTUSD
1674230400,0.0001,binance_BTCUSDT
1674244800,-0.000208,bitmex_XBTUSD
1674259200,0.0001,binance_BTCUSDT
1674273600,0.0001,bitmex_XBTUSD
1674288000,0.0001,binance_BTCUSDT
1674302400,0.0001,bitmex_XBTUSD
1674316800,0.0001,binance_BTCUSDT
1674331200,0.0001,bitmex_XBTUSD
1674345600,0.0001,binance_BTCUSDT
1674360000,0.0001,bitmex_XBTUSD
1674374400,0.0001,binance_BTCUSDT
1674388800,0.0001,bitmex_XBTUSD
1674403200,0.0001,binance_BTCUSDT
1674417600,0.0001,bitmex_XBTUSD
1674432000,0.0001,binance_BTCUSDT
1674446400,0.0001,bitmex_XBTUSD
1674460800,0.0001,binance_BTCUSDT
1674475200,0.0001,bitmex_XBTUSD
1674489600,0.0001,binance_BTCUSDT
1674504000,2.5e-05,bitmex_XBTUSD
1674518400,0.0001,binance_BTCUSDT
1674532800,0.0001,bitmex_XBTUSD
1674547200,0.0001,binance_BTCUSDT
1674561600,0.0001,bitmex_XBTUSD
1674576000,0.0001,binance_BTCUSDT
1674590400,0.0001,bitmex_XBTUSD
1674604800,0.0001,binance_BTCUSDT
1674619200,0.0001,bitmex_XBTUSD
1674633600,0.0001,binance_BTCUSDT
1674648000,0.0001,bitmex_XBTUSD
1674662400,0.0001,binance_BTCUSDT
1674676800,0.0001,bitmex_XBTUSD
1674691200,0.0001,binance_BTCUSDT
1674705600,0.0001,bitmex_XBTUSD
1674720000,0.0001,binance_BTCUSDT
1674734400,0.0001,bitmex_XBTUSD
1674748800,0.0001,binance_BTCUSDT
1674763200,0.0001,bitmex_XBTUSD
1674777600,0.0001,binance_BTCUSDT
1674792000,0.0001,bitmex_XBTUSD
1674806400,9.541e-05,binance_BTCUSDT
1674820800,0.0001,bitmex_XBTUSD
1674835200,0.0001,binance_BTCUSDT
1674849600,8e-05,bitmex_XBTUSD
1674864000,0.0001,binance_BTCUSDT
1674878400,-1.3e-05,bitmex_XBTUSD
1674892800,0.0001,binance_BTCUSDT
1674907200,0.0001,bitmex_XBTUSD
1674921600,0.0001,binance_BTCUSDT
1674936000,0.0001,bitmex_XBTUSD
1674950400,0.0001,binance_BTCUSDT
1674964800,7.7e-05,bitmex_XBTUSD
1674979200,0.0001,binance_BTCUSDT
1674993600,0.0001,bitmex_XBTUSD
1675008000,0.0001,binance_BTCUSDT
1675022400,0.0001,bitmex_XBTUSD
1675036800,0.0001,binance_BTCUSDT
1675051200,0.0001,bitmex_XBTUSD
1675065600,0.0001,binance_BTCUSDT
1675080000,0.0001,bitmex_XBTUSD
1675094400,0.0001,binance_BTCUSDT
1675108800,0.0001,bitmex_XBTUSD
1675123200,0.0001,binance_BTCUSDT
1675137600,9.4e-05,bitmex_XBTUSD
1675152000,0.0001,binance_BTCUSDT
1675166400,-6.7e-05,bitmex_XBTUSD
1675180800,0.0001,binance_BTCUSDT
1675195200,3.4e-05,bitmex_XBTUSD
1675209600,0.0001,binance_BTCUSDT
1675224000,-8.1e-05,bitmex_XBTUSD
1675238400,0.0001,binance_BTCUSDT
1675252800,-6.7e-05,bitmex_XBTUSD
1675267200,0.0001,binance_BTCUSDT
1675281600,-3.7e-05,bitmex_XBTUSD
1675296000,0.0001,binance_BTCUSDT
1675310400,0.0001,bitmex_XBTUSD
1675324800,0.0001,binance_BTCUSDT
1675339200,0.0001,bitmex_XBTUSD
1675353600,0.0001,binance_BTCUSDT
1675368000,0.0001,bitmex_XBTUSD
1675382400,0.0001,binance_BTCUSDT
1675396800,0.0001,bitmex_XBTUSD
1675411200,0.0001,binance_BTCUSDT
1675425600,0.0001,bitmex_XBTUSD
1675440000,0.0001,binance_BTCUSDT
1675454400,7.8e-05,bitmex_XBTUSD
1675468800,0.0001,binance_BTCUSDT
1675483200,-1.7e-05,bitmex_XBTUSD
1675497600,0.0001,binance_BTCUSDT
1675512000,7.9e-05,bitmex_XBTUSD
1675526400,0.0001,binance_BTCUSDT
1675540800,0.0001,bitmex_XBTUSD
1675555200,0.0001,binance_BTCUSDT
1675569600,-3e-05,bitmex_XBTUSD
1675584000,0.0001,binance_BTCUSDT
1675598400,-0.00015,bitmex_XBTUSD
1675612800,0.0001,binance_BTCUSDT
1675627200,-0.000102,bitmex_XBTUSD
1675641600,0.0001,binance_BTCUSDT
1675656000,-1.9e-05,bitmex_XBTUSD
1675670400,0.0001,binance_BTCUSDT
1675684800,8e-05,bitmex_XBTUSD
1675699200,0.0001,binance_BTCUSDT
1675713600,0.0001,bitmex_XBTUSD
1675728000,0.0001,binance_BTCUSDT
1675742400,0.0001,bitmex_XBTUSD
1675756800,0.0001,binance_BTCUSDT
1675771200,1e-05,bitmex_XBTUSD
1675785600,0.0001,binance_BTCUSDT
1675800000,-3e-05,bitmex_XBTUSD
1675814400,0.0001,binance_BTCUSDT
1675828800,6.2e-05,bitmex_XBTUSD
1675843200,0.0001,binance_BTCUSDT
1675857600,1.9e-05,bitmex_XBTUSD
1675872000,0.0001,binance_BTCUSDT
1675886400,7.9e-05,bitmex_XBTUSD
1675900800,0.0001,binance_BTCUSDT
1675915200,-0.000166,bitmex_XBTUSD
1675929600,0.0001,binance_BTCUSDT
1675944000,-9.9e-05,bitmex_XBTUSD
1675958400,0.0001,binance_BTCUSDT
1675972800,-0.000234,bitmex_XBTUSD
1675987200,0.0001,binance_BTCUSDT
1676001600,-4.8e-05,bitmex_XBTUSD
1676016000,0.0001,binance_BTCUSDT
1676030400,2.3e-05,bitmex_XBTUSD
1676044800,0.0001,binance_BTCUSDT
1676059200,-0.000202,bitmex_XBTUSD
1676073600,7.684e-05,binance_BTCUSDT
1676088000,3.8e-05,bitmex_XBTUSD
1676102400,5.572e-05,binance_BTCUSDT
1676116800,4.6e-05,bitmex_XBTUSD
1676131200,5.241e-05,binance_BTCUSDT
1676145600,-3e-05,bitmex_XBTUSD
1676160000,5.343e-05,binance_BTCUSDT
1676174400,-0.000172,bitmex_XBTUSD
1676188800,0.0001,binance_BTCUSDT
1676203200,-0.000199,bitmex_XBTUSD
1676217600,2.27e-05,binance_BTCUSDT
1676232000,-0.000245,bitmex_XBTUSD
1676246400,2.074e-05,binance_BTCUSDT
1676260800,-0.000329,bitmex_XBTUSD
1676275200,6.323e-05,binance_BTCUSDT
1676289600,-0.000232,bitmex_XBTUSD
1676304000,0.0001,binance_BTCUSDT
1676318400,-0.000127,bitmex_XBTUSD
1676332800,0.0001,binance_BTCUSDT
1676347200,2.5e-05,bitmex_XBTUSD
1676361600,0.0001,binance_BTCUSDT
1676376000,-0.000119,bitmex_XBTUSD
1676390400,8.887e-05,binance_BTCUSDT
1676404800,0.0001,bitmex_XBTUSD
1676419200,2.377e-05,binance_BTCUSDT
1676433600,0.0001,bitmex_XBTUSD
1676448000,2.63e-05,binance_BTCUSDT
1676462400,1.8e-05,bitmex_XBTUSD
1676476800,9.071e-05,binance_BTCUSDT
1676491200,-0.000146,bitmex_XBTUSD
1676505600,0.0001,binance_BTCUSDT
1676520000,0.0001,bitmex_XBTUSD
1676534400,0.0001,binance_BTCUSDT
1676548800,0.00019,bitmex_XBTUSD
1676563200,0.00023171,binance_BTCUSDT
1676577600,0.0001,bitmex_XBTUSD
1676592000,0.0001,binance_BTCUSDT
1676606400,0.000336,bitmex_XBTUSD
1676620800,0.0001,binance_BTCUSDT
1676635200,0.0001,bitmex_XBTUSD
1676649600,0.0001,binance_BTCUSDT
1676664000,0.0001,bitmex_XBTUSD
1676678400,0.0001,binance_BTCUSDT
1676692800,0.0001,bitmex_XBTUSD
1676707200,0.0001,binance_BTCUSDT
1676721600,0.0001,bitmex_XBTUSD
1676736000,0.0001,binance_BTCUSDT
1676750400,0.0001,bitmex_XBTUSD
1676764800,0.0001,binance_BTCUSDT
1676779200,0.0001,bitmex_XBTUSD
1676793600,0.0001,binance_BTCUSDT
1676808000,0.0001,bitmex_XBTUSD
1676822400,0.0001,binance_BTCUSDT
1676836800,0.0001,bitmex_XBTUSD
1676851200,0.0001,binance_BTCUSDT
1676865600,0.0001,bitmex_XBTUSD
1676880000,0.0001,binance_BTCUSDT
1676894400,0.0001,bitmex_XBTUSD
1676908800,0.0001,binance_BTCUSDT
1676923200,0.0001,bitmex_XBTUSD
1676937600,0.0001,binance_BTCUSDT
1676952000,0.0001,bitmex_XBTUSD
1676966400,0.0001,binance_BTCUSDT
1676980800,0.0001,bitmex_XBTUSD
1676995200,0.0001,binance_BTCUSDT
1677009600,0.0001,bitmex_XBTUSD
1677024000,0.0001,binance_BTCUSDT
1677038400,0.0001,bitmex_XBTUSD
1677052800,0.0001,binance_BTCUSDT
1677067200,0.0001,bitmex_XBTUSD
1677081600,0.0001,binance_BTCUSDT
1677096000,0.0001,bitmex_XBTUSD
1677110400,0.0001,binance_BTCUSDT
1677124800,0.0001,bitmex_XBTUSD
1677139200,3.506e-05,binance_BTCUSDT
1677153600,0.0001,bitmex_XBTUSD
1677168000,3.631e-05,binance_BTCUSDT
1677182400,0.0001,bitmex_XBTUSD
1677196800,4.978e-05,binance_BTCUSDT
1677211200,0.0001,bitmex_XBTUSD
1677225600,4.949e-05,binance_BTCUSDT
1677240000,0.0001,bitmex_XBTUSD
1677254400,5.44e-05,binance_BTCUSDT
1677268800,0.0001,bitmex_XBTUSD
1677283200,1.183e-05,binance_BTCUSDT
1677297600,0.0001,bitmex_XBTUSD
1677312000,6.1e-06,binance_BTCUSDT
1677326400,-4.4e-05,bitmex_XBTUSD
1677340800,-4.8e-07,binance_BTCUSDT
1677355200,5.8e-05,bitmex_XBTUSD
1677369600,7.372e-05,binance_BTCUSDT
1677384000,0.0001,bitmex_XBTUSD
1677398400,2.76e-05,binance_BTCUSDT
1677412800,9.5e-05,bitmex_XBTUSD
1677427200,6.581e-05,binance_BTCUSDT
1677441600,7.6e-05,bitmex_XBTUSD
1677456000,8.144e-05,binance_BTCUSDT
1677470400,0.0001,bitmex_XBTUSD
1677484800,1.196e-05,binance_BTCUSDT
1677499200,0.0001,bitmex_XBTUSD
1677513600,6.826e-05,binance_BTCUSDT
1677528000,0.0001,bitmex_XBTUSD
1677542400,3.414e-05,binance_BTCUSDT
1677556800,0.0001,bitmex_XBTUSD
1677571200,1.985e-05,binance_BTCUSDT
1677585600,0.0001,bitmex_XBTUSD
1677600000,5.95e-05,binance_BTCUSDT
1677614400,0.0001,bitmex_XBTUSD
1677628800,1.85e-06,binance_BTCUSDT
1677643200,5.4e-05,bitmex_XBTUSD
1677657600,0.0001,binance_BTCUSDT
1677672000,2.7e-05,bitmex_XBTUSD
1677686400,0.0001,binance_BTCUSDT
1677700800,0.0001,bitmex_XBTUSD
1677715200,8.612e-05,binance_BTCUSDT
1677729600,0.0001,bitmex_XBTUSD
1677744000,8.703e-05,binance_BTCUSDT
1677758400,0.0001,bitmex_XBTUSD
1677772800,8.395e-05,binance_BTCUSDT
1677787200,0.0001,bitmex_XBTUSD
1677801600,0.0001,binance_BTCUSDT
1677816000,0.0001,bitmex_XBTUSD
1677830400,-4.203e-05,binance_BTCUSDT
1677844800,-0.00012,bitmex_XBTUSD
1677859200,-2.26e-06,binance_BTCUSDT
1677873600,-0.000151,bitmex_XBTUSD
1677888000,5.3e-06,binance_BTCUSDT
1677902400,3.9e-05,bitmex_XBTUSD
1677916800,3.812e-05,binance_BTCUSDT
1677931200,6.7e-05,bitmex_XBTUSD
1677945600,2.104e-05,binance_BTCUSDT
1677960000,6.2e-05,bitmex_XBTUSD
1677974400,1.874e-05,binance_BTCUSDT
1677988800,-0.000125,bitmex_XBTUSD
1678003200,5.44e-06,binance_BTCUSDT
1678017600,0,bitmex_XBTUSD
1678032000,3.706e-05,binance_BTCUSDT
1678046400,0.0001,bitmex_XBTUSD
1678060800,4.054e-05,binance_BTCUSDT
1678075200,-0.000257,bitmex_XBTUSD
1678089600,5.46e-05,binance_BTCUSDT
1678104000,-0.000351,bitmex_XBTUSD
1678118400,5.414e-05,binance_BTCUSDT
1678147200,1.173e-05,binance_BTCUSDT
1678176000,4.375e-05,binance_BTCUSDT
1678204800,2.631e-05,binance_BTCUSDT
1678233600,2.917e-05,binance_BTCUSDT
1678262400,3.816e-05,binance_BTCUSDT
1678291200,0.0001,binance_BTCUSDT
1678320000,0.0001,binance_BTCUSDT
1678348800,0.0001,binance_BTCUSDT
1678377600,0.0001,binance_BTCUSDT
1678406400,-8.895e-05,binance_BTCUSDT
1678435200,5.26e-06,binance_BTCUSDT
1678464000,-1.647e-05,binance_BTCUSDT
1678492800,2.364e-05,binance_BTCUSDT
1678521600,-2.296e-05,binance_BTCUSDT
1678550400,-2.341e-05,binance_BTCUSDT
1678579200,3.76e-06,binance_BTCUSDT
1678608000,9.088e-05,binance_BTCUSDT
1678636800,-4.068e-05,binance_BTCUSDT
1678665600,0.0001,binance_BTCUSDT
1678694400,6.011e-05,binance_BTCUSDT
1678723200,0.0001,binance_BTCUSDT
1678752000,0.00015042,binance_BTCUSDT
1678780800,0.0001,binance_BTCUSDT
1678809600,0.00029811,binance_BTCUSDT
1678838400,0.0001,binance_BTCUSDT
1678867200,0.00024127,binance_BTCUSDT
1678896000,0.00022126,binance_BTCUSDT
1678924800,0.0001,binance_BTCUSDT
1678953600,0.0001,binance_BTCUSDT
1678982400,0.0001,binance_BTCUSDT
1679011200,3.311e-05,binance_BTCUSDT
1679040000,0.0001,binance_BTCUSDT
1679068800,0.0001,binance_BTCUSDT
1679097600,0.0001,binance_BTCUSDT
1679126400,0.0001,binance_BTCUSDT
1679155200,0.0001,binance_BTCUSDT
1679184000,0.0001,binance_BTCUSDT
1679212800,0.0001,binance_BTCUSDT
1679241600,0.0001,binance_BTCUSDT
1679270400,0.0001,binance_BTCUSDT
1679299200,9.081e-05,binance_BTCUSDT
1679328000,0.0001,binance_BTCUSDT
1679356800,8.118e-05,binance_BTCUSDT
1679385600,1.254e-05,binance_BTCUSDT
1679414400,2.92e-06,binance_BTCUSDT
1679443200,2.68e-06,binance_BTCUSDT
1679472000,6e-08,binance_BTCUSDT
1679500800,5.334e-05,binance_BTCUSDT
1679529600,2.48e-06,binance_BTCUSDT
1679558400,-1.09e-05,binance_BTCUSDT
1679587200,0.0001,binance_BTCUSDT
1679616000,0.0001,binance_BTCUSDT
1679644800,0.0001,binance_BTCUSDT
1679673600,0.0001,binance_BTCUSDT
1679702400,-3.1e-06,binance_BTCUSDT
1679731200,4.25e-06,binance_BTCUSDT
1679760000,2.92e-06,binance_BTCUSDT
1679788800,6.1e-07,binance_BTCUSDT
1679817600,-3.326e-05,binance_BTCUSDT
1679846400,3.634e-05,binance_BTCUSDT
1679875200,2.905e-05,binance_BTCUSDT
1679904000,2.409e-05,binance_BTCUSDT
1679932800,-3.96e-06,binance_BTCUSDT
1679961600,-1.428e-05,binance_BTCUSDT
1679990400,1.123e-05,binance_BTCUSDT
1680019200,7.531e-05,binance_BTCUSDT
1680048000,6.075e-05,binance_BTCUSDT
1680076800,7.098e-05,binance_BTCUSDT
1680105600,0.0001,binance_BTCUSDT
1680134400,6.987e-05,binance_BTCUSDT
1680163200,5.638e-05,binance_BTCUSDT
1680192000,1.123e-05,binance_BTCUSDT
1680220800,-2.712e-05,binance_BTCUSDT
1680249600,6.358e-05,binance_BTCUSDT
1680278400,0.0001,binance_BTCUSDT
1680307200,0.0001,binance_BTCUSDT
1680336000,0.0001,binance_BTCUSDT
1680364800,8.84e-05,binance_BTCUSDT
1680393600,4.527e-05,binance_BTCUSDT
1680422400,6.893e-05,binance_BTCUSDT
1680451200,4.514e-05,binance_BTCUSDT
1680480000,1.759e-05,binance_BTCUSDT
1680508800,-1.24e-05,binance_BTCUSDT
1680537600,5.688e-05,binance_BTCUSDT
1680566400,-6.009e-05,binance_BTCUSDT
1680595200,-1.357e-05,binance_BTCUSDT
1680624000,-1.276e-05,binance_BTCUSDT
1680652800,2.76e-05,binance_BTCUSDT
1680681600,8.517e-05,binance_BTCUSDT
1680710400,5.265e-05,binance_BTCUSDT
1680739200,1.442e-05,binance_BTCUSDT
1680768000,3.598e-05,binance_BTCUSDT
1680796800,-2.975e-05,binance_BTCUSDT
1680825600,1.004e-05,binance_BTCUSDT
1680854400,-1.473e-05,binance_BTCUSDT
1680883200,1.055e-05,binance_BTCUSDT
1680912000,2.68e-06,binance_BTCUSDT
1680940800,4.66e-06,binance_BTCUSDT
1680969600,3.192e-05,binance_BTCUSDT
1680998400,9.5e-06,binance_BTCUSDT
1681027200,-9.04e-06,binance_BTCUSDT
1681056000,-8.53e-06,binance_BTCUSDT
1681084800,0.0001,binance_BTCUSDT
1681113600,0.0001,binance_BTCUSDT
1681142400,6.167e-05,binance_BTCUSDT
1681171200,0.0001,binance_BTCUSDT
1681200000,0.0001,binance_BTCUSDT
1681228800,0.0001,binance_BTCUSDT
1681257600,9.582e-05,binance_BTCUSDT
1681286400,8.195e-05,binance_BTCUSDT
1681315200,1.747e-05,binance_BTCUSDT
1681344000,6.665e-05,binance_BTCUSDT
1681372800,4.427e-05,binance_BTCUSDT
1681401600,0.0001,binance_BTCUSDT
1681430400,-1.13e-06,binance_BTCUSDT
1681459200,0.0001,binance_BTCUSDT
1681488000,3.42e-05,binance_BTCUSDT
1681516800,-4.975e-05,binance_BTCUSDT
1681545600,8.455e-05,binance_BTCUSDT
1681574400,0.0001,binance_BTCUSDT
1681603200,7.144e-05,binance_BTCUSDT
1681632000,0.0001,binance_BTCUSDT
1681660800,0.0001,binance_BTCUSDT
1681689600,0.0001,binance_BTCUSDT
1681718400,7.376e-05,binance_BTCUSDT
1681747200,0.0001,binance_BTCUSDT
1681776000,4.683e-05,binance_BTCUSDT
1681804800,-5.1e-06,binance_BTCUSDT
1681833600,6.772e-05,binance_BTCUSDT
1681862400,0.0001,binance_BTCUSDT
1681891200,6.231e-05,binance_BTCUSDT
1681920000,-8.1e-07,binance_BTCUSDT
1681948800,8.579e-05,binance_BTCUSDT
1681977600,3.668e-05,binance_BTCUSDT
1682006400,5.898e-05,binance_BTCUSDT
1682035200,6.297e-05,binance_BTCUSDT
1682064000,0.0001,binance_BTCUSDT
1682092800,0.0001,binance_BTCUSDT
1682121600,0.0001,binance_BTCUSDT
1682150400,6.858e-05,binance_BTCUSDT
1682179200,2.09e-05,binance_BTCUSDT
1682208000,3.768e-05,binance_BTCUSDT
1682236800,1.376e-05,binance_BTCUSDT
1682265600,2.369e-05,binance_BTCUSDT
1682294400,4.679e-05,binance_BTCUSDT
1682323200,3.694e-05,binance_BTCUSDT
1682352000,2.63e-05,binance_BTCUSDT
1682380800,5.066e-05,binance_BTCUSDT
1682409600,6.606e-05,binance_BTCUSDT
1682438400,8.541e-05,binance_BTCUSDT
1682467200,4.346e-05,binance_BTCUSDT
1682496000,1.686e-05,binance_BTCUSDT
1682524800,0.0001,binance_BTCUSDT
1682553600,2.518e-05,binance_BTCUSDT
1682582400,5.769e-05,binance_BTCUSDT
1682611200,3.265e-05,binance_BTCUSDT
1682640000,0.0001,binance_BTCUSDT
1682668800,0.0001,binance_BTCUSDT
1682697600,4.476e-05,binance_BTCUSDT
1682726400,3.7e-07,binance_BTCUSDT
1682755200,6.751e-05,binance_BTCUSDT
1682784000,7.826e-05,binance_BTCUSDT
1682812800,3.132e-05,binance_BTCUSDT
1682841600,3.501e-05,binance_BTCUSDT
1682870400,6.078e-05,binance_BTCUSDT
1682899200,2.435e-05,binance_BTCUSDT
1682928000,-6.37e-05,binance_BTCUSDT
1682956800,5.66e-06,binance_BTCUSDT
1682985600,9.68e-06,binance_BTCUSDT
1683014400,6.135e-05,binance_BTCUSDT
1683043200,1.204e-05,binance_BTCUSDT
1683072000,8.568e-05,binance_BTCUSDT
1683100800,5.435e-05,binance_BTCUSDT
1683129600,5.701e-05,binance_BTCUSDT
1683158400,0.0001,binance_BTCUSDT
1683187200,9.992e-05,binance_BTCUSDT
1683216000,4.314e-05,binance_BTCUSDT
1683244800,3.731e-05,binance_BTCUSDT
1683273600,9.909e-05,binance_BTCUSDT
1683302400,8.548e-05,binance_BTCUSDT
1683331200,0.0001,binance_BTCUSDT
1683360000,0.0001,binance_BTCUSDT
1683388800,0.0001,binance_BTCUSDT
1683417600,4.321e-05,binance_BTCUSDT
1683446400,4.047e-05,binance_BTCUSDT
1683475200,6.046e-05,binance_BTCUSDT
1683504000,7.2e-06,binance_BTCUSDT
1683532800,4.07e-06,binance_BTCUSDT
1683561600,3.902e-05,binance_BTCUSDT
1683590400,5.11e-05,binance_BTCUSDT
1683619200,6.841e-05,binance_BTCUSDT
1683648000,3.78e-06,binance_BTCUSDT
1683676800,3.752e-05,binance_BTCUSDT
1683705600,4.785e-05,binance_BTCUSDT
1683734400,3.792e-05,binance_BTCUSDT
1683763200,1.596e-05,binance_BTCUSDT
1683792000,6.926e-05,binance_BTCUSDT
1683820800,5.207e-05,binance_BTCUSDT
1683849600,3.633e-05,binance_BTCUSDT
1683878400,3.964e-05,binance_BTCUSDT
1683907200,2.762e-05,binance_BTCUSDT
1683936000,-1e-07,binance_BTCUSDT
1683964800,5.385e-05,binance_BTCUSDT
1683993600,4.494e-05,binance_BTCUSDT
1684022400,1.715e-05,binance_BTCUSDT
1684051200,3.039e-05,binance_BTCUSDT
1684080000,3.537e-05,binance_BTCUSDT
1684108800,4.407e-05,binance_BTCUSDT
1684137600,-1.576e-05,binance_BTCUSDT
1684166400,-1.9e-06,binance_BTCUSDT
1684195200,8.66e-05,binance_BTCUSDT
1684224000,3.165e-05,binance_BTCUSDT
1684252800,5.8e-05,binance_BTCUSDT
1684281600,8.392e-05,binance_BTCUSDT
1684310400,7.029e-05,binance_BTCUSDT
1684339200,4.461e-05,binance_BTCUSDT
1684368000,0.0001,binance_BTCUSDT
1684396800,0.0001,binance_BTCUSDT
1684425600,8.342e-05,binance_BTCUSDT
1684454400,2.716e-05,binance_BTCUSDT
1684483200,4.474e-05,binance_BTCUSDT
1684512000,3.815e-05,binance_BTCUSDT
1684540800,5.313e-05,binance_BTCUSDT
1684569600,2.455e-05,binance_BTCUSDT
1684598400,-8.49e-06,binance_BTCUSDT
1684627200,4.776e-05,binance_BTCUSDT
1684656000,7.262e-05,binance_BTCUSDT
1684684800,5.071e-05,binance_BTCUSDT
1684713600,3.019e-05,binance_BTCUSDT
1684742400,2.1e-06,binance_BTCUSDT
1684771200,4.77e-05,binance_BTCUSDT
1684800000,0.0001,binance_BTCUSDT
1684828800,0.0001,binance_BTCUSDT
1684857600,0.0001,binance_BTCUSDT
1684886400,0.0001,binance_BTCUSDT
1684915200,2.067e-05,binance_BTCUSDT
1684944000,4.362e-05,binance_BTCUSDT
1684972800,5.82e-05,binance_BTCUSDT
1685001600,0.0001,binance_BTCUSDT
1685030400,0.0001,binance_BTCUSDT
1685059200,0.0001,binance_BTCUSDT
1685088000,9.583e-05,binance_BTCUSDT
1685116800,4.953e-05,binance_BTCUSDT
1685145600,7.146e-05,binance_BTCUSDT
1685174400,8.564e-05,binance_BTCUSDT
1685203200,7.362e-05,binance_BTCUSDT
1685232000,9.88e-05,binance_BTCUSDT
1685260800,0.0001,binance_BTCUSDT
1685289600,0.0001,binance_BTCUSDT
1685318400,0.0001,binance_BTCUSDT
1685347200,0.0001,binance_BTCUSDT
1685376000,0.0001,binance_BTCUSDT
1685404800,6.187e-05,binance_BTCUSDT
1685433600,9.036e-05,binance_BTCUSDT
1685462400,3.861e-05,binance_BTCUSDT
1685491200,2.344e-05,binance_BTCUSDT
1685520000,2.864e-05,binance_BTCUSDT
1685548800,9.865e-05,binance_BTCUSDT
1685577600,2.096e-05,binance_BTCUSDT
1685606400,9.641e-05,binance_BTCUSDT
1685635200,0.0001,binance_BTCUSDT
1685664000,4.77e-05,binance_BTCUSDT
1685692800,9.266e-05,binance_BTCUSDT
1685721600,9.946e-05,binance_BTCUSDT
1685750400,7.42e-05,binance_BTCUSDT
1685779200,0.0001,binance_BTCUSDT
1685808000,5.566e-05,binance_BTCUSDT
1685836800,4.85e-05,binance_BTCUSDT
1685865600,0.0001,binance_BTCUSDT
1685894400,0.0001,binance_BTCUSDT
1685923200,0.0001,binance_BTCUSDT
1685952000,9.538e-05,binance_BTCUSDT
1685980800,7.856e-05,binance_BTCUSDT
1686009600,-7.157e-05,binance_BTCUSDT
1686038400,-3.047e-05,binance_BTCUSDT
1686067200,4.288e-05,binance_BTCUSDT
1686096000,0.0001,binance_BTCUSDT
1686124800,0.0001,binance_BTCUSDT
1686153600,4.005e-05,binance_BTCUSDT
1686182400,5.504e-05,binance_BTCUSDT
1686211200,3.09e-05,binance_BTCUSDT
1686240000,4.011e-05,binance_BTCUSDT
1686268800,6.588e-05,binance_BTCUSDT
1686297600,7.916e-05,binance_BTCUSDT
1686326400,4.404e-05,binance_BTCUSDT
1686355200,8.702e-05,binance_BTCUSDT
1686384000,2.417e-05,binance_BTCUSDT
1686412800,3.854e-05,binance_BTCUSDT
1686441600,4.45e-05,binance_BTCUSDT
1686470400,3.197e-05,binance_BTCUSDT
1686499200,5.925e-05,binance_BTCUSDT
1686528000,8.66e-05,binance_BTCUSDT
1686556800,3.065e-05,binance_BTCUSDT
1686585600,3.624e-05,binance_BTCUSDT
1686614400,0.0001,binance_BTCUSDT
1686643200,6.18e-05,binance_BTCUSDT
1686672000,6.503e-05,binance_BTCUSDT
1686700800,2.438e-05,binance_BTCUSDT
1686729600,2.716e-05,binance_BTCUSDT
1686758400,3.661e-05,binance_BTCUSDT
1686787200,-3.265e-05,binance_BTCUSDT
1686816000,6.193e-05,binance_BTCUSDT
1686844800,6.687e-05,binance_BTCUSDT
1686873600,3.971e-05,binance_BTCUSDT
1686902400,7.81e-06,binance_BTCUSDT
1686931200,2.36e-06,binance_BTCUSDT
1686960000,9.868e-05,binance_BTCUSDT
1686988800,0.0001,binance_BTCUSDT
1687017600,7.543e-05,binance_BTCUSDT
1687046400,3.706e-05,binance_BTCUSDT
1687075200,8.233e-05,binance_BTCUSDT
1687104000,6.705e-05,binance_BTCUSDT
1687132800,7.04e-05,binance_BTCUSDT
1687161600,6.397e-05,binance_BTCUSDT
1687190400,3.69e-05,binance_BTCUSDT
1687219200,4.35e-05,binance_BTCUSDT
1687248000,-4.48e-06,binance_BTCUSDT
1687276800,-2.597e-05,binance_BTCUSDT
1687305600,6.295e-05,binance_BTCUSDT
1687334400,0.0001,binance_BTCUSDT
1687363200,2.551e-05,binance_BTCUSDT
1687392000,0.0001,binance_BTCUSDT
1687420800,0.0001,binance_BTCUSDT
1687449600,9.236e-05,binance_BTCUSDT
1687478400,0.0001,binance_BTCUSDT
1687507200,0.0001,binance_BTCUSDT
1687536000,0.0001,binance_BTCUSDT
1687564800,0.0001,binance_BTCUSDT
1687593600,0.0001,binance_BTCUSDT
1687622400,0.0001,binance_BTCUSDT
1687651200,0.0001,binance_BTCUSDT
1687680000,0.0001,binance_BTCUSDT
1687708800,0.0001,binance_BTCUSDT
1687737600,0.0001,binance_BTCUSDT
1687766400,0.0001,binance_BTCUSDT
1687795200,0.0001,binance_BTCUSDT
1687824000,0.0001,binance_BTCUSDT
1687852800,0.0001,binance_BTCUSDT
1687881600,0.0001,binance_BTCUSDT
1687910400,0.0001,binance_BTCUSDT
1687939200,9.302e-05,binance_BTCUSDT
1687968000,4.598e-05,binance_BTCUSDT
1687996800,6.574e-05,binance_BTCUSDT
1688025600,9.3e-05,binance_BTCUSDT
1688054400,0.0001,binance_BTCUSDT
1688083200,0.0001,binance_BTCUSDT
1688112000,0.0001,binance_BTCUSDT
1688140800,0.0001,binance_BTCUSDT
1688169600,0.0001,binance_BTCUSDT
1688198400,0.0001,binance_BTCUSDT
1688227200,0.0001,binance_BTCUSDT
1688256000,0.0001,binance_BTCUSDT
1688284800,0.0001,binance_BTCUSDT
1688313600,0.0001,binance_BTCUSDT
1688342400,0.0001,binance_BTCUSDT
1688371200,0.0001,binance_BTCUSDT
1688400000,0.0001,binance_BTCUSDT
1688428800,0.0001,binance_BTCUSDT
1688457600,0.0001,binance_BTCUSDT
1688486400,0.0001,binance_BTCUSDT
1688515200,0.0001,binance_BTCUSDT
1688544000,0.0001,binance_BTCUSDT
1688572800,0.0001,binance_BTCUSDT
1688601600,0.0001,binance_BTCUSDT
1688630400,7.72e-05,binance_BTCUSDT
1688659200,1.492e-05,binance_BTCUSDT
1688688000,6.98e-06,binance_BTCUSDT
1688716800,4.221e-05,binance_BTCUSDT
1688745600,-6.58e-06,binance_BTCUSDT
1688774400,3.757e-05,binance_BTCUSDT
1688803200,2.631e-05,binance_BTCUSDT
1688832000,1.686e-05,binance_BTCUSDT
1688860800,5.707e-05,binance_BTCUSDT
1688889600,6.821e-05,binance_BTCUSDT
1688918400,6.153e-05,binance_BTCUSDT
1688947200,-2.182e-05,binance_BTCUSDT
1688976000,4.85e-05,binance_BTCUSDT
1689004800,2.995e-05,binance_BTCUSDT
1689033600,8.01e-05,binance_BTCUSDT
1689062400,8.265e-05,binance_BTCUSDT
1689091200,3.954e-05,binance_BTCUSDT
1689120000,7.041e-05,binance_BTCUSDT
1689148800,6.479e-05,binance_BTCUSDT
1689177600,4.65e-05,binance_BTCUSDT
1689206400,-1.135e-05,binance_BTCUSDT
1689235200,6.12e-05,binance_BTCUSDT
1689264000,5.29e-06,binance_BTCUSDT
1689292800,0.0001,binance_BTCUSDT
1689321600,0.0001,binance_BTCUSDT
1689350400,0.0001,binance_BTCUSDT
1689379200,-7.313e-05,binance_BTCUSDT
1689408000,3.007e-05,binance_BTCUSDT
1689436800,2.984e-05,binance_BTCUSDT
1689465600,1.993e-05,binance_BTCUSDT
1689494400,7.772e-05,binance_BTCUSDT
1689523200,4.583e-05,binance_BTCUSDT
1689552000,2.785e-05,binance_BTCUSDT
1689580800,6.278e-05,binance_BTCUSDT
1689609600,6.261e-05,binance_BTCUSDT
1689638400,3.983e-05,binance_BTCUSDT
1689667200,6.798e-05,binance_BTCUSDT
1689696000,7.477e-05,binance_BTCUSDT
1689724800,0.0001,binance_BTCUSDT
1689753600,5.224e-05,binance_BTCUSDT
1689782400,7.69e-05,binance_BTCUSDT
1689811200,2.652e-05,binance_BTCUSDT
1689840000,9.641e-05,binance_BTCUSDT
1689868800,5.563e-05,binance_BTCUSDT
1689897600,2.877e-05,binance_BTCUSDT
1689926400,7.77e-06,binance_BTCUSDT
1689955200,3.717e-05,binance_BTCUSDT
1689984000,2.195e-05,binance_BTCUSDT
1690012800,9.44e-06,binance_BTCUSDT
1690041600,1.77e-06,binance_BTCUSDT
1690070400,2.908e-05,binance_BTCUSDT
1690099200,0.0001,binance_BTCUSDT
1690128000,9.372e-05,binance_BTCUSDT
1690156800,0.0001,binance_BTCUSDT
1690185600,4.338e-05,binance_BTCUSDT
1690214400,0.0001,binance_BTCUSDT
1690243200,7.702e-05,binance_BTCUSDT
1690272000,6.913e-05,binance_BTCUSDT
1690300800,9.465e-05,binance_BTCUSDT
1690329600,9.451e-05,binance_BTCUSDT
1690358400,0.0001,binance_BTCUSDT
1690387200,5.768e-05,binance_BTCUSDT
1690416000,3.136e-05,binance_BTCUSDT
1690444800,3.83e-05,binance_BTCUSDT
1690473600,2.876e-05,binance_BTCUSDT
1690502400,4.373e-05,binance_BTCUSDT
1690531200,6.675e-05,binance_BTCUSDT
1690560000,0.0001,binance_BTCUSDT
1690588800,0.0001,binance_BTCUSDT
1690617600,4.567e-05,binance_BTCUSDT
1690646400,7.53e-05,binance_BTCUSDT
1690675200,8.151e-05,binance_BTCUSDT
1690704000,5.56e-05,binance_BTCUSDT
1690732800,4.357e-05,binance_BTCUSDT
1690761600,2.369e-05,binance_BTCUSDT
1690790400,7.362e-05,binance_BTCUSDT
1690819200,8.239e-05,binance_BTCUSDT
1690848000,6.3e-05,binance_BTCUSDT
1690876800,6.768e-05,binance_BTCUSDT
1690905600,0.0001,binance_BTCUSDT
1690934400,0.0001,binance_BTCUSDT
1690963200,0.0001,binance_BTCUSDT
1690992000,0.0001,binance_BTCUSDT
1691020800,0.0001,binance_BTCUSDT
1691049600,0.0001,binance_BTCUSDT
1691078400,0.0001,binance_BTCUSDT
1691107200,8.116e-05,binance_BTCUSDT
1691136000,0.0001,binance_BTCUSDT
1691164800,0.0001,binance_BTCUSDT
1691193600,4.181e-05,binance_BTCUSDT
1691222400,0.0001,binance_BTCUSDT
1691251200,0.0001,binance_BTCUSDT
1691280000,0.0001,binance_BTCUSDT
1691308800,0.0001,binance_BTCUSDT
1691337600,0.0001,binance_BTCUSDT
1691366400,0.0001,binance_BTCUSDT
1691395200,7.669e-05,binance_BTCUSDT
1691424000,0.0001,binance_BTCUSDT
1691452800,0.0001,binance_BTCUSDT
1691481600,9.136e-05,binance_BTCUSDT
1691510400,5.944e-05,binance_BTCUSDT
1691539200,8.11e-05,binance_BTCUSDT
1691568000,9.527e-05,binance_BTCUSDT
1691596800,8.877e-05,binance_BTCUSDT
1691625600,0.0001,binance_BTCUSDT
1691654400,0.0001,binance_BTCUSDT
1691683200,8.277e-05,binance_BTCUSDT
1691712000,0.0001,binance_BTCUSDT
1691740800,0.0001,binance_BTCUSDT
1691769600,7.123e-05,binance_BTCUSDT
1691798400,0.0001,binance_BTCUSDT
1691827200,0.0001,binance_BTCUSDT
1691856000,9.305e-05,binance_BTCUSDT
1691884800,0.0001,binance_BTCUSDT
1691913600,4.637e-05,binance_BTCUSDT
1691942400,0.0001,binance_BTCUSDT
1691971200,0.0001,binance_BTCUSDT
1692000000,0.0001,binance_BTCUSDT
1692028800,0.0001,binance_BTCUSDT
1692057600,0.0001,binance_BTCUSDT
1692086400,0.0001,binance_BTCUSDT
1692115200,0.0001,binance_BTCUSDT
1692144000,0.0001,binance_BTCUSDT
1692172800,0.0001,binance_BTCUSDT
1692201600,0.0001,binance_BTCUSDT
1692230400,0.0001,binance_BTCUSDT
1692259200,0.0001,binance_BTCUSDT
1692288000,0.0001,binance_BTCUSDT
1692316800,0.0001,binance_BTCUSDT
1692345600,-4.6e-07,binance_BTCUSDT
1692374400,5.166e-05,binance_BTCUSDT
1692403200,-2.74e-06,binance_BTCUSDT
1692432000,-3.22e-06,binance_BTCUSDT
1692460800,-5.286e-05,binance_BTCUSDT
1692489600,-3.069e-05,binance_BTCUSDT
1692518400,-4.364e-05,binance_BTCUSDT
1692547200,-1.93e-06,binance_BTCUSDT
1692576000,-2.797e-05,binance_BTCUSDT
1692604800,8.16e-06,binance_BTCUSDT
1692633600,-1.619e-05,binance_BTCUSDT
1692662400,-3.08e-06,binance_BTCUSDT
1692691200,-1.928e-05,binance_BTCUSDT
1692720000,3.048e-05,binance_BTCUSDT
1692748800,7.39e-06,binance_BTCUSDT
1692777600,-1.02e-05,binance_BTCUSDT
1692806400,3.247e-05,binance_BTCUSDT
1692835200,-2.822e-05,binance_BTCUSDT
1692864000,2.506e-05,binance_BTCUSDT
1692892800,4.9e-05,binance_BTCUSDT
1692921600,-6.59e-06,binance_BTCUSDT
1692950400,2.802e-05,binance_BTCUSDT
1692979200,5.218e-05,binance_BTCUSDT
1693008000,3.82e-05,binance_BTCUSDT
1693036800,5.334e-05,binance_BTCUSDT
1693065600,2.096e-05,binance_BTCUSDT
1693094400,9.9e-07,binance_BTCUSDT
1693123200,3.976e-05,binance_BTCUSDT
1693152000,1.232e-05,binance_BTCUSDT
1693180800,-3.95e-06,binance_BTCUSDT
1693209600,4.424e-05,binance_BTCUSDT
1693238400,4.524e-05,binance_BTCUSDT
1693267200,8.24e-06,binance_BTCUSDT
1693296000,3.769e-05,binance_BTCUSDT
1693324800,-0.00010934,binance_BTCUSDT
1693353600,4.868e-05,binance_BTCUSDT
1693382400,5.731e-05,binance_BTCUSDT
1693411200,3.944e-05,binance_BTCUSDT
1693440000,2.909e-05,binance_BTCUSDT
1693468800,6.859e-05,binance_BTCUSDT
1693497600,8.105e-05,binance_BTCUSDT
1693526400,2.583e-05,binance_BTCUSDT
1693555200,5.968e-05,binance_BTCUSDT
1693584000,6.254e-05,binance_BTCUSDT
1693612800,4.998e-05,binance_BTCUSDT
1693641600,1.937e-05,binance_BTCUSDT
1693670400,-2.018e-05,binance_BTCUSDT
1693699200,4.839e-05,binance_BTCUSDT
1693728000,2.35e-06,binance_BTCUSDT
1693756800,2.89e-05,binance_BTCUSDT
1693785600,2.69e-05,binance_BTCUSDT
1693814400,1.469e-05,binance_BTCUSDT
1693843200,-1.059e-05,binance_BTCUSDT
1693872000,5.3e-07,binance_BTCUSDT
1693900800,1.975e-05,binance_BTCUSDT
1693929600,3.366e-05,binance_BTCUSDT
1693958400,1.737e-05,binance_BTCUSDT
1693987200,-2.763e-05,binance_BTCUSDT
1694016000,2.135e-05,binance_BTCUSDT
1694044800,3.83e-05,binance_BTCUSDT
1694073600,3.883e-05,binance_BTCUSDT
1694102400,6.924e-05,binance_BTCUSDT
1694131200,-1.525e-05,binance_BTCUSDT
1694160000,5.12e-06,binance_BTCUSDT
1694188800,-1.691e-05,binance_BTCUSDT
1694217600,-5.057e-05,binance_BTCUSDT
1694246400,-3.77e-06,binance_BTCUSDT
1694275200,1.423e-05,binance_BTCUSDT
1694304000,-7.3e-07,binance_BTCUSDT
1694332800,3.294e-05,binance_BTCUSDT
1694361600,2.609e-05,binance_BTCUSDT
1694390400,-3e-06,binance_BTCUSDT
1694419200,1.823e-05,binance_BTCUSDT
1694448000,1.838e-05,binance_BTCUSDT
1694476800,2.73e-05,binance_BTCUSDT
1694505600,5.425e-05,binance_BTCUSDT
1694534400,-3.502e-05,binance_BTCUSDT
1694563200,2.342e-05,binance_BTCUSDT
1694592000,1.26e-05,binance_BTCUSDT
1694620800,3.099e-05,binance_BTCUSDT
1694649600,4.61e-06,binance_BTCUSDT
1694678400,3.428e-05,binance_BTCUSDT
1694707200,-4.748e-05,binance_BTCUSDT
1694736000,-2.641e-05,binance_BTCUSDT
1694764800,-7.61e-06,binance_BTCUSDT
1694793600,7.561e-05,binance_BTCUSDT
1694822400,-1.381e-05,binance_BTCUSDT
1694851200,-4.32e-05,binance_BTCUSDT
1694880000,-3.161e-05,binance_BTCUSDT
1694908800,8.97e-06,binance_BTCUSDT
1694937600,1.142e-05,binance_BTCUSDT
1694966400,6.49e-06,binance_BTCUSDT
1694995200,-5.08e-06,binance_BTCUSDT
1695024000,5.79e-06,binance_BTCUSDT
1695052800,-6.774e-05,binance_BTCUSDT
1695081600,2.468e-05,binance_BTCUSDT
1695110400,-1.972e-05,binance_BTCUSDT
1695139200,-1.756e-05,binance_BTCUSDT
1695168000,-2.614e-05,binance_BTCUSDT
1695196800,-3.777e-05,binance_BTCUSDT
1695225600,-9.91e-06,binance_BTCUSDT
1695254400,-2.9e-07,binance_BTCUSDT
1695283200,4.303e-05,binance_BTCUSDT
1695312000,7.429e-05,binance_BTCUSDT
1695340800,-6.2e-07,binance_BTCUSDT
1695369600,1.034e-05,binance_BTCUSDT
1695398400,2.136e-05,binance_BTCUSDT
1695427200,6.676e-05,binance_BTCUSDT
1695456000,1.556e-05,binance_BTCUSDT
1695484800,2.09e-06,binance_BTCUSDT
1695513600,-1.392e-05,binance_BTCUSDT
1695542400,4.721e-05,binance_BTCUSDT
1695571200,2.887e-05,binance_BTCUSDT
1695600000,-1.26e-05,binance_BTCUSDT
1695628800,8.565e-05,binance_BTCUSDT
1695657600,4.792e-05,binance_BTCUSDT
1695686400,-3.91e-05,binance_BTCUSDT
1695715200,-1.215e-05,binance_BTCUSDT
1695744000,5.626e-05,binance_BTCUSDT
1695772800,9.944e-05,binance_BTCUSDT
1695801600,3.378e-05,binance_BTCUSDT
1695830400,2.074e-05,binance_BTCUSDT
1695859200,6.74e-06,binance_BTCUSDT
1695888000,-1.581e-05,binance_BTCUSDT
1695916800,-4.732e-05,binance_BTCUSDT
1695945600,-3.894e-05,binance_BTCUSDT
1695974400,-2.567e-05,binance_BTCUSDT
1696003200,4.76e-06,binance_BTCUSDT
1696032000,6.43e-06,binance_BTCUSDT
1696060800,1.864e-05,binance_BTCUSDT
1696089600,1.525e-05,binance_BTCUSDT
1696118400,2.95e-06,binance_BTCUSDT
1696147200,-6.19e-06,binance_BTCUSDT
1696176000,-2.263e-05,binance_BTCUSDT
1696204800,5.831e-05,binance_BTCUSDT
1696233600,7.28e-06,binance_BTCUSDT
1696262400,-1.477e-05,binance_BTCUSDT
1696291200,4.172e-05,binance_BTCUSDT
1696320000,1.667e-05,binance_BTCUSDT
1696348800,2.5e-05,binance_BTCUSDT
1696377600,6.031e-05,binance_BTCUSDT
1696406400,6.2e-05,binance_BTCUSDT
1696435200,-2.857e-05,binance_BTCUSDT
1696464000,-3.807e-05,binance_BTCUSDT
1696492800,-4.268e-05,binance_BTCUSDT
1696521600,-2.302e-05,binance_BTCUSDT
1696550400,-1.106e-05,binance_BTCUSDT
1696579200,1.436e-05,binance_BTCUSDT
1696608000,-3.149e-05,binance_BTCUSDT
1696636800,2.124e-05,binance_BTCUSDT
1696665600,2.849e-05,binance_BTCUSDT
1696694400,2.083e-05,binance_BTCUSDT
1696723200,3.14e-06,binance_BTCUSDT
1696752000,9.74e-06,binance_BTCUSDT
1696780800,5.163e-05,binance_BTCUSDT
1696809600,3.992e-05,binance_BTCUSDT
1696838400,3.515e-05,binance_BTCUSDT
1696867200,7.838e-05,binance_BTCUSDT
1696896000,6.349e-05,binance_BTCUSDT
1696924800,1.894e-05,binance_BTCUSDT
1696953600,4.548e-05,binance_BTCUSDT
1696982400,5.918e-05,binance_BTCUSDT
1697011200,8.33e-05,binance_BTCUSDT
1697040000,6.319e-05,binance_BTCUSDT
1697068800,0.0001,binance_BTCUSDT
1697097600,2.661e-05,binance_BTCUSDT
1697126400,7.304e-05,binance_BTCUSDT
1697155200,2.294e-05,binance_BTCUSDT
1697184000,2.039e-05,binance_BTCUSDT
1697212800,2.326e-05,binance_BTCUSDT
1697241600,1.05e-06,binance_BTCUSDT
1697270400,2.211e-05,binance_BTCUSDT
1697299200,2.456e-05,binance_BTCUSDT
1697328000,-1.509e-05,binance_BTCUSDT
1697356800,4.292e-05,binance_BTCUSDT
1697385600,2.224e-05,binance_BTCUSDT
1697414400,5.11e-06,binance_BTCUSDT
1697443200,2.8e-07,binance_BTCUSDT
1697472000,9.644e-05,binance_BTCUSDT
1697500800,2.04e-06,binance_BTCUSDT
1697529600,1.493e-05,binance_BTCUSDT
1697558400,-2.311e-05,binance_BTCUSDT
1697587200,-3.343e-05,binance_BTCUSDT
1697616000,-1.216e-05,binance_BTCUSDT
1697644800,1.644e-05,binance_BTCUSDT
1697673600,-1.028e-05,binance_BTCUSDT
1697702400,-6.24e-06,binance_BTCUSDT
1697731200,-0.00011006,binance_BTCUSDT
1697760000,-9.272e-05,binance_BTCUSDT
1697788800,1.938e-05,binance_BTCUSDT
1697817600,2.687e-05,binance_BTCUSDT
1697846400,-1.585e-05,binance_BTCUSDT
1697875200,4.374e-05,binance_BTCUSDT
1697904000,5.827e-05,binance_BTCUSDT
1697932800,2.567e-05,binance_BTCUSDT
1697961600,2.579e-05,binance_BTCUSDT
1697990400,3.115e-05,binance_BTCUSDT
1698019200,8.25e-05,binance_BTCUSDT
1698048000,9.59e-05,binance_BTCUSDT
1698076800,6.48e-06,binance_BTCUSDT
1698105600,0.0001,binance_BTCUSDT
1698134400,0.0001,binance_BTCUSDT
1698163200,0.0001,binance_BTCUSDT
1698192000,0.0001,binance_BTCUSDT
1698220800,0.0001,binance_BTCUSDT
1698249600,0.0001,binance_BTCUSDT
1698278400,0.0001,binance_BTCUSDT
1698307200,0.0001,binance_BTCUSDT
1698336000,0.0001,binance_BTCUSDT
1698364800,0.0001,binance_BTCUSDT
1698393600,0.0001,binance_BTCUSDT
1698422400,0.0001,binance_BTCUSDT
1698451200,0.0001,binance_BTCUSDT
1698480000,0.0001,binance_BTCUSDT
1698508800,0.0001,binance_BTCUSDT
1698537600,0.0001,binance_BTCUSDT
1698566400,0.0001,binance_BTCUSDT
1698595200,0.0001,binance_BTCUSDT
1698624000,0.0001,binance_BTCUSDT
1698652800,0.0001,binance_BTCUSDT
1698681600,0.0001,binance_BTCUSDT
1698710400,0.0001,binance_BTCUSDT
1698739200,0.0001,binance_BTCUSDT
1698768000,0.0001,binance_BTCUSDT
1698796800,0.0001,binance_BTCUSDT
1698825600,0.0001,binance_BTCUSDT
1698854400,0.0001,binance_BTCUSDT
1698883200,0.0001,binance_BTCUSDT
1698912000,0.0001,binance_BTCUSDT
1698940800,0.0001,binance_BTCUSDT
1698969600,0.0001,binance_BTCUSDT
1698998400,0.0001,binance_BTCUSDT
1699027200,0.0001,binance_BTCUSDT
1699056000,0.0001,binance_BTCUSDT
1699084800,0.0001,binance_BTCUSDT
1699113600,0.0001,binance_BTCUSDT
1699142400,0.0001,binance_BTCUSDT
1699171200,0.0001,binance_BTCUSDT
1699200000,0.0001,binance_BTCUSDT
1699228800,0.0001,binance_BTCUSDT
1699257600,0.0001,binance_BTCUSDT
1699286400,0.0001,binance_BTCUSDT
1699315200,0.0001,binance_BTCUSDT
1699344000,0.0001,binance_BTCUSDT
1699372800,0.0001,binance_BTCUSDT
1699401600,0.0001,binance_BTCUSDT
1699430400,0.0001,binance_BTCUSDT
1699459200,0.0001,binance_BTCUSDT
1699488000,0.0001,binance_BTCUSDT
1699516800,0.0001,binance_BTCUSDT
1699545600,0.00020027,binance_BTCUSDT
1699574400,0.0001,binance_BTCUSDT
1699603200,0.00011682,binance_BTCUSDT
1699632000,0.0001,binance_BTCUSDT
1699660800,0.0001,binance_BTCUSDT
1699689600,0.00016607,binance_BTCUSDT
1699718400,0.00014648,binance_BTCUSDT
1699747200,0.0001543,binance_BTCUSDT
1699776000,0.00023487,binance_BTCUSDT
1699804800,0.00027221,binance_BTCUSDT
1699833600,0.00032467,binance_BTCUSDT
1699862400,0.00010893,binance_BTCUSDT
1699891200,0.00020492,binance_BTCUSDT
1699920000,0.00017382,binance_BTCUSDT
1699948800,0.00016369,binance_BTCUSDT
1699977600,0.00014477,binance_BTCUSDT
1700006400,0.0001,binance_BTCUSDT
1700035200,0.0001,binance_BTCUSDT
1700064000,0.0001,binance_BTCUSDT
1700092800,0.0001,binance_BTCUSDT
1700121600,0.00015199,binance_BTCUSDT
1700150400,0.00012014,binance_BTCUSDT
1700179200,0.0001,binance_BTCUSDT
1700208000,0.0001,binance_BTCUSDT
1700236800,0.0001,binance_BTCUSDT
1700265600,0.0001,binance_BTCUSDT
1700294400,0.0001,binance_BTCUSDT
1700323200,0.0001,binance_BTCUSDT
1700352000,0.0001,binance_BTCUSDT
1700380800,0.0001,binance_BTCUSDT
1700409600,0.0001,binance_BTCUSDT
1700438400,0.0001,binance_BTCUSDT
1700467200,0.0001,binance_BTCUSDT
1700496000,0.0001,binance_BTCUSDT
1700524800,0.0001,binance_BTCUSDT
1700553600,0.0001,binance_BTCUSDT
1700582400,0.0001,binance_BTCUSDT
1700611200,0.0001,binance_BTCUSDT
1700640000,0.0001,binance_BTCUSDT
1700668800,0.0001,binance_BTCUSDT
1700697600,0.0001,binance_BTCUSDT
1700726400,0.0001,binance_BTCUSDT
1700755200,0.0001,binance_BTCUSDT
1700784000,0.0001,binance_BTCUSDT
1700812800,0.0001,binance_BTCUSDT
1700841600,0.0001,binance_BTCUSDT
1700870400,0.0001,binance_BTCUSDT
1700899200,0.0001,binance_BTCUSDT
1700928000,0.0001,binance_BTCUSDT
1700956800,0.0001,binance_BTCUSDT
1700985600,0.0001,binance_BTCUSDT
1701014400,0.0001,binance_BTCUSDT
1701043200,0.0001,binance_BTCUSDT
1701072000,0.0001,binance_BTCUSDT
1701100800,0.0001,binance_BTCUSDT
1701129600,0.0001,binance_BTCUSDT
1701158400,0.0001,binance_BTCUSDT
1701187200,0.0001,binance_BTCUSDT
1701216000,0.0001,binance_BTCUSDT
1701244800,0.0001,binance_BTCUSDT
1701273600,0.0001,binance_BTCUSDT
1701302400,0.0001,binance_BTCUSDT
1701331200,0.0001,binance_BTCUSDT
1701360000,0.0001,binance_BTCUSDT
1701388800,0.0001,binance_BTCUSDT
1701417600,0.0001,binance_BTCUSDT
1701446400,0.0001,binance_BTCUSDT
1701475200,9.95e-05,binance_BTCUSDT
1701504000,6.973e-05,binance_BTCUSDT
1701532800,8.541e-05,binance_BTCUSDT
1701561600,0.0001,binance_BTCUSDT
1701590400,0.0001,binance_BTCUSDT
1701619200,0.0001,binance_BTCUSDT
1701648000,0.0001,binance_BTCUSDT
1701676800,0.0001,binance_BTCUSDT
1701705600,0.0001,binance_BTCUSDT
1701734400,0.0001,binance_BTCUSDT
1701763200,0.0001,binance_BTCUSDT
1701792000,0.0001,binance_BTCUSDT
1701820800,0.0001,binance_BTCUSDT
1701849600,0.0001,binance_BTCUSDT
1701878400,0.0001,binance_BTCUSDT
1701907200,0.0001,binance_BTCUSDT
1701936000,0.0001,binance_BTCUSDT
1701964800,0.0001,binance_BTCUSDT
1701993600,0.0001,binance_BTCUSDT
1702022400,0.00023288,binance_BTCUSDT
1702051200,0.00020242,binance_BTCUSDT
1702080000,0.00011504,binance_BTCUSDT
1702108800,0.00030159,binance_BTCUSDT
1702137600,0.00017192,binance_BTCUSDT
1702166400,0.00020724,binance_BTCUSDT
1702195200,0.00020383,binance_BTCUSDT
1702224000,0.00023923,binance_BTCUSDT
1702252800,0.0001473,binance_BTCUSDT
1702281600,0.0001,binance_BTCUSDT
1702310400,0.0001,binance_BTCUSDT
1702339200,0.0001,binance_BTCUSDT
1702368000,0.0001,binance_BTCUSDT
1702396800,0.0001,binance_BTCUSDT
1702425600,0.00011909,binance_BTCUSDT
1702454400,0.00010162,binance_BTCUSDT
1702483200,0.00012601,binance_BTCUSDT
1702512000,0.0001,binance_BTCUSDT
1702540800,0.0001,binance_BTCUSDT
1702569600,0.0001,binance_BTCUSDT
1702598400,0.0001,binance_BTCUSDT
1702627200,0.0001,binance_BTCUSDT
1702656000,0.0001,binance_BTCUSDT
1702684800,0.0001,binance_BTCUSDT
1702713600,0.0001,binance_BTCUSDT
1702742400,0.0001,binance_BTCUSDT
1702771200,0.0001,binance_BTCUSDT
1702800000,0.0001,binance_BTCUSDT
1702828800,0.0001,binance_BTCUSDT
1702857600,0.00013355,binance_BTCUSDT
1702886400,0.0001,binance_BTCUSDT
1702915200,0.00015611,binance_BTCUSDT
1702944000,0.0001,binance_BTCUSDT
1702972800,0.0001,binance_BTCUSDT
1703001600,0.0001,binance_BTCUSDT
1703030400,0.00010506,binance_BTCUSDT
1703059200,0.0001,binance_BTCUSDT
1703088000,0.00023637,binance_BTCUSDT
1703116800,0.00027143,binance_BTCUSDT
1703145600,0.00029216,binance_BTCUSDT
1703174400,0.00028948,binance_BTCUSDT
1703203200,0.00030806,binance_BTCUSDT
1703232000,0.0002961,binance_BTCUSDT
1703260800,0.00018011,binance_BTCUSDT
1703289600,0.00016285,binance_BTCUSDT
1703318400,0.0001,binance_BTCUSDT
1703347200,0.00015066,binance_BTCUSDT
1703376000,0.0001,binance_BTCUSDT
1703404800,0.0002079,binance_BTCUSDT
1703433600,0.00019729,binance_BTCUSDT
1703462400,0.0001,binance_BTCUSDT
1703491200,0.0001,binance_BTCUSDT
1703520000,0.00037908,binance_BTCUSDT
1703548800,0.00043391,binance_BTCUSDT
1703577600,0.00023757,binance_BTCUSDT
1703606400,0.00029559,binance_BTCUSDT
1703635200,0.00027621,binance_BTCUSDT
1703664000,0.00037942,binance_BTCUSDT
1703692800,0.00032304,binance_BTCUSDT
1703721600,0.00013021,binance_BTCUSDT
1703750400,0.00037879,binance_BTCUSDT
1703779200,0.00050152,binance_BTCUSDT
1703808000,0.0005517,binance_BTCUSDT
1703836800,0.00049912,binance_BTCUSDT
1703865600,0.00047082,binance_BTCUSDT
1703894400,0.00033033,binance_BTCUSDT
1703923200,0.0004358,binance_BTCUSDT
1703952000,0.00037842,binance_BTCUSDT
1703980800,0.00027855,binance_BTCUSDT
1704009600,0.00034573,binance_BTCUSDT
1704038400,0.00033597,binance_BTCUSDT
1704067200,0.00037409,binance_BTCUSDT
1704096000,0.00027213,binance_BTCUSDT
1704124800,0.00033601,binance_BTCUSDT
1704153600,0.00065846,binance_BTCUSDT
1704182400,0.00035179,binance_BTCUSDT
1704211200,0.0005373,binance_BTCUSDT
1704240000,0.00021159,binance_BTCUSDT
1704268800,0.00017123,binance_BTCUSDT
1704297600,0.0001,binance_BTCUSDT
1704326400,0.0001,binance_BTCUSDT
1704355200,0.0001,binance_BTCUSDT
1704384000,0.0001,binance_BTCUSDT
1704412800,0.0001,binance_BTCUSDT
1704441600,0.0001,binance_BTCUSDT
1704470400,0.0001,binance_BTCUSDT
1704499200,0.0001,binance_BTCUSDT
1704528000,0.0001,binance_BTCUSDT
1704556800,0.0001,binance_BTCUSDT
1704585600,0.0001,binance_BTCUSDT
1704614400,0.0001,binance_BTCUSDT
1704643200,0.0001,binance_BTCUSDT
1704672000,0.0001,binance_BTCUSDT
1704700800,0.0001,binance_BTCUSDT
1704729600,0.0001,binance_BTCUSDT
1704758400,0.0001,binance_BTCUSDT
1704787200,0.0001,binance_BTCUSDT
1704816000,0.0001,binance_BTCUSDT
1704844800,0.0001,binance_BTCUSDT
1704873600,0.0001,binance_BTCUSDT
1704902400,0.0001,binance_BTCUSDT
1704931200,0.0001,binance_BTCUSDT
1704960000,0.0001,binance_BTCUSDT
1704988800,0.0001,binance_BTCUSDT
1705017600,0.0001,binance_BTCUSDT
1705046400,0.0001,binance_BTCUSDT
1705075200,0.0001,binance_BTCUSDT
1705104000,0.0001,binance_BTCUSDT
1705132800,0.0001,binance_BTCUSDT
1705161600,0.0001,binance_BTCUSDT
1705190400,0.0001,binance_BTCUSDT
1705219200,0.0001,binance_BTCUSDT
1705248000,0.0001,binance_BTCUSDT
1705276800,0.0001,binance_BTCUSDT
1705305600,0.0001,binance_BTCUSDT
1705334400,0.0001,binance_BTCUSDT
1705363200,0.0001,binance_BTCUSDT
1705392000,0.0001,binance_BTCUSDT
1705420800,0.0001,binance_BTCUSDT
1705449600,0.0001,binance_BTCUSDT
1705478400,0.0001,binance_BTCUSDT
1705507200,0.0001,binance_BTCUSDT
1705536000,0.0001,binance_BTCUSDT
1705564800,0.0001,binance_BTCUSDT
1705593600,0.0001,binance_BTCUSDT
1705622400,0.0001,binance_BTCUSDT
1705651200,0.0001,binance_BTCUSDT
1705680000,0.0001,binance_BTCUSDT
1705708800,0.0001,binance_BTCUSDT
1705737600,0.0001,binance_BTCUSDT
1705766400,0.0001,binance_BTCUSDT
1705795200,0.0001,binance_BTCUSDT
1705824000,0.0001,binance_BTCUSDT
1705852800,0.0001,binance_BTCUSDT
1705881600,0.0001,binance_BTCUSDT
1705910400,0.0001,binance_BTCUSDT
1705939200,0.0001,binance_BTCUSDT
1705968000,0.0001,binance_BTCUSDT
1705996800,0.0001,binance_BTCUSDT
1706025600,0.0001,binance_BTCUSDT
1706054400,0.0001,binance_BTCUSDT
1706083200,0.0001,binance_BTCUSDT
1706112000,0.0001,binance_BTCUSDT
1706140800,0.0001,binance_BTCUSDT
1706169600,0.0001,binance_BTCUSDT
1706198400,0.0001,binance_BTCUSDT
1706227200,0.0001,binance_BTCUSDT
1706256000,0.0001,binance_BTCUSDT
1706284800,0.0001,binance_BTCUSDT
1706313600,8.966e-05,binance_BTCUSDT
1706342400,0.0001,binance_BTCUSDT
1706371200,8.3e-05,binance_BTCUSDT
1706400000,0.0001,binance_BTCUSDT
1706428800,4.725e-05,binance_BTCUSDT
1706457600,0.0001,binance_BTCUSDT
1706486400,0.0001,binance_BTCUSDT
1706515200,9.142e-05,binance_BTCUSDT
1706544000,0.0001,binance_BTCUSDT
1706572800,0.0001,binance_BTCUSDT
1706601600,9.492e-05,binance_BTCUSDT
1706630400,5.149e-05,binance_BTCUSDT
1706659200,2.154e-05,binance_BTCUSDT
1706688000,0.0001,binance_BTCUSDT
1706716800,0.0001,binance_BTCUSDT
1706745600,0.0001,binance_BTCUSDT
1706774400,0.0001,binance_BTCUSDT
1706803200,0.0001,binance_BTCUSDT
1706832000,0.0001,binance_BTCUSDT
1706860800,0.0001,binance_BTCUSDT
1706889600,0.0001,binance_BTCUSDT
1706918400,7.627e-05,binance_BTCUSDT
1706947200,9.042e-05,binance_BTCUSDT
1706976000,8.028e-05,binance_BTCUSDT
1707004800,8.307e-05,binance_BTCUSDT
1707033600,8.846e-05,binance_BTCUSDT
1707062400,0.0001,binance_BTCUSDT
1707091200,0.0001,binance_BTCUSDT
1707120000,0.0001,binance_BTCUSDT
1707148800,0.0001,binance_BTCUSDT
1707177600,0.0001,binance_BTCUSDT
1707206400,6.723e-05,binance_BTCUSDT
1707235200,0.0001,binance_BTCUSDT
1707264000,7.527e-05,binance_BTCUSDT
1707292800,5.373e-05,binance_BTCUSDT
1707321600,8.306e-05,binance_BTCUSDT
1707350400,0.0001,binance_BTCUSDT
1707379200,6.535e-05,binance_BTCUSDT
1707408000,2.59e-05,binance_BTCUSDT
1707436800,3.16e-05,binance_BTCUSDT
1707465600,0.0001,binance_BTCUSDT
1707494400,9.801e-05,binance_BTCUSDT
1707523200,8.041e-05,binance_BTCUSDT
1707552000,0.0001,binance_BTCUSDT
1707580800,0.0001,binance_BTCUSDT
1707609600,0.0001,binance_BTCUSDT
1707638400,0.0001,binance_BTCUSDT
1707667200,0.0001,binance_BTCUSDT
1707696000,0.0001,binance_BTCUSDT
1707724800,0.0001,binance_BTCUSDT
1707753600,0.0001,binance_BTCUSDT
1707782400,0.0001,binance_BTCUSDT
1707811200,0.0001,binance_BTCUSDT
1707840000,0.0001,binance_BTCUSDT
1707868800,0.0001,binance_BTCUSDT
1707897600,0.0001,binance_BTCUSDT
1707926400,0.00012283,binance_BTCUSDT
1707955200,0.0001,binance_BTCUSDT
1707984000,0.0001,binance_BTCUSDT
1708012800,0.0001,binance_BTCUSDT
1708041600,0.0001,binance_BTCUSDT
1708070400,0.0001,binance_BTCUSDT
1708099200,0.0001,binance_BTCUSDT
1708128000,0.0001,binance_BTCUSDT
1708156800,0.0001,binance_BTCUSDT
1708185600,0.00016041,binance_BTCUSDT
1708214400,0.0001724,binance_BTCUSDT
1708243200,0.00015305,binance_BTCUSDT
1708272000,0.00017095,binance_BTCUSDT
1708300800,0.00023064,binance_BTCUSDT
1708329600,0.00019594,binance_BTCUSDT
1708358400,0.00013327,binance_BTCUSDT
1708387200,0.00010461,binance_BTCUSDT
1708416000,0.00010912,binance_BTCUSDT
1708444800,0.00020259,binance_BTCUSDT
1708473600,0.0001,binance_BTCUSDT
1708502400,0.00011242,binance_BTCUSDT
1708531200,0.0001,binance_BTCUSDT
1708560000,0.0001,binance_BTCUSDT
1708588800,0.0001348,binance_BTCUSDT
1708617600,0.00012557,binance_BTCUSDT
1708646400,0.0001,binance_BTCUSDT
1708675200,0.0001,binance_BTCUSDT
1708704000,0.00012991,binance_BTCUSDT
1708732800,0.0001,binance_BTCUSDT
1708761600,0.0001,binance_BTCUSDT
1708790400,0.0001,binance_BTCUSDT
1708819200,0.00011438,binance_BTCUSDT
1708848000,0.00015012,binance_BTCUSDT
1708876800,0.00015062,binance_BTCUSDT
1708905600,0.00026761,binance_BTCUSDT
1708934400,0.00021567,binance_BTCUSDT
1708963200,0.00027227,binance_BTCUSDT
1708992000,0.00032262,binance_BTCUSDT
1709020800,0.00073521,binance_BTCUSDT
1709049600,0.00022965,binance_BTCUSDT
1709078400,0.00026729,binance_BTCUSDT
1709107200,0.00023682,binance_BTCUSDT
1709136000,0.00053538,binance_BTCUSDT
1709164800,0.00069091,binance_BTCUSDT
1709193600,0.00076337,binance_BTCUSDT
1709222400,0.00057031,binance_BTCUSDT
1709251200,0.00053322,binance_BTCUSDT
1709280000,0.00064824,binance_BTCUSDT
1709308800,0.0004601,binance_BTCUSDT
1709337600,0.00033426,binance_BTCUSDT
1709366400,0.00057174,binance_BTCUSDT
1709395200,0.00056396,binance_BTCUSDT
1709424000,0.00046267,binance_BTCUSDT
1709452800,0.00042989,binance_BTCUSDT
1709481600,0.00044598,binance_BTCUSDT
1709510400,0.00055071,binance_BTCUSDT
1709539200,0.00046833,binance_BTCUSDT
1709568000,0.0006362,binance_BTCUSDT
1709596800,0.0004896,binance_BTCUSDT
1709625600,0.00082969,binance_BTCUSDT
1709654400,0.00088148,binance_BTCUSDT
1709683200,0.0003628,binance_BTCUSDT
1709712000,0.00033876,binance_BTCUSDT
1709740800,0.00049354,binance_BTCUSDT
1709769600,0.00030311,binance_BTCUSDT
1709798400,0.00040984,binance_BTCUSDT
1709827200,0.00054217,binance_BTCUSDT
1709856000,0.00034819,binance_BTCUSDT
1709884800,0.00043497,binance_BTCUSDT
1709913600,0.00062913,binance_BTCUSDT
1709942400,0.00019134,binance_BTCUSDT
1709971200,0.00031281,binance_BTCUSDT
1710000000,0.00026407,binance_BTCUSDT
1710028800,0.0003101,binance_BTCUSDT
1710057600,0.00063451,binance_BTCUSDT
1710086400,0.00054479,binance_BTCUSDT
1710115200,0.00035489,binance_BTCUSDT
1710144000,0.00078428,binance_BTCUSDT
1710172800,0.00066396,binance_BTCUSDT
1710201600,0.0004447,binance_BTCUSDT
1710230400,0.000453,binance_BTCUSDT
1710259200,0.00047935,binance_BTCUSDT
1710288000,0.00033224,binance_BTCUSDT
1710316800,0.0006442,binance_BTCUSDT
1710345600,0.00045402,binance_BTCUSDT
1710374400,0.00024393,binance_BTCUSDT
1710403200,0.00038753,binance_BTCUSDT
1710432000,0.00038258,binance_BTCUSDT
1710460800,0.00038515,binance_BTCUSDT
1710489600,0.00014328,binance_BTCUSDT
1710518400,0.00015306,binance_BTCUSDT
1710547200,0.0001,binance_BTCUSDT
1710576000,0.00023202,binance_BTCUSDT
1710604800,0.00020813,binance_BTCUSDT
1710633600,0.00013089,binance_BTCUSDT
1710662400,0.00017773,binance_BTCUSDT
1710691200,0.00024827,binance_BTCUSDT
1710720000,0.00020181,binance_BTCUSDT
1710748800,0.00030597,binance_BTCUSDT
1710777600,0.00027195,binance_BTCUSDT
1710806400,0.00026923,binance_BTCUSDT
1710835200,0.00029065,binance_BTCUSDT
1710864000,0.00024018,binance_BTCUSDT
1710892800,0.00015847,binance_BTCUSDT
1710921600,0.00018388,binance_BTCUSDT
1710950400,0.0001,binance_BTCUSDT
1710979200,0.00010403,binance_BTCUSDT
1711008000,0.00019304,binance_BTCUSDT
1711036800,0.0001951,binance_BTCUSDT
1711065600,0.00016271,binance_BTCUSDT
1711094400,0.0001,binance_BTCUSDT
1711123200,0.00011993,binance_BTCUSDT
1711152000,0.0001,binance_BTCUSDT
1711180800,0.0001,binance_BTCUSDT
1711209600,0.00010806,binance_BTCUSDT
1711238400,0.00010351,binance_BTCUSDT
1711267200,0.00014616,binance_BTCUSDT
1711296000,0.00015884,binance_BTCUSDT
1711324800,0.00025549,binance_BTCUSDT
1711353600,0.00016324,binance_BTCUSDT
1711382400,0.00028815,binance_BTCUSDT
1711411200,0.00021963,binance_BTCUSDT
1711440000,0.00018348,binance_BTCUSDT
1711468800,0.00026764,binance_BTCUSDT
1711497600,0.00028757,binance_BTCUSDT
1711526400,0.00029551,binance_BTCUSDT
1711555200,0.00043631,binance_BTCUSDT
1711584000,0.00024195,binance_BTCUSDT
1711612800,0.00029899,binance_BTCUSDT
1711641600,0.0002943,binance_BTCUSDT
1711670400,0.0001825,binance_BTCUSDT
1711699200,0.00025456,binance_BTCUSDT
1711728000,0.0003017,binance_BTCUSDT
1711756800,0.00019624,binance_BTCUSDT
1711785600,0.00032267,binance_BTCUSDT
1711814400,0.0003436,binance_BTCUSDT
1711843200,0.00032351,binance_BTCUSDT
1711872000,0.00039889,binance_BTCUSDT
1711900800,0.00040301,binance_BTCUSDT
1711929600,0.00070161,binance_BTCUSDT
1711958400,0.00033491,binance_BTCUSDT
1711987200,0.00027469,binance_BTCUSDT
1712016000,0.00010926,binance_BTCUSDT
1712044800,0.0001,binance_BTCUSDT
1712073600,0.00016456,binance_BTCUSDT
1712102400,0.0001,binance_BTCUSDT
1712131200,0.0001,binance_BTCUSDT
1712160000,0.0001,binance_BTCUSDT
1712188800,0.0001,binance_BTCUSDT
1712217600,0.0001,binance_BTCUSDT
1712246400,0.0001,binance_BTCUSDT
1712275200,0.0001,binance_BTCUSDT
1712304000,0.0001,binance_BTCUSDT
1712332800,0.0001,binance_BTCUSDT
1712361600,0.0001,binance_BTCUSDT
1712390400,0.0001,binance_BTCUSDT
1712419200,0.0001,binance_BTCUSDT
1712448000,0.0001,binance_BTCUSDT
1712476800,0.0001,binance_BTCUSDT
1712505600,0.0001,binance_BTCUSDT
1712534400,0.0001,binance_BTCUSDT
1712563200,0.0001,binance_BTCUSDT
1712592000,0.00035189,binance_BTCUSDT
1712620800,0.00020915,binance_BTCUSDT
1712649600,0.00020603,binance_BTCUSDT
1712678400,0.00019061,binance_BTCUSDT
1712707200,0.00011929,binance_BTCUSDT
1712736000,0.00012457,binance_BTCUSDT
1712764800,0.0001,binance_BTCUSDT
1712793600,0.00013979,binance_BTCUSDT
1712822400,0.00020153,binance_BTCUSDT
1712851200,0.00019763,binance_BTCUSDT
1712880000,0.00011258,binance_BTCUSDT
1712908800,0.0002563,binance_BTCUSDT
1712937600,0.00012214,binance_BTCUSDT
1712966400,0.0001,binance_BTCUSDT
1712995200,0.0001,binance_BTCUSDT
1713024000,0.0001,binance_BTCUSDT
1713052800,0.0001,binance_BTCUSDT
1713081600,0.0001,binance_BTCUSDT
1713110400,0.0001,binance_BTCUSDT
1713139200,0.0001,binance_BTCUSDT
1713168000,1.759e-05,binance_BTCUSDT
1713196800,0.0001,binance_BTCUSDT
1713225600,5.953e-05,binance_BTCUSDT
1713254400,9.525e-05,binance_BTCUSDT
1713283200,3.513e-05,binance_BTCUSDT
1713312000,6.375e-05,binance_BTCUSDT
1713340800,3.574e-05,binance_BTCUSDT
1713369600,6.534e-05,binance_BTCUSDT
1713398400,6.937e-05,binance_BTCUSDT
1713427200,5.982e-05,binance_BTCUSDT
1713456000,-3.334e-05,binance_BTCUSDT
1713484800,-3.12e-05,binance_BTCUSDT
1713513600,6.641e-05,binance_BTCUSDT
1713542400,5.88e-05,binance_BTCUSDT
1713571200,0.0001,binance_BTCUSDT
1713600000,-7.66e-06,binance_BTCUSDT
1713628800,4.204e-05,binance_BTCUSDT
1713657600,3.186e-05,binance_BTCUSDT
1713686400,-2.093e-05,binance_BTCUSDT
1713715200,8.271e-05,binance_BTCUSDT
1713744000,4.409e-05,binance_BTCUSDT
1713772800,2.497e-05,binance_BTCUSDT
1713801600,8.98e-06,binance_BTCUSDT
1713830400,-1.236e-05,binance_BTCUSDT
1713859200,5.24e-05,binance_BTCUSDT
1713888000,-1.083e-05,binance_BTCUSDT
1713916800,1.413e-05,binance_BTCUSDT
1713945600,5.302e-05,binance_BTCUSDT
1713974400,7.047e-05,binance_BTCUSDT
1714003200,7.02e-05,binance_BTCUSDT
1714032000,4.069e-05,binance_BTCUSDT
1714060800,1.14e-05,binance_BTCUSDT
1714089600,1.709e-05,binance_BTCUSDT
1714118400,6.85e-06,binance_BTCUSDT
1714147200,5.562e-05,binance_BTCUSDT
1714176000,0.0001,binance_BTCUSDT
1714204800,7.47e-05,binance_BTCUSDT
1714233600,2.834e-05,binance_BTCUSDT
1714262400,1.006e-05,binance_BTCUSDT
1714291200,-2.081e-05,binance_BTCUSDT
1714320000,2.782e-05,binance_BTCUSDT
1714348800,2.472e-05,binance_BTCUSDT
1714377600,5.544e-05,binance_BTCUSDT
1714406400,6.828e-05,binance_BTCUSDT
1714435200,9.74e-05,binance_BTCUSDT
1714464000,9.154e-05,binance_BTCUSDT
1714492800,0.0001,binance_BTCUSDT
1714521600,0.0001,binance_BTCUSDT
1714550400,8.946e-05,binance_BTCUSDT
1714579200,9.902e-05,binance_BTCUSDT
1714608000,6.634e-05,binance_BTCUSDT
1714636800,6.169e-05,binance_BTCUSDT
1714665600,-1.23e-06,binance_BTCUSDT
1714694400,-1.549e-05,binance_BTCUSDT
1714723200,-3.764e-05,binance_BTCUSDT
1714752000,8.091e-05,binance_BTCUSDT
1714780800,2.703e-05,binance_BTCUSDT
1714809600,7.455e-05,binance_BTCUSDT
1714838400,6.265e-05,binance_BTCUSDT
1714867200,6.906e-05,binance_BTCUSDT
1714896000,6.47e-06,binance_BTCUSDT
1714924800,3.893e-05,binance_BTCUSDT
1714953600,6.02e-06,binance_BTCUSDT
1714982400,-1.031e-05,binance_BTCUSDT
1715011200,7.746e-05,binance_BTCUSDT
1715040000,6.064e-05,binance_BTCUSDT
1715068800,1.581e-05,binance_BTCUSDT
1715097600,9.028e-05,binance_BTCUSDT
1715126400,4.891e-05,binance_BTCUSDT
1715155200,5.553e-05,binance_BTCUSDT
1715184000,9.292e-05,binance_BTCUSDT
1715212800,5.648e-05,binance_BTCUSDT
1715241600,3.315e-05,binance_BTCUSDT
1715270400,7.253e-05,binance_BTCUSDT
1715299200,1.026e-05,binance_BTCUSDT
1715328000,5.934e-05,binance_BTCUSDT
1715356800,7.653e-05,binance_BTCUSDT
1715385600,8.881e-05,binance_BTCUSDT
1715414400,3.771e-05,binance_BTCUSDT
1715443200,5.067e-05,binance_BTCUSDT
1715472000,2.604e-05,binance_BTCUSDT
1715500800,2.83e-05,binance_BTCUSDT
1715529600,0.0001,binance_BTCUSDT
1715558400,0.0001,binance_BTCUSDT
1715587200,8.469e-05,binance_BTCUSDT
1715616000,9.151e-05,binance_BTCUSDT
1715644800,9.866e-05,binance_BTCUSDT
1715673600,0.0001,binance_BTCUSDT
1715702400,4.392e-05,binance_BTCUSDT
1715731200,0.0001,binance_BTCUSDT
1715760000,-3.85e-06,binance_BTCUSDT
1715788800,2.373e-05,binance_BTCUSDT
1715817600,2.103e-05,binance_BTCUSDT
1715846400,5.148e-05,binance_BTCUSDT
1715875200,3.543e-05,binance_BTCUSDT
1715904000,4.647e-05,binance_BTCUSDT
1715932800,8.15e-06,binance_BTCUSDT
1715961600,-2.98e-06,binance_BTCUSDT
1715990400,6.28e-06,binance_BTCUSDT
1716019200,8.012e-05,binance_BTCUSDT
1716048000,-7.92e-06,binance_BTCUSDT
1716076800,3.339e-05,binance_BTCUSDT
1716105600,5.21e-05,binance_BTCUSDT
1716134400,4.779e-05,binance_BTCUSDT
1716163200,5.607e-05,binance_BTCUSDT
1716192000,2.479e-05,binance_BTCUSDT
1716220800,2.552e-05,binance_BTCUSDT
1716249600,0.0001,binance_BTCUSDT
1716278400,0.00010517,binance_BTCUSDT
1716307200,0.0001,binance_BTCUSDT
1716336000,0.0001,binance_BTCUSDT
1716364800,0.00015759,binance_BTCUSDT
1716393600,0.0001,binance_BTCUSDT
1716422400,0.0001,binance_BTCUSDT
1716451200,0.0001,binance_BTCUSDT
1716480000,0.0001,binance_BTCUSDT
1716508800,0.0001,binance_BTCUSDT
1716537600,0.0001,binance_BTCUSDT
1716566400,0.0001,binance_BTCUSDT
1716595200,0.0001,binance_BTCUSDT
1716624000,0.0001,binance_BTCUSDT
1716652800,0.0001,binance_BTCUSDT
1716681600,0.0001,binance_BTCUSDT
1716710400,0.0001,binance_BTCUSDT
1716739200,0.0001,binance_BTCUSDT
1716768000,0.0001,binance_BTCUSDT
1716796800,0.0001,binance_BTCUSDT
1716825600,0.0001,binance_BTCUSDT
1716854400,0.0001,binance_BTCUSDT
1716883200,0.0001,binance_BTCUSDT
1716912000,0.0001,binance_BTCUSDT
1716940800,0.0001,binance_BTCUSDT
1716969600,0.0001,binance_BTCUSDT
1716998400,0.00012558,binance_BTCUSDT
1717027200,0.0001,binance_BTCUSDT
1717056000,0.0001,binance_BTCUSDT
1717084800,0.0001,binance_BTCUSDT
1717113600,0.00014599,binance_BTCUSDT
1717142400,0.00012268,binance_BTCUSDT
1717171200,0.0001,binance_BTCUSDT
1717200000,0.0001,binance_BTCUSDT
1717228800,0.0001,binance_BTCUSDT
1717257600,0.0001025,binance_BTCUSDT
1717286400,0.0001,binance_BTCUSDT
1717315200,0.0001,binance_BTCUSDT
1717344000,0.0001,binance_BTCUSDT
1717372800,0.0001,binance_BTCUSDT
1717401600,0.00014135,binance_BTCUSDT
1717430400,0.0001,binance_BTCUSDT
1717459200,0.00012008,binance_BTCUSDT
1717488000,0.0001,binance_BTCUSDT
1717516800,0.0001,binance_BTCUSDT
1717545600,0.0001,binance_BTCUSDT
1717574400,0.00016387,binance_BTCUSDT
1717603200,0.00013226,binance_BTCUSDT
1717632000,0.0001,binance_BTCUSDT
1717660800,0.00010438,binance_BTCUSDT
1717689600,0.0001177,binance_BTCUSDT
1717718400,0.0001,binance_BTCUSDT
1717747200,0.0001,binance_BTCUSDT
1717776000,0.00010166,binance_BTCUSDT
1717804800,0.0001,binance_BTCUSDT
1717833600,0.0001,binance_BTCUSDT
1717862400,0.0001,binance_BTCUSDT
1717891200,0.0001,binance_BTCUSDT
1717920000,0.0001,binance_BTCUSDT
1717948800,0.0001,binance_BTCUSDT
1717977600,0.0001,binance_BTCUSDT
1718006400,0.0001,binance_BTCUSDT
1718035200,0.0001,binance_BTCUSDT
1718064000,0.0001,binance_BTCUSDT
1718092800,0.0001,binance_BTCUSDT
1718121600,0.0001,binance_BTCUSDT
1718150400,0.0001,binance_BTCUSDT
1718179200,0.0001,binance_BTCUSDT
1718208000,0.0001,binance_BTCUSDT
1718236800,0.0001,binance_BTCUSDT
1718265600,0.0001,binance_BTCUSDT
1718294400,0.0001,binance_BTCUSDT
1718323200,0.0001,binance_BTCUSDT
1718352000,0.0001,binance_BTCUSDT
1718380800,0.0001,binance_BTCUSDT
1718409600,0.0001,binance_BTCUSDT
1718438400,0.0001,binance_BTCUSDT
1718467200,0.0001,binance_BTCUSDT
1718496000,0.0001,binance_BTCUSDT
1718524800,0.0001,binance_BTCUSDT
1718553600,0.0001,binance_BTCUSDT
1718582400,0.0001,binance_BTCUSDT
1718611200,0.0001,binance_BTCUSDT
1718640000,0.0001,binance_BTCUSDT
1718668800,0.0001,binance_BTCUSDT
1718697600,8.236e-05,binance_BTCUSDT
1718726400,0.0001,binance_BTCUSDT
1718755200,0.0001,binance_BTCUSDT
1718784000,4.127e-05,binance_BTCUSDT
1718812800,2.967e-05,binance_BTCUSDT
1718841600,3.934e-05,binance_BTCUSDT
1718870400,5.953e-05,binance_BTCUSDT
1718899200,6.879e-05,binance_BTCUSDT
1718928000,3.344e-05,binance_BTCUSDT
1718956800,7.328e-05,binance_BTCUSDT
1718985600,0.0001,binance_BTCUSDT
1719014400,0.0001,binance_BTCUSDT
1719043200,4.146e-05,binance_BTCUSDT
1719072000,0.0001,binance_BTCUSDT
1719100800,0.0001,binance_BTCUSDT
1719129600,2.307e-05,binance_BTCUSDT
1719158400,4.676e-05,binance_BTCUSDT
1719187200,9.534e-05,binance_BTCUSDT
1719216000,0.0001,binance_BTCUSDT
1719244800,7.488e-05,binance_BTCUSDT
1719273600,7.447e-05,binance_BTCUSDT
1719302400,5.949e-05,binance_BTCUSDT
1719331200,7.752e-05,binance_BTCUSDT
1719360000,0.0001,binance_BTCUSDT
1719388800,0.0001,binance_BTCUSDT
1719417600,0.0001,binance_BTCUSDT
1719446400,0.0001,binance_BTCUSDT
1719475200,0.0001,binance_BTCUSDT
1719504000,0.0001,binance_BTCUSDT
1719532800,0.0001,binance_BTCUSDT
1719561600,0.0001,binance_BTCUSDT
1719590400,0.0001,binance_BTCUSDT
1719619200,0.0001,binance_BTCUSDT
1719648000,0.0001,binance_BTCUSDT
1719676800,0.0001,binance_BTCUSDT
1719705600,0.0001,binance_BTCUSDT
1719734400,0.0001,binance_BTCUSDT
1719763200,0.0001,binance_BTCUSDT
1719792000,0.0001,binance_BTCUSDT
1719820800,0.0001,binance_BTCUSDT
1719849600,0.0001,binance_BTCUSDT
1719878400,0.0001,binance_BTCUSDT
1719907200,0.0001,binance_BTCUSDT
1719936000,0.0001,binance_BTCUSDT
1719964800,0.0001,binance_BTCUSDT
1719993600,0.0001,binance_BTCUSDT
1720022400,0.0001,binance_BTCUSDT
1720051200,0.0001,binance_BTCUSDT
1720080000,0.0001,binance_BTCUSDT
1720108800,0.0001,binance_BTCUSDT
1720137600,0.0001,binance_BTCUSDT
1720166400,0.0001,binance_BTCUSDT
1720195200,1.762e-05,binance_BTCUSDT
1720224000,5.729e-05,binance_BTCUSDT
1720252800,7.512e-05,binance_BTCUSDT
1720281600,3.25e-05,binance_BTCUSDT
1720310400,8.164e-05,binance_BTCUSDT
1720339200,0.0001,binance_BTCUSDT
1720368000,0.0001,binance_BTCUSDT
1720396800,7.905e-05,binance_BTCUSDT
1720425600,8.222e-05,binance_BTCUSDT
1720454400,0.0001,binance_BTCUSDT
1720483200,0.0001,binance_BTCUSDT
1720512000,8.61e-06,binance_BTCUSDT
1720540800,0.0001,binance_BTCUSDT
1720569600,0.0001,binance_BTCUSDT
1720598400,9.225e-05,binance_BTCUSDT
1720627200,5.485e-05,binance_BTCUSDT
1720656000,0.0001,binance_BTCUSDT
1720684800,0.0001,binance_BTCUSDT
1720713600,0.0001,binance_BTCUSDT
1720742400,6.378e-05,binance_BTCUSDT
1720771200,3.026e-05,binance_BTCUSDT
1720800000,4.037e-05,binance_BTCUSDT
1720828800,8.319e-05,binance_BTCUSDT
1720857600,6.865e-05,binance_BTCUSDT
1720886400,0.0001,binance_BTCUSDT
1720915200,8.737e-05,binance_BTCUSDT
1720944000,3.71e-05,binance_BTCUSDT
1720972800,8.342e-05,binance_BTCUSDT
1721001600,4.59e-05,binance_BTCUSDT
1721030400,3.202e-05,binance_BTCUSDT
1721059200,-5.14e-06,binance_BTCUSDT
1721088000,-5.062e-05,binance_BTCUSDT
1721116800,8.814e-05,binance_BTCUSDT
1721145600,2.717e-05,binance_BTCUSDT
1721174400,-3.419e-05,binance_BTCUSDT
1721203200,1.775e-05,binance_BTCUSDT
1721232000,2.143e-05,binance_BTCUSDT
1721260800,6.89e-06,binance_BTCUSDT
1721289600,1.546e-05,binance_BTCUSDT
1721318400,3.127e-05,binance_BTCUSDT
1721347200,4.029e-05,binance_BTCUSDT
1721376000,4.855e-05,binance_BTCUSDT
1721404800,4.606e-05,binance_BTCUSDT
1721433600,-3.077e-05,binance_BTCUSDT
1721462400,1.944e-05,binance_BTCUSDT
1721491200,1.622e-05,binance_BTCUSDT
1721520000,-5.313e-05,binance_BTCUSDT
1721548800,2.194e-05,binance_BTCUSDT
1721577600,6.46e-06,binance_BTCUSDT
1721606400,9.136e-05,binance_BTCUSDT
1721635200,5.953e-05,binance_BTCUSDT
1721664000,2.769e-05,binance_BTCUSDT
1721692800,4.709e-05,binance_BTCUSDT
1721721600,4.31e-05,binance_BTCUSDT
1721750400,4.642e-05,binance_BTCUSDT
1721779200,0.0001,binance_BTCUSDT
1721808000,0.0001,binance_BTCUSDT
1721836800,0.0001,binance_BTCUSDT
1721865600,0.0001,binance_BTCUSDT
1721894400,0.0001,binance_BTCUSDT
1721923200,0.0001,binance_BTCUSDT
1721952000,0.0001,binance_BTCUSDT
1721980800,0.0001,binance_BTCUSDT
1722009600,3.34e-05,binance_BTCUSDT
1722038400,6.547e-05,binance_BTCUSDT
1722067200,8.022e-05,binance_BTCUSDT
1722096000,9.109e-05,binance_BTCUSDT
1722124800,8.18e-05,binance_BTCUSDT
1722153600,9.177e-05,binance_BTCUSDT
1722182400,2.804e-05,binance_BTCUSDT
1722211200,8.361e-05,binance_BTCUSDT
1722240000,5.623e-05,binance_BTCUSDT
1722268800,0.0001,binance_BTCUSDT
1722297600,3.396e-05,binance_BTCUSDT
1722326400,3.562e-05,binance_BTCUSDT
1722355200,7.691e-05,binance_BTCUSDT
1722384000,3.063e-05,binance_BTCUSDT
1722412800,7.178e-05,binance_BTCUSDT
1722441600,3.826e-05,binance_BTCUSDT
1722470400,8.208e-05,binance_BTCUSDT
1722499200,0.0001,binance_BTCUSDT
1722528000,0.0001,binance_BTCUSDT
1722556800,0.0001,binance_BTCUSDT
1722585600,0.0001,binance_BTCUSDT
1722614400,0.0001,binance_BTCUSDT
1722643200,0.0001,binance_BTCUSDT
1722672000,9.788e-05,binance_BTCUSDT
1722700800,4.247e-05,binance_BTCUSDT
1722729600,0.0001,binance_BTCUSDT
1722758400,5.343e-05,binance_BTCUSDT
1722787200,0.0001,binance_BTCUSDT
1722816000,0.0001,binance_BTCUSDT
1722844800,4.429e-05,binance_BTCUSDT
1722873600,5.967e-05,binance_BTCUSDT
1722902400,3.566e-05,binance_BTCUSDT
1722931200,-2.845e-05,binance_BTCUSDT
1722960000,4.485e-05,binance_BTCUSDT
1722988800,-7.3e-06,binance_BTCUSDT
1723017600,-6.859e-05,binance_BTCUSDT
1723046400,3.241e-05,binance_BTCUSDT
1723075200,2.637e-05,binance_BTCUSDT
1723104000,3.086e-05,binance_BTCUSDT
1723132800,1.147e-05,binance_BTCUSDT
1723161600,4.994e-05,binance_BTCUSDT
1723190400,2.184e-05,binance_BTCUSDT
1723219200,4.846e-05,binance_BTCUSDT
1723248000,-3.942e-05,binance_BTCUSDT
1723276800,-1.379e-05,binance_BTCUSDT
1723305600,-1.949e-05,binance_BTCUSDT
1723334400,4.049e-05,binance_BTCUSDT
1723363200,-1.839e-05,binance_BTCUSDT
1723392000,1.185e-05,binance_BTCUSDT
1723420800,1.113e-05,binance_BTCUSDT
1723449600,8.783e-05,binance_BTCUSDT
1723478400,-2.238e-05,binance_BTCUSDT
1723507200,6.14e-05,binance_BTCUSDT
1723536000,5.21e-06,binance_BTCUSDT
1723564800,-3.902e-05,binance_BTCUSDT
1723593600,1.152e-05,binance_BTCUSDT
1723622400,-1.33e-05,binance_BTCUSDT
1723651200,-7.811e-05,binance_BTCUSDT
1723680000,-8.488e-05,binance_BTCUSDT
1723708800,6.339e-05,binance_BTCUSDT
1723737600,-6.181e-05,binance_BTCUSDT
1723766400,-0.00011235,binance_BTCUSDT
1723795200,-7.387e-05,binance_BTCUSDT
1723824000,-5.57e-06,binance_BTCUSDT
1723852800,1.912e-05,binance_BTCUSDT
1723881600,4.177e-05,binance_BTCUSDT
1723910400,-1.52e-06,binance_BTCUSDT
1723939200,3.966e-05,binance_BTCUSDT
1723968000,-1.323e-05,binance_BTCUSDT
1723996800,-3.149e-05,binance_BTCUSDT
1724025600,-3.616e-05,binance_BTCUSDT
1724054400,-6.75e-05,binance_BTCUSDT
1724083200,-1.957e-05,binance_BTCUSDT
1724112000,-2.656e-05,binance_BTCUSDT
1724140800,1.349e-05,binance_BTCUSDT
1724169600,1.419e-05,binance_BTCUSDT
1724198400,-6.756e-05,binance_BTCUSDT
1724227200,-5.91e-06,binance_BTCUSDT
1724256000,3.96e-06,binance_BTCUSDT
1724284800,-2.229e-05,binance_BTCUSDT
1724313600,1.338e-05,binance_BTCUSDT
1724342400,-7.261e-05,binance_BTCUSDT
1724371200,-3.329e-05,binance_BTCUSDT
1724400000,2.391e-05,binance_BTCUSDT
1724428800,-4.317e-05,binance_BTCUSDT
1724457600,-7.72e-06,binance_BTCUSDT
1724486400,-7.23e-06,binance_BTCUSDT
1724515200,6.395e-05,binance_BTCUSDT
1724544000,-4.806e-05,binance_BTCUSDT
1724572800,-1.531e-05,binance_BTCUSDT
1724601600,3.108e-05,binance_BTCUSDT
1724630400,2.439e-05,binance_BTCUSDT
1724659200,3.448e-05,binance_BTCUSDT
1724688000,3.789e-05,binance_BTCUSDT
1724716800,2.795e-05,binance_BTCUSDT
1724745600,1.751e-05,binance_BTCUSDT
1724774400,7.753e-05,binance_BTCUSDT
1724803200,-6.803e-05,binance_BTCUSDT
1724832000,2.433e-05,binance_BTCUSDT
1724860800,1.143e-05,binance_BTCUSDT
1724889600,-9.76e-06,binance_BTCUSDT
1724918400,-1.644e-05,binance_BTCUSDT
1724947200,5.59e-06,binance_BTCUSDT
1724976000,9.36e-06,binance_BTCUSDT
1725004800,3.578e-05,binance_BTCUSDT
1725033600,2.927e-05,binance_BTCUSDT
1725062400,-1.749e-05,binance_BTCUSDT
1725091200,3.578e-05,binance_BTCUSDT
1725120000,3.8e-05,binance_BTCUSDT
1725148800,4.113e-05,binance_BTCUSDT
1725177600,-3.432e-05,binance_BTCUSDT
1725206400,-3.82e-06,binance_BTCUSDT
1725235200,-3.386e-05,binance_BTCUSDT
1725264000,2.48e-06,binance_BTCUSDT
1725292800,-3.63e-06,binance_BTCUSDT
1725321600,6.245e-05,binance_BTCUSDT
1725350400,5.123e-05,binance_BTCUSDT
1725379200,4.598e-05,binance_BTCUSDT
1725408000,2.209e-05,binance_BTCUSDT
1725436800,1.05e-05,binance_BTCUSDT
1725465600,-1.47e-05,binance_BTCUSDT
1725494400,9.016e-05,binance_BTCUSDT
1725523200,2.025e-05,binance_BTCUSDT
1725552000,2.49e-05,binance_BTCUSDT
1725580800,2.28e-05,binance_BTCUSDT
1725609600,-1e-08,binance_BTCUSDT
1725638400,1.428e-05,binance_BTCUSDT
1725667200,-5.57e-06,binance_BTCUSDT
1725696000,-7.634e-05,binance_BTCUSDT
1725724800,-7.236e-05,binance_BTCUSDT
1725753600,3.745e-05,binance_BTCUSDT
1725782400,-5.999e-05,binance_BTCUSDT
1725811200,-5.245e-05,binance_BTCUSDT
1725840000,-7.585e-05,binance_BTCUSDT
1725868800,-7.108e-05,binance_BTCUSDT
1725897600,-3.875e-05,binance_BTCUSDT
1725926400,-6.028e-05,binance_BTCUSDT
1725955200,-2.93e-05,binance_BTCUSDT
1725984000,-1.126e-05,binance_BTCUSDT
1726012800,-8.953e-05,binance_BTCUSDT
1726041600,-2.247e-05,binance_BTCUSDT
1726070400,-5.212e-05,binance_BTCUSDT
1726099200,-1.951e-05,binance_BTCUSDT
1726128000,-5.46e-06,binance_BTCUSDT
1726156800,-2.95e-05,binance_BTCUSDT
1726185600,-6.9e-07,binance_BTCUSDT
1726214400,-8.69e-06,binance_BTCUSDT
1726243200,-2.443e-05,binance_BTCUSDT
1726272000,-8.699e-05,binance_BTCUSDT
1726300800,8.59e-06,binance_BTCUSDT
1726329600,2.326e-05,binance_BTCUSDT
1726358400,-4.91e-06,binance_BTCUSDT
1726387200,1e-08,binance_BTCUSDT
1726416000,4.02e-06,binance_BTCUSDT
1726444800,2.402e-05,binance_BTCUSDT
1726473600,3.564e-05,binance_BTCUSDT
1726502400,6.762e-05,binance_BTCUSDT
1726531200,8.529e-05,binance_BTCUSDT
1726560000,1.911e-05,binance_BTCUSDT
1726588800,5.327e-05,binance_BTCUSDT
1726617600,1.344e-05,binance_BTCUSDT
1726646400,1.678e-05,binance_BTCUSDT
1726675200,4.648e-05,binance_BTCUSDT
1726704000,3.512e-05,binance_BTCUSDT
1726732800,2.949e-05,binance_BTCUSDT
1726761600,4.072e-05,binance_BTCUSDT
1726790400,8.065e-05,binance_BTCUSDT
1726819200,-5.03e-06,binance_BTCUSDT
1726848000,5.543e-05,binance_BTCUSDT
1726876800,4.638e-05,binance_BTCUSDT
1726905600,0.0001,binance_BTCUSDT
1726934400,8.234e-05,binance_BTCUSDT
1726963200,6.285e-05,binance_BTCUSDT
1726992000,9.254e-05,binance_BTCUSDT
1727020800,5.537e-05,binance_BTCUSDT
1727049600,6.546e-05,binance_BTCUSDT
1727078400,1.364e-05,binance_BTCUSDT
1727107200,5.304e-05,binance_BTCUSDT
1727136000,2.324e-05,binance_BTCUSDT
1727164800,2.895e-05,binance_BTCUSDT
1727193600,-1.82e-06,binance_BTCUSDT
1727222400,1.223e-05,binance_BTCUSDT
1727251200,1.141e-05,binance_BTCUSDT
1727280000,1.336e-05,binance_BTCUSDT
1727308800,1.65e-05,binance_BTCUSDT
1727337600,6.246e-05,binance_BTCUSDT
1727366400,0.0001,binance_BTCUSDT
1727395200,0.0001,binance_BTCUSDT
1727424000,6.722e-05,binance_BTCUSDT
1727452800,2.275e-05,binance_BTCUSDT
1727481600,5.455e-05,binance_BTCUSDT
1727510400,8.3e-05,binance_BTCUSDT
1727539200,1.414e-05,binance_BTCUSDT
1727568000,7.25e-06,binance_BTCUSDT
1727596800,3.128e-05,binance_BTCUSDT
1727625600,7.253e-05,binance_BTCUSDT
1727654400,3.077e-05,binance_BTCUSDT
1727683200,7.939e-05,binance_BTCUSDT
1727712000,0.0001,binance_BTCUSDT
1727740800,0.0001,binance_BTCUSDT
1727769600,0.0001,binance_BTCUSDT
1727798400,0.0001,binance_BTCUSDT
1727827200,6.632e-05,binance_BTCUSDT
1727856000,8.409e-05,binance_BTCUSDT
1727884800,8.191e-05,binance_BTCUSDT
1727913600,4.381e-05,binance_BTCUSDT
1727942400,3.746e-05,binance_BTCUSDT
1727971200,4.99e-05,binance_BTCUSDT
1728000000,7.097e-05,binance_BTCUSDT
1728028800,2.119e-05,binance_BTCUSDT
1728057600,2.43e-06,binance_BTCUSDT
1728086400,-1.596e-05,binance_BTCUSDT
1728115200,1.088e-05,binance_BTCUSDT
1728144000,8.61e-06,binance_BTCUSDT
1728172800,5.72e-06,binance_BTCUSDT
1728201600,3.288e-05,binance_BTCUSDT
1728230400,4.18e-05,binance_BTCUSDT
1728259200,4.573e-05,binance_BTCUSDT
1728288000,-9.52e-06,binance_BTCUSDT
1728316800,2.177e-05,binance_BTCUSDT
1728345600,-1.678e-05,binance_BTCUSDT
1728374400,7.094e-05,binance_BTCUSDT
1728403200,8.1e-05,binance_BTCUSDT
1728432000,0.0001,binance_BTCUSDT
1728460800,5.138e-05,binance_BTCUSDT
1728489600,7.939e-05,binance_BTCUSDT
1728518400,2.09e-05,binance_BTCUSDT
1728547200,1.532e-05,binance_BTCUSDT
1728576000,0.0001,binance_BTCUSDT
1728604800,2.231e-05,binance_BTCUSDT
1728633600,-1.874e-05,binance_BTCUSDT
1728662400,1.2e-06,binance_BTCUSDT
1728691200,4.558e-05,binance_BTCUSDT
1728720000,7.664e-05,binance_BTCUSDT
1728748800,-1.489e-05,binance_BTCUSDT
1728777600,6.93e-06,binance_BTCUSDT
1728806400,1.638e-05,binance_BTCUSDT
1728835200,3.938e-05,binance_BTCUSDT
1728864000,5.429e-05,binance_BTCUSDT
1728892800,0.0001,binance_BTCUSDT
1728921600,0.0001,binance_BTCUSDT
1728950400,0.0001,binance_BTCUSDT
1728979200,0.0001,binance_BTCUSDT
1729008000,0.0001,binance_BTCUSDT
1729036800,8.325e-05,binance_BTCUSDT
1729065600,8.5e-05,binance_BTCUSDT
1729094400,0.0001,binance_BTCUSDT
1729123200,0.0001,binance_BTCUSDT
1729152000,0.0001,binance_BTCUSDT
1729180800,0.0001,binance_BTCUSDT
1729209600,0.0001,binance_BTCUSDT
1729238400,0.0001,binance_BTCUSDT
1729267200,0.0001,binance_BTCUSDT
1729296000,0.0001,binance_BTCUSDT
1729324800,0.0001,binance_BTCUSDT
1729353600,0.0001,binance_BTCUSDT
1729382400,0.0001,binance_BTCUSDT
1729411200,0.0001,binance_BTCUSDT
1729440000,0.0001,binance_BTCUSDT
1729468800,0.0001,binance_BTCUSDT
1729497600,0.0001,binance_BTCUSDT
1729526400,0.0001,binance_BTCUSDT
1729555200,0.0001,binance_BTCUSDT
1729584000,0.0001,binance_BTCUSDT
1729612800,0.0001,binance_BTCUSDT
1729641600,0.0001,binance_BTCUSDT
1729670400,0.0001,binance_BTCUSDT
1729699200,0.0001,binance_BTCUSDT
1729728000,0.0001,binance_BTCUSDT
1729756800,0.0001,binance_BTCUSDT
1729785600,0.0001,binance_BTCUSDT
1729814400,0.0001,binance_BTCUSDT
1729843200,0.0001,binance_BTCUSDT
1729872000,0.0001,binance_BTCUSDT
1729900800,4.755e-05,binance_BTCUSDT
1729929600,7.569e-05,binance_BTCUSDT
1729958400,0.0001,binance_BTCUSDT
1729987200,0.0001,binance_BTCUSDT
1730016000,9.724e-05,binance_BTCUSDT
1730044800,0.0001,binance_BTCUSDT
1730073600,9.425e-05,binance_BTCUSDT
1730102400,0.0001,binance_BTCUSDT
1730131200,8.946e-05,binance_BTCUSDT
1730160000,0.0001,binance_BTCUSDT
1730188800,0.0001,binance_BTCUSDT
1730217600,0.0001,binance_BTCUSDT
1730246400,0.0001,binance_BTCUSDT
1730275200,0.0001,binance_BTCUSDT
1730304000,0.0001,binance_BTCUSDT
1730332800,0.0001,binance_BTCUSDT
1730361600,0.0001,binance_BTCUSDT
1730390400,0.0001,binance_BTCUSDT
1730419200,0.0001,binance_BTCUSDT
1730448000,0.0001,binance_BTCUSDT
1730476800,0.0001,binance_BTCUSDT
1730505600,0.0001,binance_BTCUSDT
1730534400,0.0001,binance_BTCUSDT
1730563200,0.0001,binance_BTCUSDT
1730592000,0.0001,binance_BTCUSDT
1730620800,0.0001,binance_BTCUSDT
1730649600,0.0001,binance_BTCUSDT
1730678400,0.0001,binance_BTCUSDT
1730707200,0.0001,binance_BTCUSDT
1730736000,0.0001,binance_BTCUSDT
1730764800,0.0001,binance_BTCUSDT
1730793600,0.0001,binance_BTCUSDT
1730822400,0.0001,binance_BTCUSDT
1730851200,0.0001,binance_BTCUSDT
1730880000,0.0001,binance_BTCUSDT
1730908800,0.0001,binance_BTCUSDT
1730937600,0.0001,binance_BTCUSDT
1730966400,0.0001,binance_BTCUSDT
1730995200,0.0001,binance_BTCUSDT
1731024000,0.0001,binance_BTCUSDT
1731052800,0.0001,binance_BTCUSDT
1731081600,0.0001,binance_BTCUSDT
1731110400,0.0001,binance_BTCUSDT
1731139200,0.0001,binance_BTCUSDT
1731168000,0.0001,binance_BTCUSDT
1731196800,0.0001,binance_BTCUSDT
1731225600,0.00025603,binance_BTCUSDT
1731254400,0.00014113,binance_BTCUSDT
1731283200,0.00036878,binance_BTCUSDT
1731312000,0.0001,binance_BTCUSDT
1731340800,0.0001,binance_BTCUSDT
1731369600,0.00049133,binance_BTCUSDT
1731398400,0.00043737,binance_BTCUSDT
1731427200,0.00038754,binance_BTCUSDT
1731456000,0.0001,binance_BTCUSDT
1731484800,0.00013101,binance_BTCUSDT
1731513600,0.00021856,binance_BTCUSDT
1731542400,0.0001,binance_BTCUSDT
1731571200,0.0001,binance_BTCUSDT
1731600000,0.0001,binance_BTCUSDT
1731628800,0.0001,binance_BTCUSDT
1731657600,0.0001,binance_BTCUSDT
1731686400,0.00010977,binance_BTCUSDT
1731715200,0.0001,binance_BTCUSDT
1731744000,0.0001,binance_BTCUSDT
1731772800,0.00013231,binance_BTCUSDT
1731801600,0.00015765,binance_BTCUSDT
1731830400,0.0001,binance_BTCUSDT
1731859200,0.00010577,binance_BTCUSDT
1731888000,0.0001,binance_BTCUSDT
1731916800,0.0003645,binance_BTCUSDT
1731945600,0.00021318,binance_BTCUSDT
1731974400,0.00021606,binance_BTCUSDT
1732003200,0.00030216,binance_BTCUSDT
1732032000,0.00017959,binance_BTCUSDT
1732060800,0.0001,binance_BTCUSDT
1732089600,0.0001,binance_BTCUSDT
1732118400,0.0001,binance_BTCUSDT
1732147200,0.0001,binance_BTCUSDT
1732176000,0.0001,binance_BTCUSDT
1732204800,0.0001,binance_BTCUSDT
1732233600,0.0001,binance_BTCUSDT
1732262400,0.0001,binance_BTCUSDT
1732291200,0.0001,binance_BTCUSDT
1732320000,0.0001,binance_BTCUSDT
1732348800,0.0001,binance_BTCUSDT
1732377600,0.0001,binance_BTCUSDT
1732406400,0.0001,binance_BTCUSDT
1732435200,0.00016148,binance_BTCUSDT
1732464000,0.00023228,binance_BTCUSDT
1732492800,0.00021035,binance_BTCUSDT
1732521600,0.0001,binance_BTCUSDT
1732550400,0.00025233,binance_BTCUSDT
1732579200,0.00021902,binance_BTCUSDT
1732608000,0.00017936,binance_BTCUSDT
1732636800,0.00029599,binance_BTCUSDT
1732665600,0.00031205,binance_BTCUSDT
1732694400,0.00016795,binance_BTCUSDT
1732723200,0.0001,binance_BTCUSDT
1732752000,0.0001,binance_BTCUSDT
1732780800,0.00014326,binance_BTCUSDT
1732809600,0.00011859,binance_BTCUSDT
1732838400,0.00020619,binance_BTCUSDT
1732867200,0.00011747,binance_BTCUSDT
1732896000,0.00021921,binance_BTCUSDT
1732924800,0.0001,binance_BTCUSDT
1732953600,0.00015909,binance_BTCUSDT
1732982400,0.00012063,binance_BTCUSDT
1733011200,0.00015901,binance_BTCUSDT
1733040000,0.00019581,binance_BTCUSDT
1733068800,0.0001,binance_BTCUSDT
1733097600,0.00025726,binance_BTCUSDT
1733126400,0.00024556,binance_BTCUSDT
1733155200,0.00013387,binance_BTCUSDT
1733184000,0.00012779,binance_BTCUSDT
1733212800,0.00024926,binance_BTCUSDT
1733241600,0.00011952,binance_BTCUSDT
1733270400,0.00026634,binance_BTCUSDT
1733299200,0.00026254,binance_BTCUSDT
1733328000,0.00023234,binance_BTCUSDT
1733356800,0.00027625,binance_BTCUSDT
1733385600,0.00072446,binance_BTCUSDT
1733414400,0.00047059,binance_BTCUSDT
1733443200,0.0001,binance_BTCUSDT
1733472000,0.00014634,binance_BTCUSDT
1733500800,0.0001,binance_BTCUSDT
1733529600,0.00031972,binance_BTCUSDT
1733558400,0.00012374,binance_BTCUSDT
1733587200,0.0001409,binance_BTCUSDT
1733616000,0.00016985,binance_BTCUSDT
1733644800,0.00016572,binance_BTCUSDT
1733673600,0.0001758,binance_BTCUSDT
1733702400,0.00030413,binance_BTCUSDT
1733731200,0.00021032,binance_BTCUSDT
1733760000,0.00011115,binance_BTCUSDT
1733788800,0.0001,binance_BTCUSDT
1733817600,0.0001,binance_BTCUSDT
1733846400,0.0001,binance_BTCUSDT
1733875200,0.0001,binance_BTCUSDT
1733904000,0.0001,binance_BTCUSDT
1733932800,0.0001,binance_BTCUSDT
1733961600,0.0001,binance_BTCUSDT
1733990400,0.0001,binance_BTCUSDT
1734019200,0.0001,binance_BTCUSDT
1734048000,0.0001,binance_BTCUSDT
1734076800,0.0001,binance_BTCUSDT
1734105600,0.0001,binance_BTCUSDT
1734134400,6.75e-05,binance_BTCUSDT
1734163200,0.0001,binance_BTCUSDT
1734192000,0.0001,binance_BTCUSDT
1734220800,0.0001,binance_BTCUSDT
1734249600,8.194e-05,binance_BTCUSDT
1734278400,0.0001,binance_BTCUSDT
1734307200,0.0001,binance_BTCUSDT
1734336000,0.0001,binance_BTCUSDT
1734364800,9.181e-05,binance_BTCUSDT
1734393600,7.866e-05,binance_BTCUSDT
1734422400,0.0001,binance_BTCUSDT
1734451200,0.0001,binance_BTCUSDT
1734480000,0.0001,binance_BTCUSDT
1734508800,9.159e-05,binance_BTCUSDT
1734537600,0.0001,binance_BTCUSDT
1734566400,0.0001,binance_BTCUSDT
1734595200,0.0001,binance_BTCUSDT
1734624000,0.0001,binance_BTCUSDT
1734652800,0.0001,binance_BTCUSDT
1734681600,0.0001,binance_BTCUSDT
1734710400,0.0001,binance_BTCUSDT
1734739200,0.0001,binance_BTCUSDT
1734768000,1.206e-05,binance_BTCUSDT
1734796800,0.0001,binance_BTCUSDT
1734825600,0.0001,binance_BTCUSDT
1734854400,0.0001,binance_BTCUSDT
1734883200,9.629e-05,binance_BTCUSDT
1734912000,0.0001,binance_BTCUSDT
1734940800,0.0001,binance_BTCUSDT
1734969600,8.981e-05,binance_BTCUSDT
1734998400,0.0001,binance_BTCUSDT
1735027200,0.0001,binance_BTCUSDT
1735056000,0.0001,binance_BTCUSDT
1735084800,0.0001,binance_BTCUSDT
1735113600,0.0001,binance_BTCUSDT
1735142400,0.0001,binance_BTCUSDT
1735171200,9.827e-05,binance_BTCUSDT
1735200000,7.453e-05,binance_BTCUSDT
1735228800,8.585e-05,binance_BTCUSDT
1735257600,0.0001,binance_BTCUSDT
1735286400,0.0001,binance_BTCUSDT
1735315200,0.0001,binance_BTCUSDT
1735344000,0.0001,binance_BTCUSDT
1735372800,7.639e-05,binance_BTCUSDT
1735401600,5.173e-05,binance_BTCUSDT
1735430400,8.013e-05,binance_BTCUSDT
1735459200,0.0001,binance_BTCUSDT
1735488000,0.0001,binance_BTCUSDT
1735516800,-4.2e-07,binance_BTCUSDT
1735545600,8.791e-05,binance_BTCUSDT
1735574400,0.0001,binance_BTCUSDT
1735603200,0.0001,binance_BTCUSDT
1735632000,0.0001,binance_BTCUSDT
1735660800,0.0001,binance_BTCUSDT
1735689600,0.0001,binance_BTCUSDT
1735718400,0.0001,binance_BTCUSDT
1735747200,0.0001,binance_BTCUSDT
1735776000,0.0001,binance_BTCUSDT
1735804800,0.0001,binance_BTCUSDT
1735833600,0.0001,binance_BTCUSDT
1735862400,0.0001,binance_BTCUSDT
1735891200,0.0001,binance_BTCUSDT
1735920000,5.242e-05,binance_BTCUSDT
1735948800,7.699e-05,binance_BTCUSDT
1735977600,0.0001,binance_BTCUSDT
1736006400,7.98e-06,binance_BTCUSDT
1736035200,0.0001,binance_BTCUSDT
1736064000,0.0001,binance_BTCUSDT
1736092800,8.32e-05,binance_BTCUSDT
1736121600,0.0001,binance_BTCUSDT
1736150400,0.0001,binance_BTCUSDT
1736179200,0.0001,binance_BTCUSDT
1736208000,0.0001,binance_BTCUSDT
1736236800,8.903e-05,binance_BTCUSDT
1736265600,8.279e-05,binance_BTCUSDT
1736294400,0.0001,binance_BTCUSDT
1736323200,0.0001,binance_BTCUSDT
1736352000,0.0001,binance_BTCUSDT
1736380800,0.0001,binance_BTCUSDT
1736409600,9.834e-05,binance_BTCUSDT
1736438400,-5.44e-06,binance_BTCUSDT
1736467200,3.966e-05,binance_BTCUSDT
1736496000,-1.06e-05,binance_BTCUSDT
1736524800,8.078e-05,binance_BTCUSDT
1736553600,5.68e-05,binance_BTCUSDT
1736582400,4.055e-05,binance_BTCUSDT
1736611200,2.608e-05,binance_BTCUSDT
1736640000,5.009e-05,binance_BTCUSDT
1736668800,3.21e-05,binance_BTCUSDT
1736697600,6.647e-05,binance_BTCUSDT
1736726400,5.266e-05,binance_BTCUSDT
1736755200,6.989e-05,binance_BTCUSDT
1736784000,8.81e-06,binance_BTCUSDT
1736812800,0.0001,binance_BTCUSDT
1736841600,0.0001,binance_BTCUSDT
1736870400,9.496e-05,binance_BTCUSDT
1736899200,4.989e-05,binance_BTCUSDT
1736928000,8.795e-05,binance_BTCUSDT
1736956800,5.844e-05,binance_BTCUSDT
1736985600,7.28e-06,binance_BTCUSDT
1737014400,7.568e-05,binance_BTCUSDT
1737043200,4.598e-05,binance_BTCUSDT
1737072000,4.597e-05,binance_BTCUSDT
1737100800,9.386e-05,binance_BTCUSDT
1737129600,3.432e-05,binance_BTCUSDT
1737158400,6.707e-05,binance_BTCUSDT
1737187200,0.0001,binance_BTCUSDT
1737216000,0.0001,binance_BTCUSDT
1737244800,0.0001,binance_BTCUSDT
1737273600,0.0001,binance_BTCUSDT
1737302400,0.0001,binance_BTCUSDT
1737331200,0.0001,binance_BTCUSDT
1737360000,0.0001,binance_BTCUSDT
1737388800,0.0001,binance_BTCUSDT
1737417600,0.0001,binance_BTCUSDT
1737446400,0.0001,binance_BTCUSDT
1737475200,0.0001,binance_BTCUSDT
1737504000,0.0001,binance_BTCUSDT
1737532800,0.0001,binance_BTCUSDT
1737561600,0.0001,binance_BTCUSDT
1737590400,8.654e-05,binance_BTCUSDT
1737619200,0.0001,binance_BTCUSDT
1737648000,8.616e-05,binance_BTCUSDT
1737676800,3.34e-06,binance_BTCUSDT
1737705600,7.537e-05,binance_BTCUSDT
1737734400,9.54e-05,binance_BTCUSDT
1737763200,5.702e-05,binance_BTCUSDT
1737792000,8.495e-05,binance_BTCUSDT
1737820800,7.782e-05,binance_BTCUSDT
1737849600,8.363e-05,binance_BTCUSDT
1737878400,0.0001,binance_BTCUSDT
1737907200,8.443e-05,binance_BTCUSDT
1737936000,9.084e-05,binance_BTCUSDT
1737964800,3.712e-05,binance_BTCUSDT
1737993600,9.8e-07,binance_BTCUSDT
1738022400,0.0001,binance_BTCUSDT
1738051200,3.714e-05,binance_BTCUSDT
1738080000,9.848e-05,binance_BTCUSDT
1738108800,0.0001,binance_BTCUSDT
1738137600,0.0001,binance_BTCUSDT
1738166400,9.949e-05,binance_BTCUSDT
1738195200,7.59e-05,binance_BTCUSDT
1738224000,0.0001,binance_BTCUSDT
1738252800,9.499e-05,binance_BTCUSDT
1738281600,1.225e-05,binance_BTCUSDT
1738310400,0.0001,binance_BTCUSDT
1738339200,0.0001,binance_BTCUSDT
1738368000,8.098e-05,binance_BTCUSDT
1738396800,5.369e-05,binance_BTCUSDT
1738425600,5.968e-05,binance_BTCUSDT
1738454400,5.824e-05,binance_BTCUSDT
1738483200,3.38e-05,binance_BTCUSDT
1738512000,-8.61e-06,binance_BTCUSDT
1738540800,0.0001,binance_BTCUSDT
1738569600,0.0001,binance_BTCUSDT
1738598400,4.845e-05,binance_BTCUSDT
1738627200,2.612e-05,binance_BTCUSDT
1738656000,6.8e-05,binance_BTCUSDT
1738684800,4.138e-05,binance_BTCUSDT
1738713600,-4.61e-06,binance_BTCUSDT
1738742400,4.774e-05,binance_BTCUSDT
1738771200,1.61e-05,binance_BTCUSDT
1738800000,2.186e-05,binance_BTCUSDT
1738828800,-2.38e-06,binance_BTCUSDT
1738857600,5.903e-05,binance_BTCUSDT
1738886400,7.983e-05,binance_BTCUSDT
1738915200,6.989e-05,binance_BTCUSDT
1738944000,5.167e-05,binance_BTCUSDT
1738972800,-4.1e-05,binance_BTCUSDT
1739001600,1.137e-05,binance_BTCUSDT
1739030400,3.24e-06,binance_BTCUSDT
1739059200,3.873e-05,binance_BTCUSDT
1739088000,9.6e-05,binance_BTCUSDT
1739116800,2.839e-05,binance_BTCUSDT
1739145600,1.802e-05,binance_BTCUSDT
1739174400,9.176e-05,binance_BTCUSDT
1739203200,7.457e-05,binance_BTCUSDT
1739232000,4.218e-05,binance_BTCUSDT
1739260800,7.09e-05,binance_BTCUSDT
1739289600,-2.446e-05,binance_BTCUSDT
1739318400,1.298e-05,binance_BTCUSDT
1739347200,4.899e-05,binance_BTCUSDT
1739376000,4.96e-05,binance_BTCUSDT
1739404800,0.0001,binance_BTCUSDT
1739433600,4.117e-05,binance_BTCUSDT
1739462400,8.05e-06,binance_BTCUSDT
1739491200,4.1e-05,binance_BTCUSDT
1739520000,5.51e-05,binance_BTCUSDT
1739548800,7.093e-05,binance_BTCUSDT
1739577600,5.5e-07,binance_BTCUSDT
1739606400,3.297e-05,binance_BTCUSDT
1739635200,3.735e-05,binance_BTCUSDT
1739664000,3.39e-05,binance_BTCUSDT
1739692800,1.82e-06,binance_BTCUSDT
1739721600,3.799e-05,binance_BTCUSDT
1739750400,6.239e-05,binance_BTCUSDT
1739779200,6.397e-05,binance_BTCUSDT
1739808000,2.009e-05,binance_BTCUSDT
1739836800,9.488e-05,binance_BTCUSDT
1739865600,0.0001,binance_BTCUSDT
1739894400,0.0001,binance_BTCUSDT
1739923200,7.007e-05,binance_BTCUSDT
1739952000,7.779e-05,binance_BTCUSDT
1739980800,8.96e-05,binance_BTCUSDT
1740009600,2.42e-05,binance_BTCUSDT
1740038400,3.269e-05,binance_BTCUSDT
1740067200,7.346e-05,binance_BTCUSDT
1740096000,1.23e-06,binance_BTCUSDT
1740124800,2.286e-05,binance_BTCUSDT
1740153600,-9.7e-07,binance_BTCUSDT
1740182400,0.0001,binance_BTCUSDT
1740211200,6.466e-05,binance_BTCUSDT
1740240000,2.318e-05,binance_BTCUSDT
1740268800,4.112e-05,binance_BTCUSDT
1740297600,3.14e-05,binance_BTCUSDT
1740326400,1.478e-05,binance_BTCUSDT
1740355200,-2.97e-05,binance_BTCUSDT
1740384000,6.881e-05,binance_BTCUSDT
1740412800,2.05e-05,binance_BTCUSDT
1740441600,0.0001,binance_BTCUSDT
1740470400,5.245e-05,binance_BTCUSDT
1740499200,1.385e-05,binance_BTCUSDT
1740528000,3.521e-05,binance_BTCUSDT
1740556800,6.005e-05,binance_BTCUSDT
1740585600,0.0001,binance_BTCUSDT
1740614400,9.305e-05,binance_BTCUSDT
1740643200,-6.17e-06,binance_BTCUSDT
1740672000,9.433e-05,binance_BTCUSDT
1740700800,9.444e-05,binance_BTCUSDT
1740729600,9.521e-05,binance_BTCUSDT
1740758400,-3.73e-06,binance_BTCUSDT
1740787200,-1.4e-07,binance_BTCUSDT
1740816000,-6.108e-05,binance_BTCUSDT
1740844800,-8.58e-06,binance_BTCUSDT
1740873600,-1.094e-05,binance_BTCUSDT
1740902400,-2.783e-05,binance_BTCUSDT
1740931200,-2.869e-05,binance_BTCUSDT
1740960000,-5.518e-05,binance_BTCUSDT
1740988800,7.91e-06,binance_BTCUSDT
1741017600,5.272e-05,binance_BTCUSDT
1741046400,-1.526e-05,binance_BTCUSDT
1741075200,-2.7e-06,binance_BTCUSDT
1741104000,1.306e-05,binance_BTCUSDT
1741132800,4.113e-05,binance_BTCUSDT
1741161600,2.722e-05,binance_BTCUSDT
1741190400,5.028e-05,binance_BTCUSDT
1741219200,3.538e-05,binance_BTCUSDT
1741248000,6.413e-05,binance_BTCUSDT
1741276800,6.818e-05,binance_BTCUSDT
1741305600,-6.12e-06,binance_BTCUSDT
1741334400,-1.539e-05,binance_BTCUSDT
1741363200,2.028e-05,binance_BTCUSDT
1741392000,5.328e-05,binance_BTCUSDT
1741420800,3.73e-06,binance_BTCUSDT
1741449600,1.208e-05,binance_BTCUSDT
1741478400,-2.779e-05,binance_BTCUSDT
1741507200,3.218e-05,binance_BTCUSDT
1741536000,0.0001,binance_BTCUSDT
1741564800,3.952e-05,binance_BTCUSDT
1741593600,1.344e-05,binance_BTCUSDT
1741622400,4.037e-05,binance_BTCUSDT
1741651200,4.705e-05,binance_BTCUSDT
1741680000,3.26e-05,binance_BTCUSDT
1741708800,8.746e-05,binance_BTCUSDT
1741737600,5.76e-06,binance_BTCUSDT
1741766400,5.815e-05,binance_BTCUSDT
1741795200,4.013e-05,binance_BTCUSDT
1741824000,4.3e-06,binance_BTCUSDT
1741852800,2.069e-05,binance_BTCUSDT
1741881600,3.19e-05,binance_BTCUSDT
1741910400,5.386e-05,binance_BTCUSDT
1741939200,5.331e-05,binance_BTCUSDT
1741968000,3.57e-06,binance_BTCUSDT
1741996800,-6.035e-05,binance_BTCUSDT
1742025600,-2.389e-05,binance_BTCUSDT
1742054400,-3.21e-06,binance_BTCUSDT
1742083200,4.32e-06,binance_BTCUSDT
1742112000,4.236e-05,binance_BTCUSDT
1742140800,1.247e-05,binance_BTCUSDT
1742169600,1.065e-05,binance_BTCUSDT
1742198400,8.474e-05,binance_BTCUSDT
1742227200,8.59e-06,binance_BTCUSDT
1742256000,7.03e-06,binance_BTCUSDT
1742284800,2.059e-05,binance_BTCUSDT
1742313600,3.514e-05,binance_BTCUSDT
1742342400,2e-06,binance_BTCUSDT
1742371200,5.961e-05,binance_BTCUSDT
1742400000,5.024e-05,binance_BTCUSDT
1742428800,1.944e-05,binance_BTCUSDT
1742457600,3.79e-05,binance_BTCUSDT
1742486400,1.086e-05,binance_BTCUSDT
1742515200,1.615e-05,binance_BTCUSDT
1742544000,5.324e-05,binance_BTCUSDT
1742572800,2.518e-05,binance_BTCUSDT
1742601600,2.836e-05,binance_BTCUSDT
1742630400,-1.77e-05,binance_BTCUSDT
1742659200,5.092e-05,binance_BTCUSDT
1742688000,2.099e-05,binance_BTCUSDT
1742716800,-1.84e-06,binance_BTCUSDT
1742745600,4.02e-05,binance_BTCUSDT
1742774400,2.039e-05,binance_BTCUSDT
1742803200,5.512e-05,binance_BTCUSDT
1742832000,-3.422e-05,binance_BTCUSDT
1742860800,-2.47e-06,binance_BTCUSDT
1742889600,1.15e-05,binance_BTCUSDT
1742918400,-3.776e-05,binance_BTCUSDT
1742947200,-2.99e-05,binance_BTCUSDT
1742976000,1.659e-05,binance_BTCUSDT
1743004800,-3.082e-05,binance_BTCUSDT
1743033600,3.136e-05,binance_BTCUSDT
1743062400,5.512e-05,binance_BTCUSDT
1743091200,-3.76e-05,binance_BTCUSDT
1743120000,1.584e-05,binance_BTCUSDT
1743148800,-4.57e-06,binance_BTCUSDT
1743177600,8.118e-05,binance_BTCUSDT
1743206400,5.364e-05,binance_BTCUSDT
1743235200,8.214e-05,binance_BTCUSDT
1743264000,2.53e-05,binance_BTCUSDT
1743292800,3.41e-06,binance_BTCUSDT
1743321600,4.27e-06,binance_BTCUSDT
1743350400,4.588e-05,binance_BTCUSDT
1743379200,2.643e-05,binance_BTCUSDT
1743408000,6.02e-05,binance_BTCUSDT
1743436800,1.845e-05,binance_BTCUSDT
1743465600,3.961e-05,binance_BTCUSDT
1743494400,2.889e-05,binance_BTCUSDT
1743523200,3.573e-05,binance_BTCUSDT
1743552000,-2.112e-05,binance_BTCUSDT
1743580800,3.036e-05,binance_BTCUSDT
1743609600,7.33e-06,binance_BTCUSDT
1743638400,5.862e-05,binance_BTCUSDT
1743667200,5.038e-05,binance_BTCUSDT
1743696000,6.484e-05,binance_BTCUSDT
1743724800,4.283e-05,binance_BTCUSDT
1743753600,4.736e-05,binance_BTCUSDT
1743782400,8.038e-05,binance_BTCUSDT
1743811200,8.559e-05,binance_BTCUSDT
1743840000,7.437e-05,binance_BTCUSDT
1743868800,4.08e-06,binance_BTCUSDT
1743897600,2.21e-06,binance_BTCUSDT
1743926400,5.363e-05,binance_BTCUSDT
1743955200,-6.03e-06,binance_BTCUSDT
1743984000,4.946e-05,binance_BTCUSDT
1744012800,6.857e-05,binance_BTCUSDT
1744041600,4.998e-05,binance_BTCUSDT
1744070400,4.074e-05,binance_BTCUSDT
1744099200,3.575e-05,binance_BTCUSDT
1744128000,3.134e-05,binance_BTCUSDT
1744156800,9.568e-05,binance_BTCUSDT
1744185600,-2.252e-05,binance_BTCUSDT
1744214400,6.856e-05,binance_BTCUSDT
1744243200,7.705e-05,binance_BTCUSDT
1744272000,1.14e-06,binance_BTCUSDT
1744300800,6.775e-05,binance_BTCUSDT
1744329600,2.065e-05,binance_BTCUSDT
1744358400,-4.294e-05,binance_BTCUSDT
1744387200,3.29e-05,binance_BTCUSDT
1744416000,3.654e-05,binance_BTCUSDT
1744444800,5.64e-05,binance_BTCUSDT
1744473600,5.388e-05,binance_BTCUSDT
1744502400,5.057e-05,binance_BTCUSDT
1744531200,8.429e-05,binance_BTCUSDT
1744560000,9.642e-05,binance_BTCUSDT
1744588800,8.113e-05,binance_BTCUSDT
1744617600,7.127e-05,binance_BTCUSDT
1744646400,2.428e-05,binance_BTCUSDT
1744675200,-2.073e-05,binance_BTCUSDT
1744704000,6.606e-05,binance_BTCUSDT
1744732800,1.883e-05,binance_BTCUSDT
1744761600,2.428e-05,binance_BTCUSDT
1744790400,6.917e-05,binance_BTCUSDT
1744819200,1.978e-05,binance_BTCUSDT
1744848000,1.404e-05,binance_BTCUSDT
1744876800,5.679e-05,binance_BTCUSDT
1744905600,3.425e-05,binance_BTCUSDT
1744934400,1.788e-05,binance_BTCUSDT
1744963200,7.071e-05,binance_BTCUSDT
1744992000,2.995e-05,binance_BTCUSDT
1745020800,2.93e-05,binance_BTCUSDT
1745049600,6.024e-05,binance_BTCUSDT
1745078400,-1.953e-05,binance_BTCUSDT
1745107200,-2.98e-06,binance_BTCUSDT
1745136000,-1.078e-05,binance_BTCUSDT
1745164800,-2.258e-05,binance_BTCUSDT
1745193600,5.232e-05,binance_BTCUSDT
1745222400,5.403e-05,binance_BTCUSDT
1745251200,1.553e-05,binance_BTCUSDT
1745280000,7.749e-05,binance_BTCUSDT
1745308800,-7.44e-06,binance_BTCUSDT
1745337600,-7.045e-05,binance_BTCUSDT
1745366400,-1.389e-05,binance_BTCUSDT
1745395200,1.374e-05,binance_BTCUSDT
1745424000,4.587e-05,binance_BTCUSDT
1745452800,-2.671e-05,binance_BTCUSDT
1745481600,5.21e-05,binance_BTCUSDT
1745510400,-2.165e-05,binance_BTCUSDT
1745539200,-1.764e-05,binance_BTCUSDT
1745568000,1.7e-06,binance_BTCUSDT
1745596800,1.2e-06,binance_BTCUSDT
1745625600,-0.00010085,binance_BTCUSDT
1745654400,-2.774e-05,binance_BTCUSDT
1745683200,2.855e-05,binance_BTCUSDT
1745712000,-1.5e-05,binance_BTCUSDT
1745740800,-6.6e-06,binance_BTCUSDT
1745769600,-4.21e-06,binance_BTCUSDT
1745798400,3.73e-06,binance_BTCUSDT
1745827200,2.46e-06,binance_BTCUSDT
1745856000,-5.821e-05,binance_BTCUSDT
1745884800,-7.73e-06,binance_BTCUSDT
1745913600,4.13e-06,binance_BTCUSDT
1745942400,1.305e-05,binance_BTCUSDT
1745971200,-5.181e-05,binance_BTCUSDT
1746000000,2.939e-05,binance_BTCUSDT
1746028800,-3.797e-05,binance_BTCUSDT
1746057600,3.519e-05,binance_BTCUSDT
1746086400,5.755e-05,binance_BTCUSDT
1746115200,-8.028e-05,binance_BTCUSDT
1746144000,-0.00012232,binance_BTCUSDT
1746172800,-9.382e-05,binance_BTCUSDT
1746201600,-8.689e-05,binance_BTCUSDT
1746230400,-5.953e-05,binance_BTCUSDT
1746259200,3.198e-05,binance_BTCUSDT
1746288000,-1.483e-05,binance_BTCUSDT
1746316800,3.7e-06,binance_BTCUSDT
1746345600,3.229e-05,binance_BTCUSDT
1746374400,3.745e-05,binance_BTCUSDT
1746403200,-2.404e-05,binance_BTCUSDT
1746432000,3.636e-05,binance_BTCUSDT
1746460800,-2.247e-05,binance_BTCUSDT
1746489600,1.978e-05,binance_BTCUSDT
1746518400,4.44e-05,binance_BTCUSDT
1746547200,7.57e-06,binance_BTCUSDT
1746576000,1.218e-05,binance_BTCUSDT
1746604800,-2.5e-07,binance_BTCUSDT
1746633600,1.32e-05,binance_BTCUSDT
1746662400,2.318e-05,binance_BTCUSDT
1746691200,4.608e-05,binance_BTCUSDT
1746720000,5.728e-05,binance_BTCUSDT
1746748800,0.0001,binance_BTCUSDT
1746777600,0.0001,binance_BTCUSDT
1746806400,4.378e-05,binance_BTCUSDT
1746835200,9.657e-05,binance_BTCUSDT
1746864000,0.0001,binance_BTCUSDT
1746892800,4.257e-05,binance_BTCUSDT
1746921600,0.0001,binance_BTCUSDT
1746950400,4.15e-05,binance_BTCUSDT
1746979200,0.0001,binance_BTCUSDT
1747008000,4.454e-05,binance_BTCUSDT
1747036800,0.0001,binance_BTCUSDT
1747065600,2.301e-05,binance_BTCUSDT
1747094400,6.847e-05,binance_BTCUSDT
1747123200,0.0001,binance_BTCUSDT
1747152000,7.256e-05,binance_BTCUSDT
1747180800,9.921e-05,binance_BTCUSDT
1747209600,7.542e-05,binance_BTCUSDT
1747238400,3.175e-05,binance_BTCUSDT
1747267200,2.978e-05,binance_BTCUSDT
1747296000,5.336e-05,binance_BTCUSDT
1747324800,1.439e-05,binance_BTCUSDT
1747353600,4.504e-05,binance_BTCUSDT
1747382400,7.535e-05,binance_BTCUSDT
1747411200,4.768e-05,binance_BTCUSDT
1747440000,2.821e-05,binance_BTCUSDT
1747468800,3.34e-05,binance_BTCUSDT
1747497600,5.97e-06,binance_BTCUSDT
1747526400,6.742e-05,binance_BTCUSDT
1747555200,5.903e-05,binance_BTCUSDT
1747584000,0.0001,binance_BTCUSDT
1747612800,5.99e-05,binance_BTCUSDT
1747641600,6.04e-05,binance_BTCUSDT
1747670400,2.11e-05,binance_BTCUSDT
1747699200,8.378e-05,binance_BTCUSDT
1747728000,7.107e-05,binance_BTCUSDT
1747756800,1.266e-05,binance_BTCUSDT
1747785600,8.767e-05,binance_BTCUSDT
1747814400,7.147e-05,binance_BTCUSDT
1747843200,5.119e-05,binance_BTCUSDT
1747872000,0.0001,binance_BTCUSDT
1747900800,0.0001,binance_BTCUSDT
1747929600,0.0001,binance_BTCUSDT
1747958400,9.321e-05,binance_BTCUSDT
1747987200,7.261e-05,binance_BTCUSDT
1748016000,8.614e-05,binance_BTCUSDT
1748044800,3.524e-05,binance_BTCUSDT
1748073600,4.59e-05,binance_BTCUSDT
1748102400,7.837e-05,binance_BTCUSDT
1748131200,9.794e-05,binance_BTCUSDT
1748160000,5.113e-05,binance_BTCUSDT
1748188800,3.651e-05,binance_BTCUSDT
1748217600,7.331e-05,binance_BTCUSDT
1748246400,0.0001,binance_BTCUSDT
1748275200,9.782e-05,binance_BTCUSDT
1748304000,7.65e-05,binance_BTCUSDT
1748332800,7.266e-05,binance_BTCUSDT
1748361600,2.476e-05,binance_BTCUSDT
1748390400,3.26e-05,binance_BTCUSDT
1748419200,2.164e-05,binance_BTCUSDT
1748448000,5.368e-05,binance_BTCUSDT
1748476800,3.186e-05,binance_BTCUSDT
1748505600,2.812e-05,binance_BTCUSDT
1748534400,8.379e-05,binance_BTCUSDT
1748563200,2.622e-05,binance_BTCUSDT
1748592000,3.849e-05,binance_BTCUSDT
1748620800,7.392e-05,binance_BTCUSDT
1748649600,8.506e-05,binance_BTCUSDT
1748678400,7.552e-05,binance_BTCUSDT
1748707200,4.687e-05,binance_BTCUSDT
1748736000,-5.82e-06,binance_BTCUSDT
1748764800,2.335e-05,binance_BTCUSDT
1748793600,4.117e-05,binance_BTCUSDT
1748822400,-6.42e-06,binance_BTCUSDT
1748851200,5.593e-05,binance_BTCUSDT
1748880000,4.467e-05,binance_BTCUSDT
1748908800,5.005e-05,binance_BTCUSDT
1748937600,6.066e-05,binance_BTCUSDT
1748966400,4.456e-05,binance_BTCUSDT
1748995200,-1.1e-07,binance_BTCUSDT
1749024000,2.611e-05,binance_BTCUSDT
1749052800,9.62e-06,binance_BTCUSDT
1749081600,7.4e-07,binance_BTCUSDT
1749110400,2.871e-05,binance_BTCUSDT
1749139200,5.156e-05,binance_BTCUSDT
1749168000,-3.491e-05,binance_BTCUSDT
1749196800,-3.03e-05,binance_BTCUSDT
1749225600,-2.995e-05,binance_BTCUSDT
1749254400,-2.89e-05,binance_BTCUSDT
1749283200,-3.158e-05,binance_BTCUSDT
1749312000,2.94e-06,binance_BTCUSDT
1749340800,4.808e-05,binance_BTCUSDT
1749369600,5.613e-05,binance_BTCUSDT
1749398400,-3.602e-05,binance_BTCUSDT
1749427200,-2.164e-05,binance_BTCUSDT
1749456000,4.024e-05,binance_BTCUSDT
1749484800,3.057e-05,binance_BTCUSDT
1749513600,6.374e-05,binance_BTCUSDT
1749542400,0.0001,binance_BTCUSDT
1749571200,8.165e-05,binance_BTCUSDT
1749600000,8.779e-05,binance_BTCUSDT
1749628800,8.39e-05,binance_BTCUSDT
1749657600,5.039e-05,binance_BTCUSDT
1749686400,1.856e-05,binance_BTCUSDT
1749715200,7.247e-05,binance_BTCUSDT
1749744000,1.198e-05,binance_BTCUSDT
1749772800,-1.801e-05,binance_BTCUSDT
1749801600,-2.7e-06,binance_BTCUSDT
1749830400,3.857e-05,binance_BTCUSDT
1749859200,1.958e-05,binance_BTCUSDT
1749888000,3.858e-05,binance_BTCUSDT
1749916800,1.135e-05,binance_BTCUSDT
1749945600,-3.641e-05,binance_BTCUSDT
1749974400,1.439e-05,binance_BTCUSDT
1750003200,7.369e-05,binance_BTCUSDT
1750032000,9.36e-06,binance_BTCUSDT
1750060800,5.07e-05,binance_BTCUSDT
1750089600,2.793e-05,binance_BTCUSDT
1750118400,1.847e-05,binance_BTCUSDT
1750147200,5.776e-05,binance_BTCUSDT
1750176000,2.211e-05,binance_BTCUSDT
1750204800,-1.752e-05,binance_BTCUSDT
1750233600,3.695e-05,binance_BTCUSDT
1750262400,6.692e-05,binance_BTCUSDT
1750291200,8.45e-06,binance_BTCUSDT
1750320000,6.16e-06,binance_BTCUSDT
1750348800,2.396e-05,binance_BTCUSDT
1750377600,3.565e-05,binance_BTCUSDT
1750406400,7.862e-05,binance_BTCUSDT
1750435200,2.4e-05,binance_BTCUSDT
1750464000,3.977e-05,binance_BTCUSDT
1750492800,1.933e-05,binance_BTCUSDT
1750521600,7.44e-05,binance_BTCUSDT
1750550400,2.883e-05,binance_BTCUSDT
1750579200,0.0001,binance_BTCUSDT
1750608000,4.145e-05,binance_BTCUSDT
1750636800,-1.061e-05,binance_BTCUSDT
1750665600,-2.809e-05,binance_BTCUSDT
1750694400,4.889e-05,binance_BTCUSDT
1750723200,1.245e-05,binance_BTCUSDT
1750752000,1.218e-05,binance_BTCUSDT
1750780800,4.47e-06,binance_BTCUSDT
1750809600,-3.174e-05,binance_BTCUSDT
1750838400,2.747e-05,binance_BTCUSDT
1750867200,9.62e-06,binance_BTCUSDT
1750896000,1.41e-06,binance_BTCUSDT
1750924800,3.805e-05,binance_BTCUSDT
1750953600,6.82e-06,binance_BTCUSDT
1750982400,1.113e-05,binance_BTCUSDT
1751011200,2.663e-05,binance_BTCUSDT
1751040000,2.557e-05,binance_BTCUSDT
1751068800,-1.161e-05,binance_BTCUSDT
1751097600,6.053e-05,binance_BTCUSDT
1751126400,4.434e-05,binance_BTCUSDT
1751155200,1.25e-05,binance_BTCUSDT
1751184000,5.36e-05,binance_BTCUSDT
1751212800,0.0001,binance_BTCUSDT
1751241600,1.084e-05,binance_BTCUSDT
1751270400,2.959e-05,binance_BTCUSDT
1751299200,4.923e-05,binance_BTCUSDT
1751328000,1.053e-05,binance_BTCUSDT
1751356800,4.334e-05,binance_BTCUSDT
1751385600,1.109e-05,binance_BTCUSDT
1751414400,1.807e-05,binance_BTCUSDT
1751443200,3.403e-05,binance_BTCUSDT
1751472000,4.13e-05,binance_BTCUSDT
1751500800,4.871e-05,binance_BTCUSDT
1751529600,3.562e-05,binance_BTCUSDT
1751558400,5.028e-05,binance_BTCUSDT
1751587200,5.23e-05,binance_BTCUSDT
1751616000,5.009e-05,binance_BTCUSDT
1751644800,1.797e-05,binance_BTCUSDT
1751673600,1.066e-05,binance_BTCUSDT
1751702400,3.055e-05,binance_BTCUSDT
1751731200,4.005e-05,binance_BTCUSDT
1751760000,1.941e-05,binance_BTCUSDT
1751788800,1.665e-05,binance_BTCUSDT
1751817600,1.028e-05,binance_BTCUSDT
1751846400,2.36e-05,binance_BTCUSDT
1751875200,3.438e-05,binance_BTCUSDT
1751904000,4.271e-05,binance_BTCUSDT
1751932800,1.073e-05,binance_BTCUSDT
1751961600,4.563e-05,binance_BTCUSDT
1751990400,3.601e-05,binance_BTCUSDT
1752019200,3.093e-05,binance_BTCUSDT
1752048000,3.396e-05,binance_BTCUSDT
1752076800,4.253e-05,binance_BTCUSDT
1752105600,0.0001,binance_BTCUSDT
1752134400,8.523e-05,binance_BTCUSDT
1752163200,1.908e-05,binance_BTCUSDT
1752192000,0.0001,binance_BTCUSDT
1752220800,0.0001,binance_BTCUSDT
1752249600,0.0001,binance_BTCUSDT
1752278400,0.0001,binance_BTCUSDT
1752307200,0.0001,binance_BTCUSDT
1752336000,0.0001,binance_BTCUSDT
1752364800,0.0001,binance_BTCUSDT
1752393600,0.0001,binance_BTCUSDT
1752422400,0.0001,binance_BTCUSDT
1752451200,8.051e-05,binance_BTCUSDT
1752480000,0.0001,binance_BTCUSDT
1752508800,0.0001,binance_BTCUSDT
1752537600,0.0001,binance_BTCUSDT
1752566400,0.0001,binance_BTCUSDT
1752595200,0.0001,binance_BTCUSDT
1752624000,0.0001,binance_BTCUSDT
1752652800,0.0001,binance_BTCUSDT
1752681600,0.0001,binance_BTCUSDT
1752710400,0.0001,binance_BTCUSDT
1752739200,0.0001,binance_BTCUSDT
1752768000,0.0001,binance_BTCUSDT
1752796800,0.0001,binance_BTCUSDT
1752825600,0.0001,binance_BTCUSDT
1752854400,0.0001,binance_BTCUSDT
1752883200,0.0001,binance_BTCUSDT
1752912000,0.0001,binance_BTCUSDT
1752940800,0.0001,binance_BTCUSDT
1752969600,0.0001,binance_BTCUSDT
1752998400,0.0001,binance_BTCUSDT
1753027200,0.0001,binance_BTCUSDT
1753056000,0.0001,binance_BTCUSDT
1753084800,0.0001,binance_BTCUSDT
1753113600,0.0001,binance_BTCUSDT
1753142400,0.0001,binance_BTCUSDT
1753171200,0.0001,binance_BTCUSDT
1753200000,0.0001,binance_BTCUSDT
1753228800,0.0001,binance_BTCUSDT
1753257600,0.0001,binance_BTCUSDT
1753286400,0.0001,binance_BTCUSDT
1753315200,0.0001,binance_BTCUSDT
1753344000,0.0001,binance_BTCUSDT
1753372800,0.0001,binance_BTCUSDT
1753401600,0.0001,binance_BTCUSDT
1753430400,0.0001,binance_BTCUSDT
1753459200,0.0001,binance_BTCUSDT
1753488000,0.0001,binance_BTCUSDT
1753516800,0.0001,binance_BTCUSDT
1753545600,0.0001,binance_BTCUSDT
1753574400,0.0001,binance_BTCUSDT
1753603200,0.0001,binance_BTCUSDT
1753632000,0.0001,binance_BTCUSDT
1753660800,0.0001,binance_BTCUSDT
1753689600,0.0001,binance_BTCUSDT
1753718400,0.0001,binance_BTCUSDT
1753747200,0.0001,binance_BTCUSDT
1753776000,0.0001,binance_BTCUSDT
1753804800,0.0001,binance_BTCUSDT
1753833600,0.0001,binance_BTCUSDT
1753862400,0.0001,binance_BTCUSDT
1753891200,0.0001,binance_BTCUSDT
1753920000,5.694e-05,binance_BTCUSDT
1753948800,0.0001,binance_BTCUSDT
1753977600,0.0001,binance_BTCUSDT
1754006400,-1.408e-05,binance_BTCUSDT
1754035200,1.549e-05,binance_BTCUSDT
1754064000,5.681e-05,binance_BTCUSDT
1754092800,4.81e-05,binance_BTCUSDT
1754121600,8.94e-06,binance_BTCUSDT
1754150400,4.437e-05,binance_BTCUSDT
1754179200,5.633e-05,binance_BTCUSDT
1754208000,4.533e-05,binance_BTCUSDT
1754236800,7.504e-05,binance_BTCUSDT
1754265600,4.188e-05,binance_BTCUSDT
1754294400,5.719e-05,binance_BTCUSDT
1754323200,3.912e-05,binance_BTCUSDT
1754352000,7.101e-05,binance_BTCUSDT
1754380800,8.589e-05,binance_BTCUSDT
1754409600,4.784e-05,binance_BTCUSDT
1754438400,5.172e-05,binance_BTCUSDT
1754467200,9.275e-05,binance_BTCUSDT
1754496000,8.288e-05,binance_BTCUSDT
1754524800,4.843e-05,binance_BTCUSDT
1754553600,7.574e-05,binance_BTCUSDT
1754582400,6.275e-05,binance_BTCUSDT
1754611200,2.403e-05,binance_BTCUSDT
1754640000,1.729e-05,binance_BTCUSDT
1754668800,7.973e-05,binance_BTCUSDT
1754697600,8.835e-05,binance_BTCUSDT
1754726400,9.087e-05,binance_BTCUSDT
1754755200,5.151e-05,binance_BTCUSDT
1754784000,9.849e-05,binance_BTCUSDT
1754812800,0.0001,binance_BTCUSDT
1754841600,0.0001,binance_BTCUSDT
1754870400,0.0001,binance_BTCUSDT
1754899200,0.0001,binance_BTCUSDT
1754928000,0.0001,binance_BTCUSDT
1754956800,0.0001,binance_BTCUSDT
1754985600,7.988e-05,binance_BTCUSDT
1755014400,8.543e-05,binance_BTCUSDT
1755043200,7.123e-05,binance_BTCUSDT
1755072000,0.0001,binance_BTCUSDT
1755100800,0.0001,binance_BTCUSDT
1755129600,0.0001,binance_BTCUSDT
1755158400,0.0001,binance_BTCUSDT
1755187200,0.0001,binance_BTCUSDT
1755216000,1.939e-05,binance_BTCUSDT
1755244800,7.99e-05,binance_BTCUSDT
1755273600,3.722e-05,binance_BTCUSDT
1755302400,8.85e-05,binance_BTCUSDT
1755331200,8.268e-05,binance_BTCUSDT
1755360000,9.023e-05,binance_BTCUSDT
1755388800,8.206e-05,binance_BTCUSDT
1755417600,4.68e-05,binance_BTCUSDT
1755446400,1.862e-05,binance_BTCUSDT
1755475200,2.846e-05,binance_BTCUSDT
1755504000,-6.82e-06,binance_BTCUSDT
1755532800,5.296e-05,binance_BTCUSDT
1755561600,7.137e-05,binance_BTCUSDT
1755590400,6.262e-05,binance_BTCUSDT
1755619200,3.167e-05,binance_BTCUSDT
1755648000,4.543e-05,binance_BTCUSDT
1755676800,1.364e-05,binance_BTCUSDT
1755705600,4.936e-05,binance_BTCUSDT
1755734400,1.143e-05,binance_BTCUSDT
1755763200,7.757e-05,binance_BTCUSDT
1755792000,7.414e-05,binance_BTCUSDT
1755820800,7.296e-05,binance_BTCUSDT
1755849600,0.0001,binance_BTCUSDT
1755878400,5.867e-05,binance_BTCUSDT
1755907200,0.0001,binance_BTCUSDT
1755936000,0.0001,binance_BTCUSDT
1755964800,9.711e-05,binance_BTCUSDT
1755993600,0.0001,binance_BTCUSDT
1756022400,0.0001,binance_BTCUSDT
1756051200,0.0001,binance_BTCUSDT
1756080000,0.0001,binance_BTCUSDT
1756108800,0.0001,binance_BTCUSDT
1756137600,8.344e-05,binance_BTCUSDT
1756166400,4.522e-05,binance_BTCUSDT
1756195200,3.9e-05,binance_BTCUSDT
1756224000,0.0001,binance_BTCUSDT
1756252800,1.802e-05,binance_BTCUSDT
1756281600,5.503e-05,binance_BTCUSDT
1756310400,3.496e-05,binance_BTCUSDT
1756339200,5.297e-05,binance_BTCUSDT
1756368000,9.693e-05,binance_BTCUSDT
1756396800,7.512e-05,binance_BTCUSDT
1756425600,4.261e-05,binance_BTCUSDT
1756454400,5.856e-05,binance_BTCUSDT
1756483200,6.44e-06,binance_BTCUSDT
1756512000,7.523e-05,binance_BTCUSDT
1756540800,7.979e-05,binance_BTCUSDT
1756569600,8.042e-05,binance_BTCUSDT
1756598400,-1.232e-05,binance_BTCUSDT
1756627200,4.749e-05,binance_BTCUSDT
1756656000,0.0001,binance_BTCUSDT
1756684800,4.66e-05,binance_BTCUSDT
1756713600,0.0001,binance_BTCUSDT
1756742400,4.963e-05,binance_BTCUSDT
1756771200,6.946e-05,binance_BTCUSDT
1756800000,8.805e-05,binance_BTCUSDT
1756828800,6.356e-05,binance_BTCUSDT
1756857600,7.67e-06,binance_BTCUSDT
1756886400,5.127e-05,binance_BTCUSDT
1756915200,2.344e-05,binance_BTCUSDT
1756944000,1.808e-05,binance_BTCUSDT
1756972800,4.385e-05,binance_BTCUSDT
1757001600,7.941e-05,binance_BTCUSDT
1757030400,7.532e-05,binance_BTCUSDT
1757059200,0.0001,binance_BTCUSDT
1757088000,7.872e-05,binance_BTCUSDT
1757116800,1.297e-05,binance_BTCUSDT
1757145600,5.66e-05,binance_BTCUSDT
1757174400,5.11e-05,binance_BTCUSDT
1757203200,1.97e-05,binance_BTCUSDT
1757232000,3.611e-05,binance_BTCUSDT
1757260800,6.969e-05,binance_BTCUSDT
1757289600,9.404e-05,binance_BTCUSDT
1757318400,6.682e-05,binance_BTCUSDT
1757347200,7.311e-05,binance_BTCUSDT
1757376000,3.799e-05,binance_BTCUSDT
1757404800,0.0001,binance_BTCUSDT
1757433600,0.0001,binance_BTCUSDT
1757462400,5.805e-05,binance_BTCUSDT
1757491200,5.026e-05,binance_BTCUSDT
1757520000,0.0001,binance_BTCUSDT
1757548800,5.843e-05,binance_BTCUSDT
1757577600,4.283e-05,binance_BTCUSDT
1757606400,3.326e-05,binance_BTCUSDT
1757635200,6.137e-05,binance_BTCUSDT
1757664000,3.768e-05,binance_BTCUSDT
1757692800,6.891e-05,binance_BTCUSDT
1757721600,-1.554e-05,binance_BTCUSDT
1757750400,2.251e-05,binance_BTCUSDT
1757779200,3.137e-05,binance_BTCUSDT
1757808000,8.182e-05,binance_BTCUSDT
1757836800,4.78e-05,binance_BTCUSDT
1757865600,3.115e-05,binance_BTCUSDT
1757894400,6.207e-05,binance_BTCUSDT
1757923200,8.259e-05,binance_BTCUSDT
1757952000,8.189e-05,binance_BTCUSDT
1757980800,9.97e-06,binance_BTCUSDT
1758009600,6.991e-05,binance_BTCUSDT
1758038400,6.472e-05,binance_BTCUSDT
1758067200,6.972e-05,binance_BTCUSDT
1758096000,8.441e-05,binance_BTCUSDT
1758124800,6.303e-05,binance_BTCUSDT
1758153600,4.941e-05,binance_BTCUSDT
1758182400,8.928e-05,binance_BTCUSDT
1758211200,4.208e-05,binance_BTCUSDT
1758240000,-2.31e-06,binance_BTCUSDT
1758268800,2.109e-05,binance_BTCUSDT
1758297600,5.264e-05,binance_BTCUSDT
1758326400,3.757e-05,binance_BTCUSDT
1758355200,-2.7e-07,binance_BTCUSDT
1758384000,-1.006e-05,binance_BTCUSDT
1758412800,-5.322e-05,binance_BTCUSDT
1758441600,2.563e-05,binance_BTCUSDT
1758470400,3.742e-05,binance_BTCUSDT
1758499200,6.665e-05,binance_BTCUSDT
1758528000,1.743e-05,binance_BTCUSDT
1758556800,4.838e-05,binance_BTCUSDT
1758585600,7.062e-05,binance_BTCUSDT
1758614400,7.083e-05,binance_BTCUSDT
1758643200,7.478e-05,binance_BTCUSDT
1758672000,5.794e-05,binance_BTCUSDT
1758700800,6.267e-05,binance_BTCUSDT
1758729600,4.886e-05,binance_BTCUSDT
1758758400,-2.2e-06,binance_BTCUSDT
1758787200,1.73e-05,binance_BTCUSDT
1758816000,9.56e-05,binance_BTCUSDT
1758844800,3.143e-05,binance_BTCUSDT
1758873600,4.36e-05,binance_BTCUSDT
1758902400,7.716e-05,binance_BTCUSDT
1758931200,-1e-07,binance_BTCUSDT
1758960000,3.425e-05,binance_BTCUSDT
1758988800,7.821e-05,binance_BTCUSDT
1759017600,3.314e-05,binance_BTCUSDT
1759046400,4.976e-05,binance_BTCUSDT
1759075200,5.261e-05,binance_BTCUSDT
1759104000,2.312e-05,binance_BTCUSDT
1759132800,1.304e-05,binance_BTCUSDT
1759161600,3.2e-07,binance_BTCUSDT
1759190400,2.353e-05,binance_BTCUSDT
1759219200,5.893e-05,binance_BTCUSDT
1759248000,2.584e-05,binance_BTCUSDT
1759276800,3.355e-05,binance_BTCUSDT
1759305600,3.457e-05,binance_BTCUSDT
1759334400,0.0001,binance_BTCUSDT
1759363200,7.784e-05,binance_BTCUSDT
1759392000,0.0001,binance_BTCUSDT
1759420800,9.543e-05,binance_BTCUSDT
1759449600,9.926e-05,binance_BTCUSDT
1759478400,0.0001,binance_BTCUSDT
1759507200,0.0001,binance_BTCUSDT
1759536000,0.0001,binance_BTCUSDT
1759564800,0.0001,binance_BTCUSDT
1759593600,8.312e-05,binance_BTCUSDT
1759622400,8.648e-05,binance_BTCUSDT
1759651200,0.0001,binance_BTCUSDT
1759680000,9.566e-05,binance_BTCUSDT
1759708800,7.672e-05,binance_BTCUSDT
1759737600,9.708e-05,binance_BTCUSDT
1759766400,5.831e-05,binance_BTCUSDT
1759795200,0.0001,binance_BTCUSDT
1759824000,8.608e-05,binance_BTCUSDT
1759852800,6.194e-05,binance_BTCUSDT
1759881600,2.542e-05,binance_BTCUSDT
1759910400,0.0001,binance_BTCUSDT
1759939200,5.396e-05,binance_BTCUSDT
1759968000,1.344e-05,binance_BTCUSDT
1759996800,5.35e-05,binance_BTCUSDT
1760025600,1.455e-05,binance_BTCUSDT
1760054400,7.85e-06,binance_BTCUSDT
1760083200,3.879e-05,binance_BTCUSDT
1760112000,1.013e-05,binance_BTCUSDT
1760140800,0.0001,binance_BTCUSDT
1760169600,0.0001,binance_BTCUSDT
1760198400,4.67e-06,binance_BTCUSDT
1760227200,-3.055e-05,binance_BTCUSDT
1760256000,2.865e-05,binance_BTCUSDT
1760284800,-0.00010915,binance_BTCUSDT
1760313600,-3.942e-05,binance_BTCUSDT
1760342400,2.519e-05,binance_BTCUSDT
1760371200,-2.305e-05,binance_BTCUSDT
1760400000,-4.041e-05,binance_BTCUSDT
1760428800,7.12e-06,binance_BTCUSDT
1760457600,-4.498e-05,binance_BTCUSDT
1760486400,-5.425e-05,binance_BTCUSDT
1760515200,3.973e-05,binance_BTCUSDT
1760544000,2.25e-06,binance_BTCUSDT
1760572800,-2.741e-05,binance_BTCUSDT
1760601600,-2.23e-05,binance_BTCUSDT
1760630400,-3.004e-05,binance_BTCUSDT
1760659200,-2.85e-06,binance_BTCUSDT
1760688000,-6.34e-06,binance_BTCUSDT
1760716800,-2.91e-06,binance_BTCUSDT
1760745600,-4.819e-05,binance_BTCUSDT
1760774400,-6.376e-05,binance_BTCUSDT
1760803200,-3.681e-05,binance_BTCUSDT
1760832000,-1.411e-05,binance_BTCUSDT
1760860800,1.512e-05,binance_BTCUSDT
1760889600,2.787e-05,binance_BTCUSDT
1760918400,-2.197e-05,binance_BTCUSDT
1760947200,-6.65e-06,binance_BTCUSDT
1760976000,-1.8e-07,binance_BTCUSDT
1761004800,-5.567e-05,binance_BTCUSDT
1761033600,2.222e-05,binance_BTCUSDT
1761062400,-2.506e-05,binance_BTCUSDT
1761091200,-4.212e-05,binance_BTCUSDT
1761120000,2.445e-05,binance_BTCUSDT
1761148800,5.702e-05,binance_BTCUSDT
1761177600,8.911e-05,binance_BTCUSDT
1761206400,2.673e-05,binance_BTCUSDT
1761235200,3.933e-05,binance_BTCUSDT
1761264000,3.391e-05,binance_BTCUSDT
1761292800,1.783e-05,binance_BTCUSDT
1761321600,3.224e-05,binance_BTCUSDT
1761350400,5.02e-05,binance_BTCUSDT
1761379200,1.484e-05,binance_BTCUSDT
1761408000,5.57e-05,binance_BTCUSDT
1761436800,1.903e-05,binance_BTCUSDT
1761465600,5.35e-06,binance_BTCUSDT
1761494400,6.904e-05,binance_BTCUSDT
1761523200,0.0001,binance_BTCUSDT
1761552000,0.0001,binance_BTCUSDT
1761580800,7.304e-05,binance_BTCUSDT
1761609600,6.059e-05,binance_BTCUSDT
1761638400,7.806e-05,binance_BTCUSDT
1761667200,2.992e-05,binance_BTCUSDT
1761696000,-3.2e-07,binance_BTCUSDT
1761724800,3.588e-05,binance_BTCUSDT
1761753600,5.003e-05,binance_BTCUSDT
1761782400,1.097e-05,binance_BTCUSDT
1761811200,3.449e-05,binance_BTCUSDT
1761840000,3.562e-05,binance_BTCUSDT
1761868800,2.13e-06,binance_BTCUSDT
1761897600,0.0001,binance_BTCUSDT
1761926400,0.0001,binance_BTCUSDT
1761955200,0.0001,binance_BTCUSDT
1761984000,0.0001,binance_BTCUSDT
1762012800,9.782e-05,binance_BTCUSDT
1762041600,8.2e-05,binance_BTCUSDT
1762070400,8.15e-05,binance_BTCUSDT
1762099200,5.635e-05,binance_BTCUSDT
1762128000,6.098e-05,binance_BTCUSDT
1762156800,6.853e-05,binance_BTCUSDT
1762185600,5.329e-05,binance_BTCUSDT
1762214400,0.0001,binance_BTCUSDT
1762243200,5.808e-05,binance_BTCUSDT
1762272000,6.339e-05,binance_BTCUSDT
1762300800,7.132e-05,binance_BTCUSDT
1762329600,2.831e-05,binance_BTCUSDT
1762358400,2.816e-05,binance_BTCUSDT
1762387200,3.985e-05,binance_BTCUSDT
1762416000,7.916e-05,binance_BTCUSDT
1762444800,4.494e-05,binance_BTCUSDT
1762473600,4.705e-05,binance_BTCUSDT
1762502400,4.227e-05,binance_BTCUSDT
1762531200,8.631e-05,binance_BTCUSDT
1762560000,7.776e-05,binance_BTCUSDT
1762588800,3.047e-05,binance_BTCUSDT
1762617600,3.74e-05,binance_BTCUSDT
1762646400,-1.64e-05,binance_BTCUSDT
1762675200,4.187e-05,binance_BTCUSDT
1762704000,8.948e-05,binance_BTCUSDT
1762732800,8.87e-05,binance_BTCUSDT
1762761600,7.355e-05,binance_BTCUSDT
1762790400,4.979e-05,binance_BTCUSDT
1762819200,2.818e-05,binance_BTCUSDT
1762848000,-2.775e-05,binance_BTCUSDT
1762876800,5.823e-05,binance_BTCUSDT
1762905600,2.462e-05,binance_BTCUSDT
1762934400,6.87e-06,binance_BTCUSDT
1762963200,5.786e-05,binance_BTCUSDT
1762992000,1.077e-05,binance_BTCUSDT
1763020800,9.352e-05,binance_BTCUSDT
1763049600,7.448e-05,binance_BTCUSDT
1763078400,8.569e-05,binance_BTCUSDT
1763107200,9.126e-05,binance_BTCUSDT
1763136000,9.078e-05,binance_BTCUSDT
1763164800,8.507e-05,binance_BTCUSDT
1763193600,0.0001,binance_BTCUSDT
1763222400,5.923e-05,binance_BTCUSDT
1763251200,7.745e-05,binance_BTCUSDT
1763280000,0.0001,binance_BTCUSDT
1763308800,7.06e-05,binance_BTCUSDT
1763337600,0.0001,binance_BTCUSDT
1763366400,9.568e-05,binance_BTCUSDT
1763395200,7.208e-05,binance_BTCUSDT
1763424000,0.0001,binance_BTCUSDT
1763452800,0.0001,binance_BTCUSDT
1763481600,3.725e-05,binance_BTCUSDT
1763510400,7.496e-05,binance_BTCUSDT
1763539200,5.012e-05,binance_BTCUSDT
1763568000,3.98e-05,binance_BTCUSDT
1763596800,4.259e-05,binance_BTCUSDT
1763625600,0.0001,binance_BTCUSDT
1763654400,8.999e-05,binance_BTCUSDT
1763683200,4.272e-05,binance_BTCUSDT
1763712000,4.524e-05,binance_BTCUSDT
1763740800,2.642e-05,binance_BTCUSDT
1763769600,1.373e-05,binance_BTCUSDT
1763798400,6.735e-05,binance_BTCUSDT
1763827200,5.057e-05,binance_BTCUSDT
1763856000,3.812e-05,binance_BTCUSDT
1763884800,1.53e-06,binance_BTCUSDT
1763913600,-8.93e-06,binance_BTCUSDT
1763942400,-6e-08,binance_BTCUSDT
1763971200,-1.34e-06,binance_BTCUSDT
1764000000,5.044e-05,binance_BTCUSDT
1764028800,-5.29e-05,binance_BTCUSDT
1764057600,1.996e-05,binance_BTCUSDT
1764086400,-3.019e-05,binance_BTCUSDT
1764115200,4.038e-05,binance_BTCUSDT
1764144000,5.388e-05,binance_BTCUSDT
1764172800,-4.19e-06,binance_BTCUSDT
1764201600,-2.599e-05,binance_BTCUSDT
1764230400,2.408e-05,binance_BTCUSDT
1764259200,4.624e-05,binance_BTCUSDT
1764288000,1.771e-05,binance_BTCUSDT
1764316800,6.007e-05,binance_BTCUSDT
1764345600,-1.703e-05,binance_BTCUSDT
1764374400,-1.982e-05,binance_BTCUSDT
1764403200,1.778e-05,binance_BTCUSDT
1764432000,2.635e-05,binance_BTCUSDT
1764460800,6.082e-05,binance_BTCUSDT
1764489600,3.556e-05,binance_BTCUSDT
1764518400,3.88e-05,binance_BTCUSDT
1764547200,3.593e-05,binance_BTCUSDT
1764576000,3.153e-05,binance_BTCUSDT
1764604800,1.491e-05,binance_BTCUSDT
1764633600,-1.009e-05,binance_BTCUSDT
1764662400,2.643e-05,binance_BTCUSDT
1764691200,3.999e-05,binance_BTCUSDT
1764720000,-1.732e-05,binance_BTCUSDT
1764748800,4.206e-05,binance_BTCUSDT
1764777600,-8.85e-06,binance_BTCUSDT
1764806400,-3.95e-06,binance_BTCUSDT
1764835200,7.435e-05,binance_BTCUSDT
1764864000,3.928e-05,binance_BTCUSDT
1764892800,4.837e-05,binance_BTCUSDT
1764921600,4.944e-05,binance_BTCUSDT
1764950400,3.91e-06,binance_BTCUSDT
1764979200,3.693e-05,binance_BTCUSDT
1765008000,1.919e-05,binance_BTCUSDT
1765036800,-1.822e-05,binance_BTCUSDT
1765065600,4.192e-05,binance_BTCUSDT
1765094400,1.666e-05,binance_BTCUSDT
1765123200,5.212e-05,binance_BTCUSDT
1765152000,-5.39e-06,binance_BTCUSDT
1765180800,6.545e-05,binance_BTCUSDT
1765209600,3.395e-05,binance_BTCUSDT
1765238400,8.52e-06,binance_BTCUSDT
1765267200,6.379e-05,binance_BTCUSDT
1765296000,5.443e-05,binance_BTCUSDT
1765324800,2.777e-05,binance_BTCUSDT
1765353600,1.996e-05,binance_BTCUSDT
1765382400,3.205e-05,binance_BTCUSDT
1765411200,2.59e-05,binance_BTCUSDT
1765440000,-1.577e-05,binance_BTCUSDT
1765468800,6.1e-05,binance_BTCUSDT
1765497600,6.914e-05,binance_BTCUSDT
1765526400,4.698e-05,binance_BTCUSDT
1765555200,3.383e-05,binance_BTCUSDT
1765584000,1.21e-06,binance_BTCUSDT
1765612800,6.02e-05,binance_BTCUSDT
1765641600,6.041e-05,binance_BTCUSDT
1765670400,0.0001,binance_BTCUSDT
1765699200,2.898e-05,binance_BTCUSDT
1765728000,3.773e-05,binance_BTCUSDT
1765756800,1.9e-06,binance_BTCUSDT
1765785600,-8.93e-06,binance_BTCUSDT
1765814400,3.081e-05,binance_BTCUSDT
1765843200,7.467e-05,binance_BTCUSDT
1765872000,1.35e-05,binance_BTCUSDT
1765900800,4.089e-05,binance_BTCUSDT
1765929600,6.221e-05,binance_BTCUSDT
1765958400,8.987e-05,binance_BTCUSDT
1765987200,5.917e-05,binance_BTCUSDT
1766016000,6.23e-05,binance_BTCUSDT
1766044800,-8.67e-06,binance_BTCUSDT
1766073600,8.355e-05,binance_BTCUSDT
1766102400,5.491e-05,binance_BTCUSDT
1766131200,0.0001,binance_BTCUSDT
1766160000,0.0001,binance_BTCUSDT
1766188800,0.0001,binance_BTCUSDT
1766217600,1.234e-05,binance_BTCUSDT
1766246400,7.171e-05,binance_BTCUSDT
1766275200,9.682e-05,binance_BTCUSDT
1766304000,8.873e-05,binance_BTCUSDT
1766332800,3.977e-05,binance_BTCUSDT
1766361600,4.389e-05,binance_BTCUSDT
1766390400,4.524e-05,binance_BTCUSDT
1766419200,6.654e-05,binance_BTCUSDT
1766448000,2.633e-05,binance_BTCUSDT
1766476800,5.231e-05,binance_BTCUSDT
1766505600,1.795e-05,binance_BTCUSDT
1766534400,0.0001,binance_BTCUSDT
1766563200,8.455e-05,binance_BTCUSDT
1766592000,5.927e-05,binance_BTCUSDT
1766620800,5.953e-05,binance_BTCUSDT
1766649600,7.953e-05,binance_BTCUSDT
1766678400,8.322e-05,binance_BTCUSDT
1766707200,4.378e-05,binance_BTCUSDT
1766736000,5.427e-05,binance_BTCUSDT
1766764800,0.0001,binance_BTCUSDT
1766793600,1.809e-05,binance_BTCUSDT
1766822400,2.788e-05,binance_BTCUSDT
1766851200,5.85e-05,binance_BTCUSDT
1766880000,-3.6e-07,binance_BTCUSDT
1766908800,7.955e-05,binance_BTCUSDT
1766937600,9.464e-05,binance_BTCUSDT
1766966400,0.0001,binance_BTCUSDT
1766995200,0.0001,binance_BTCUSDT
1767024000,4.826e-05,binance_BTCUSDT
1767052800,0.0001,binance_BTCUSDT
1767081600,4.613e-05,binance_BTCUSDT
1767110400,8.345e-05,binance_BTCUSDT
1767139200,2.922e-05,binance_BTCUSDT
1767168000,1.453e-05,binance_BTCUSDT
1767196800,3.75e-05,binance_BTCUSDT
1767225600,0.0001,binance_BTCUSDT
1767254400,0.0001,binance_BTCUSDT
1767283200,1.711e-05,binance_BTCUSDT
1767312000,5.608e-05,binance_BTCUSDT
1767340800,4.219e-05,binance_BTCUSDT
1767369600,4.813e-05,binance_BTCUSDT
1767398400,3.11e-05,binance_BTCUSDT
1767427200,1.055e-05,binance_BTCUSDT
1767456000,6.938e-05,binance_BTCUSDT
1767484800,9.488e-05,binance_BTCUSDT
1767513600,5.813e-05,binance_BTCUSDT
1767542400,4.436e-05,binance_BTCUSDT
1767571200,8.893e-05,binance_BTCUSDT
1767600000,5.23e-05,binance_BTCUSDT
1767628800,7.723e-05,binance_BTCUSDT
1767657600,-1.376e-05,binance_BTCUSDT
1767686400,2.816e-05,binance_BTCUSDT
1767715200,2.691e-05,binance_BTCUSDT
1767744000,6.582e-05,binance_BTCUSDT
1767772800,0.0001,binance_BTCUSDT
1767801600,2.885e-05,binance_BTCUSDT
1767830400,8.693e-05,binance_BTCUSDT
1767859200,0.0001,binance_BTCUSDT
1767888000,6.436e-05,binance_BTCUSDT
1767916800,-2.813e-05,binance_BTCUSDT
1767945600,7.258e-05,binance_BTCUSDT
1767974400,2.18e-06,binance_BTCUSDT
1768003200,5.643e-05,binance_BTCUSDT
1768032000,7.657e-05,binance_BTCUSDT
1768060800,6.235e-05,binance_BTCUSDT
1768089600,8.744e-05,binance_BTCUSDT
1768118400,4.67e-05,binance_BTCUSDT
1768147200,1.667e-05,binance_BTCUSDT
1768176000,1.813e-05,binance_BTCUSDT
1768204800,2.902e-05,binance_BTCUSDT
1768233600,4.65e-05,binance_BTCUSDT
1768262400,2.245e-05,binance_BTCUSDT
1768291200,9.838e-05,binance_BTCUSDT
1768320000,3.445e-05,binance_BTCUSDT
1768348800,1.29e-06,binance_BTCUSDT
1768377600,2.497e-05,binance_BTCUSDT
1768406400,4.076e-05,binance_BTCUSDT
1768435200,-3.67e-06,binance_BTCUSDT
1768464000,1.749e-05,binance_BTCUSDT
1768492800,1.526e-05,binance_BTCUSDT
1768521600,7.34e-05,binance_BTCUSDT
1768550400,7.337e-05,binance_BTCUSDT
1768579200,2.495e-05,binance_BTCUSDT
1768608000,-1.78e-06,binance_BTCUSDT
1768636800,3.007e-05,binance_BTCUSDT
1768665600,2.976e-05,binance_BTCUSDT
1768694400,3.503e-05,binance_BTCUSDT
1768723200,9.616e-05,binance_BTCUSDT
1768752000,6.571e-05,binance_BTCUSDT
1768780800,3.473e-05,binance_BTCUSDT
1768809600,1.943e-05,binance_BTCUSDT
1768838400,2.494e-05,binance_BTCUSDT
1768867200,9.819e-05,binance_BTCUSDT
1768896000,6.626e-05,binance_BTCUSDT
1768924800,5.652e-05,binance_BTCUSDT
1768953600,0.0001,binance_BTCUSDT
1768982400,6.055e-05,binance_BTCUSDT
1769011200,2.41e-05,binance_BTCUSDT
1769040000,6.355e-05,binance_BTCUSDT
1769068800,5.11e-05,binance_BTCUSDT
1769097600,9.419e-05,binance_BTCUSDT
1769126400,5.09e-05,binance_BTCUSDT
1769155200,3.39e-05,binance_BTCUSDT
1769184000,6.968e-05,binance_BTCUSDT
1769212800,1.531e-05,binance_BTCUSDT
1769241600,8.909e-05,binance_BTCUSDT
1769270400,3.901e-05,binance_BTCUSDT
1769299200,1.336e-05,binance_BTCUSDT
1769328000,8.051e-05,binance_BTCUSDT
1769356800,4.917e-05,binance_BTCUSDT
1769385600,4.067e-05,binance_BTCUSDT
1769414400,2.847e-05,binance_BTCUSDT
1769443200,5.606e-05,binance_BTCUSDT
1769472000,4.267e-05,binance_BTCUSDT
1769500800,6.028e-05,binance_BTCUSDT
1769529600,7.503e-05,binance_BTCUSDT
1769558400,6.237e-05,binance_BTCUSDT
1769587200,6.174e-05,binance_BTCUSDT
1769616000,3.83e-05,binance_BTCUSDT
1769644800,7.21e-05,binance_BTCUSDT
1769673600,5.856e-05,binance_BTCUSDT
1769702400,4.023e-05,binance_BTCUSDT
1769731200,4.478e-05,binance_BTCUSDT
1769760000,1.714e-05,binance_BTCUSDT
1769788800,3.1e-06,binance_BTCUSDT
1769817600,9.693e-05,binance_BTCUSDT
1769846400,3.548e-05,binance_BTCUSDT
1769875200,6.585e-05,binance_BTCUSDT
1769904000,-3.267e-05,binance_BTCUSDT
1769932800,3.421e-05,binance_BTCUSDT
1769961600,1.722e-05,binance_BTCUSDT
1769990400,6.8e-07,binance_BTCUSDT
1770019200,-3.043e-05,binance_BTCUSDT
1770048000,-5.713e-05,binance_BTCUSDT
1770076800,-2.203e-05,binance_BTCUSDT
1770105600,2.245e-05,binance_BTCUSDT
1770134400,-4.65e-06,binance_BTCUSDT
1770163200,1.19e-06,binance_BTCUSDT
1770192000,3.551e-05,binance_BTCUSDT
1770220800,4.618e-05,binance_BTCUSDT
1770249600,9.173e-05,binance_BTCUSDT
1770278400,2.98e-06,binance_BTCUSDT
1770307200,-4.957e-05,binance_BTCUSDT
1770336000,-1.597e-05,binance_BTCUSDT
1770364800,-0.00013688,binance_BTCUSDT
1770393600,-0.00013478,binance_BTCUSDT
1770422400,-0.00015178,binance_BTCUSDT
1770451200,-8.326e-05,binance_BTCUSDT
1770480000,-2.907e-05,binance_BTCUSDT
1770508800,-3.403e-05,binance_BTCUSDT
1770537600,-3.546e-05,binance_BTCUSDT
1770566400,-4.864e-05,binance_BTCUSDT
1770595200,-3.075e-05,binance_BTCUSDT
1770624000,1.846e-05,binance_BTCUSDT
1770652800,-4.284e-05,binance_BTCUSDT
1770681600,-8.798e-05,binance_BTCUSDT
1770710400,-4.829e-05,binance_BTCUSDT
1770739200,-8.816e-05,binance_BTCUSDT
1770768000,1.4e-05,binance_BTCUSDT
1770796800,-8.417e-05,binance_BTCUSDT
1770825600,-1.169e-05,binance_BTCUSDT
1770854400,-1.381e-05,binance_BTCUSDT
1770883200,3.499e-05,binance_BTCUSDT
1770912000,-1.728e-05,binance_BTCUSDT
1770940800,5.834e-05,binance_BTCUSDT
1770969600,7.16e-06,binance_BTCUSDT
1770998400,-1.274e-05,binance_BTCUSDT
1771027200,1.291e-05,binance_BTCUSDT
1771056000,3.174e-05,binance_BTCUSDT
1771084800,-3.094e-05,binance_BTCUSDT
1771113600,-1.068e-05,binance_BTCUSDT
1771142400,4.664e-05,binance_BTCUSDT
1771171200,-2.371e-05,binance_BTCUSDT
1771200000,2.659e-05,binance_BTCUSDT
1771228800,-3.277e-05,binance_BTCUSDT
1771257600,-4.112e-05,binance_BTCUSDT
1771286400,5.883e-05,binance_BTCUSDT
1771315200,2.672e-05,binance_BTCUSDT
1771344000,5.077e-05,binance_BTCUSDT
1771372800,3.215e-05,binance_BTCUSDT
1771401600,-1.41e-06,binance_BTCUSDT
1771430400,3.604e-05,binance_BTCUSDT
1771459200,-4.014e-05,binance_BTCUSDT
1771488000,2.686e-05,binance_BTCUSDT
1771516800,-3.052e-05,binance_BTCUSDT
1771545600,5.365e-05,binance_BTCUSDT
1771574400,1.302e-05,binance_BTCUSDT
1771603200,-6.71e-06,binance_BTCUSDT
1771632000,4.456e-05,binance_BTCUSDT
1771660800,2.485e-05,binance_BTCUSDT
1771689600,3.235e-05,binance_BTCUSDT
1771718400,7.3e-06,binance_BTCUSDT
1771747200,4.2e-07,binance_BTCUSDT
1771776000,4.972e-05,binance_BTCUSDT
1771804800,6.946e-05,binance_BTCUSDT
1771833600,-9.317e-05,binance_BTCUSDT
1771862400,2.251e-05,binance_BTCUSDT
1771891200,5.706e-05,binance_BTCUSDT
1771920000,-1.193e-05,binance_BTCUSDT
1771948800,-1.82e-06,binance_BTCUSDT
1771977600,2.375e-05,binance_BTCUSDT
1772006400,3.3e-07,binance_BTCUSDT
1772035200,-9.68e-06,binance_BTCUSDT
1772064000,-1.998e-05,binance_BTCUSDT
1772092800,-1.128e-05,binance_BTCUSDT
1772121600,4.007e-05,binance_BTCUSDT
1772150400,-9.91e-06,binance_BTCUSDT
1772179200,-8.123e-05,binance_BTCUSDT
1772208000,-6.56e-06,binance_BTCUSDT
1772236800,4.041e-05,binance_BTCUSDT
1772265600,-3.727e-05,binance_BTCUSDT
1772294400,-4.305e-05,binance_BTCUSDT
1772323200,-6.88e-06,binance_BTCUSDT
1772352000,4.563e-05,binance_BTCUSDT
1772380800,2.948e-05,binance_BTCUSDT
1772409600,-2.99e-06,binance_BTCUSDT
1772438400,-1.956e-05,binance_BTCUSDT
1772467200,-1.083e-05,binance_BTCUSDT
1772496000,-1.86e-06,binance_BTCUSDT
1772524800,1.437e-05,binance_BTCUSDT
1772553600,1.481e-05,binance_BTCUSDT
1772582400,-5.39e-05,binance_BTCUSDT
1772611200,2.52e-05,binance_BTCUSDT
1772640000,4.683e-05,binance_BTCUSDT
1772668800,3.567e-05,binance_BTCUSDT
1772697600,4.965e-05,binance_BTCUSDT
1772726400,1.74e-06,binance_BTCUSDT
1772755200,1.689e-05,binance_BTCUSDT
1772784000,-3.061e-05,binance_BTCUSDT
1772812800,-2.176e-05,binance_BTCUSDT
1772841600,6.19e-06,binance_BTCUSDT
1772870400,3.525e-05,binance_BTCUSDT
1772899200,-4.217e-05,binance_BTCUSDT
1772928000,-4.496e-05,binance_BTCUSDT
1772956800,-1.115e-05,binance_BTCUSDT
1772985600,-2.868e-05,binance_BTCUSDT
1773014400,-5.77e-05,binance_BTCUSDT
1773043200,-4.579e-05,binance_BTCUSDT
1773072000,-3.431e-05,binance_BTCUSDT
1773100800,-2.394e-05,binance_BTCUSDT
1773129600,1.23e-05,binance_BTCUSDT
1773158400,1.738e-05,binance_BTCUSDT
1773187200,-0.00011052,binance_BTCUSDT
1773216000,-5.252e-05,binance_BTCUSDT
1773244800,-5.824e-05,binance_BTCUSDT
1773273600,-7.802e-05,binance_BTCUSDT
1773302400,-5.392e-05,binance_BTCUSDT
1773331200,-7.381e-05,binance_BTCUSDT
1773360000,-2.789e-05,binance_BTCUSDT
1773388800,4.263e-05,binance_BTCUSDT
1773417600,-6.38e-06,binance_BTCUSDT
1773446400,-3.79e-06,binance_BTCUSDT
1773475200,-3.988e-05,binance_BTCUSDT
1773504000,-4.851e-05,binance_BTCUSDT
1773532800,-1.883e-05,binance_BTCUSDT
1773561600,-6.461e-05,binance_BTCUSDT
1773590400,2.659e-05,binance_BTCUSDT
1773619200,2.513e-05,binance_BTCUSDT
1773648000,7.139e-05,binance_BTCUSDT
1773676800,2.015e-05,binance_BTCUSDT
1773705600,2.41e-06,binance_BTCUSDT
1773734400,-2.505e-05,binance_BTCUSDT
1773763200,-1.26e-05,binance_BTCUSDT
1773792000,-6.569e-05,binance_BTCUSDT
1773820800,-4.813e-05,binance_BTCUSDT
1773849600,2.418e-05,binance_BTCUSDT
1773878400,-9.74e-06,binance_BTCUSDT
1773907200,-3.012e-05,binance_BTCUSDT
1773936000,1.205e-05,binance_BTCUSDT
1773964800,6.25e-06,binance_BTCUSDT
1773993600,7.53e-06,binance_BTCUSDT
1774022400,-2.23e-06,binance_BTCUSDT
1774051200,-1.493e-05,binance_BTCUSDT
1774080000,-7.38e-06,binance_BTCUSDT
1774108800,1.093e-05,binance_BTCUSDT
1774137600,8.06e-06,binance_BTCUSDT
1774166400,-4.425e-05,binance_BTCUSDT
1774195200,-6.837e-05,binance_BTCUSDT
1774224000,-2.079e-05,binance_BTCUSDT
1774252800,-2.863e-05,binance_BTCUSDT
1774281600,1.6e-06,binance_BTCUSDT
1774310400,4.229e-05,binance_BTCUSDT
1774339200,3.675e-05,binance_BTCUSDT
1774368000,3.056e-05,binance_BTCUSDT
1774396800,2.31e-05,binance_BTCUSDT
1774425600,1.074e-05,binance_BTCUSDT
1774454400,4.721e-05,binance_BTCUSDT
1774483200,2.448e-05,binance_BTCUSDT
1774512000,1.379e-05,binance_BTCUSDT
1774540800,-2.103e-05,binance_BTCUSDT
1774569600,2.925e-05,binance_BTCUSDT
1774598400,-6.298e-05,binance_BTCUSDT
1774627200,-5.841e-05,binance_BTCUSDT
1774656000,-8.088e-05,binance_BTCUSDT
1774684800,-7.604e-05,binance_BTCUSDT
1774713600,-1.73e-06,binance_BTCUSDT
1774742400,-3.68e-05,binance_BTCUSDT
1774771200,-1.2e-07,binance_BTCUSDT
1774800000,2.677e-05,binance_BTCUSDT
1774828800,3e-06,binance_BTCUSDT
1774857600,4.92e-06,binance_BTCUSDT
1774886400,7.58e-06,binance_BTCUSDT
1774915200,1.16e-06,binance_BTCUSDT
1774944000,-1.921e-05,binance_BTCUSDT
1774972800,-2.763e-05,binance_BTCUSDT
1775001600,-3.449e-05,binance_BTCUSDT
1775030400,-4.61e-06,binance_BTCUSDT
1775059200,5.77e-06,binance_BTCUSDT
1775088000,3.521e-05,binance_BTCUSDT
1775116800,8.45e-06,binance_BTCUSDT
1775145600,-7.398e-05,binance_BTCUSDT
1775174400,-8.31e-06,binance_BTCUSDT
1775203200,-5.99e-06,binance_BTCUSDT
1775232000,3.51e-06,binance_BTCUSDT
1775260800,3.761e-05,binance_BTCUSDT
1775289600,4.115e-05,binance_BTCUSDT
1775318400,1.651e-05,binance_BTCUSDT
1775347200,2.407e-05,binance_BTCUSDT
1775376000,3.812e-05,binance_BTCUSDT
1775404800,1.889e-05,binance_BTCUSDT
1775433600,7.073e-05,binance_BTCUSDT
1775462400,5.544e-05,binance_BTCUSDT
1775491200,4.23e-06,binance_BTCUSDT
1775520000,-3.15e-06,binance_BTCUSDT
1775548800,3.703e-05,binance_BTCUSDT
1775577600,7.393e-05,binance_BTCUSDT
1775606400,6.02e-05,binance_BTCUSDT
1775635200,1.563e-05,binance_BTCUSDT
1775664000,4.048e-05,binance_BTCUSDT
1775692800,-1.47e-06,binance_BTCUSDT
1775721600,5.239e-05,binance_BTCUSDT
1775750400,-1.986e-05,binance_BTCUSDT
1775779200,4.11e-06,binance_BTCUSDT
1775808000,2.458e-05,binance_BTCUSDT
1775836800,-2.187e-05,binance_BTCUSDT
1775865600,-7.225e-05,binance_BTCUSDT
1775894400,-6.083e-05,binance_BTCUSDT
1775923200,-6.755e-05,binance_BTCUSDT
1775952000,-8.108e-05,binance_BTCUSDT
1775980800,-3.69e-05,binance_BTCUSDT
1776009600,-3.35e-06,binance_BTCUSDT
1776038400,-2.34e-06,binance_BTCUSDT
1776067200,-1.83e-06,binance_BTCUSDT
1776096000,-5.409e-05,binance_BTCUSDT
1776124800,-5.854e-05,binance_BTCUSDT
1776153600,2.732e-05,binance_BTCUSDT
1776182400,-5.234e-05,binance_BTCUSDT
1776211200,-9.313e-05,binance_BTCUSDT
1776240000,-5.085e-05,binance_BTCUSDT
1776268800,-7.151e-05,binance_BTCUSDT
1776297600,-3.418e-05,binance_BTCUSDT
1776326400,-2.841e-05,binance_BTCUSDT
1776355200,-2.225e-05,binance_BTCUSDT
1776384000,3.297e-05,binance_BTCUSDT
1776412800,2.781e-05,binance_BTCUSDT
1776441600,-0.00010789,binance_BTCUSDT
1776470400,-8.098e-05,binance_BTCUSDT
1776499200,-7.082e-05,binance_BTCUSDT
1776528000,-4.586e-05,binance_BTCUSDT
1776556800,-8.395e-05,binance_BTCUSDT
1776585600,-7.219e-05,binance_BTCUSDT
1776614400,-0.00012276,binance_BTCUSDT
1776643200,-4.615e-05,binance_BTCUSDT
1776672000,-4.778e-05,binance_BTCUSDT
1776700800,-2.745e-05,binance_BTCUSDT
1776729600,-7.937e-05,binance_BTCUSDT
1776758400,-5.824e-05,binance_BTCUSDT
1776787200,-4.242e-05,binance_BTCUSDT
1776816000,-2.237e-05,binance_BTCUSDT
1776844800,3.56e-05,binance_BTCUSDT
1776873600,-7.49e-06,binance_BTCUSDT
1776902400,-7.87e-05,binance_BTCUSDT
1776931200,-3.553e-05,binance_BTCUSDT
1776960000,-6.696e-05,binance_BTCUSDT
1776988800,-3.829e-05,binance_BTCUSDT
1777017600,-7.865e-05,binance_BTCUSDT
1777046400,-3.152e-05,binance_BTCUSDT
1777075200,-1.077e-05,binance_BTCUSDT
1777104000,-6.235e-05,binance_BTCUSDT
1777132800,-5.699e-05,binance_BTCUSDT
1777161600,2.41e-06,binance_BTCUSDT
1777190400,1.53e-06,binance_BTCUSDT
1777219200,1.95e-06,binance_BTCUSDT
1777248000,2.49e-06,binance_BTCUSDT
1777276800,-8.659e-05,binance_BTCUSDT
1777305600,-5.678e-05,binance_BTCUSDT
1777334400,-3.951e-05,binance_BTCUSDT
1777363200,-3.204e-05,binance_BTCUSDT
1777392000,5.242e-05,binance_BTCUSDT
1777420800,1.305e-05,binance_BTCUSDT
1777449600,-2.84e-05,binance_BTCUSDT
1777478400,3.571e-05,binance_BTCUSDT
1777507200,-4.22e-05,binance_BTCUSDT
1777536000,-1.837e-05,binance_BTCUSDT
1777564800,-2.904e-05,binance_BTCUSDT
1777593600,-3.746e-05,binance_BTCUSDT
1777622400,-1.81e-05,binance_BTCUSDT
1777651200,-3.143e-05,binance_BTCUSDT
1777680000,-8.22e-06,binance_BTCUSDT
1777708800,-5.103e-05,binance_BTCUSDT
1777737600,-2.54e-05,binance_BTCUSDT
1777766400,2.29e-05,binance_BTCUSDT
1777795200,-1.398e-05,binance_BTCUSDT
1777824000,7.03e-06,binance_BTCUSDT
1777852800,4.304e-05,binance_BTCUSDT
1777881600,-1.58e-06,binance_BTCUSDT
1777910400,-3.16e-05,binance_BTCUSDT
1777939200,-3.83e-06,binance_BTCUSDT
1777968000,-4.626e-05,binance_BTCUSDT
1777996800,-8.24e-05,binance_BTCUSDT
1778025600,-9.153e-05,binance_BTCUSDT
1778054400,-6.15e-05,binance_BTCUSDT
1778083200,-3.756e-05,binance_BTCUSDT
1778112000,-5.856e-05,binance_BTCUSDT
1778140800,-4.568e-05,binance_BTCUSDT
1778169600,-3.014e-05,binance_BTCUSDT
1778198400,-7.406e-05,binance_BTCUSDT
1778227200,2.415e-05,binance_BTCUSDT
1778256000,-1.542e-05,binance_BTCUSDT
1778284800,1.841e-05,binance_BTCUSDT
1778313600,-3.792e-05,binance_BTCUSDT
1778342400,3.645e-05,binance_BTCUSDT
1778371200,9e-07,binance_BTCUSDT
1778400000,4.626e-05,binance_BTCUSDT
1778428800,5.764e-05,binance_BTCUSDT
1778457600,5.798e-05,binance_BTCUSDT
1778486400,2.592e-05,binance_BTCUSDT
1778515200,4.555e-05,binance_BTCUSDT
1778544000,-1.15e-06,binance_BTCUSDT
1778572800,3.877e-05,binance_BTCUSDT
1778601600,5.822e-05,binance_BTCUSDT
1778630400,5.367e-05,binance_BTCUSDT
1778659200,5.437e-05,binance_BTCUSDT
1778688000,1.749e-05,binance_BTCUSDT
1778716800,3.928e-05,binance_BTCUSDT
1778745600,2.928e-05,binance_BTCUSDT
1778774400,4.094e-05,binance_BTCUSDT
1778803200,-4.239e-05,binance_BTCUSDT
1778832000,-1.893e-05,binance_BTCUSDT
1778860800,1.548e-05,binance_BTCUSDT
1778889600,3.938e-05,binance_BTCUSDT
1778918400,-2.1e-06,binance_BTCUSDT
1778947200,4.955e-05,binance_BTCUSDT
1778976000,4.037e-05,binance_BTCUSDT
1779004800,1.176e-05,binance_BTCUSDT
1779033600,4.8e-07,binance_BTCUSDT
1779062400,-1.131e-05,binance_BTCUSDT
1779091200,5.778e-05,binance_BTCUSDT
1779120000,7.178e-05,binance_BTCUSDT
1779148800,5.164e-05,binance_BTCUSDT
1779177600,4.809e-05,binance_BTCUSDT
1779206400,5.563e-05,binance_BTCUSDT
1779235200,3.254e-05,binance_BTCUSDT
1779264000,7.983e-05,binance_BTCUSDT
1779292800,6.858e-05,binance_BTCUSDT
1779321600,1.925e-05,binance_BTCUSDT
1779350400,4.003e-05,binance_BTCUSDT
1779379200,6.13e-05,binance_BTCUSDT
1779408000,3.564e-05,binance_BTCUSDT
1779436800,-8.2e-06,binance_BTCUSDT
1779465600,2.891e-05,binance_BTCUSDT
1779494400,1.783e-05,binance_BTCUSDT
1779523200,1.025e-05,binance_BTCUSDT
1779552000,7.441e-05,binance_BTCUSDT
1779580800,9.044e-05,binance_BTCUSDT
1779609600,6.29e-05,binance_BTCUSDT
1779638400,6.265e-05,binance_BTCUSDT
1779667200,6.549e-05,binance_BTCUSDT
1779696000,3.527e-05,binance_BTCUSDT
1779724800,1.426e-05,binance_BTCUSDT
1779753600,8.058e-05,binance_BTCUSDT
1779782400,3.852e-05,binance_BTCUSDT
1779811200,5.776e-05,binance_BTCUSDT
1779840000,0.0001,binance_BTCUSDT
1779868800,8.948e-05,binance_BTCUSDT
1779897600,9.914e-05,binance_BTCUSDT
1779926400,0.0001,binance_BTCUSDT
1779955200,5.011e-05,binance_BTCUSDT
1779984000,0.0001,binance_BTCUSDT
1780012800,0.0001,binance_BTCUSDT
1780041600,5.391e-05,binance_BTCUSDT
1780070400,6.702e-05,binance_BTCUSDT
1780099200,3.464e-05,binance_BTCUSDT
1780128000,4.732e-05,binance_BTCUSDT
1780156800,6.214e-05,binance_BTCUSDT
1780185600,4.432e-05,binance_BTCUSDT
1780214400,5.663e-05,binance_BTCUSDT
1780243200,5.988e-05,binance_BTCUSDT
1780272000,5.703e-05,binance_BTCUSDT
1780300800,4.438e-05,binance_BTCUSDT
1780329600,0.0001,binance_BTCUSDT
1780358400,0.0001,binance_BTCUSDT
1780387200,5.99e-05,binance_BTCUSDT
1780416000,8.345e-05,binance_BTCUSDT
1780444800,7.165e-05,binance_BTCUSDT
1780473600,5.229e-05,binance_BTCUSDT
1780502400,0.0001,binance_BTCUSDT
1780531200,2.705e-05,binance_BTCUSDT
1780560000,1.519e-05,binance_BTCUSDT
1780588800,-1.077e-05,binance_BTCUSDT
1780617600,1.315e-05,binance_BTCUSDT
1780646400,-1.431e-05,binance_BTCUSDT
1780675200,-8.63e-06,binance_BTCUSDT
1780704000,-1.234e-05,binance_BTCUSDT
1780732800,2.675e-05,binance_BTCUSDT
1780761600,-5.11e-06,binance_BTCUSDT
1780790400,-2.828e-05,binance_BTCUSDT
1780819200,4.07e-06,binance_BTCUSDT
1780848000,2.742e-05,binance_BTCUSDT
1780876800,3.533e-05,binance_BTCUSDT
1780905600,3.454e-05,binance_BTCUSDT
1780934400,1.22e-06,binance_BTCUSDT
1780963200,-1.565e-05,binance_BTCUSDT
1780992000,3.041e-05,binance_BTCUSDT
1781020800,6.06e-06,binance_BTCUSDT
1781049600,3.65e-06,binance_BTCUSDT
1781078400,-3.385e-05,binance_BTCUSDT
1781107200,2.542e-05,binance_BTCUSDT
1781136000,-8.11e-06,binance_BTCUSDT
1781164800,2.525e-05,binance_BTCUSDT
1781193600,2.736e-05,binance_BTCUSDT
1781222400,-1.303e-05,binance_BTCUSDT
1781251200,2.446e-05,binance_BTCUSDT
1781280000,8.4e-06,binance_BTCUSDT
1781308800,5.357e-05,binance_BTCUSDT
1781337600,6e-07,binance_BTCUSDT
1781366400,9.38e-06,binance_BTCUSDT
1781395200,-4.51e-05,binance_BTCUSDT
1781424000,-4.657e-05,binance_BTCUSDT
1781452800,-3.265e-05,binance_BTCUSDT
1781481600,2.808e-05,binance_BTCUSDT
1781510400,6.21e-06,binance_BTCUSDT
1781539200,-6.079e-05,binance_BTCUSDT
1781568000,-4.28e-06,binance_BTCUSDT
1781596800,-1.11e-05,binance_BTCUSDT
1781625600,2.46e-06,binance_BTCUSDT
1781654400,1.957e-05,binance_BTCUSDT
1781683200,-6.685e-05,binance_BTCUSDT
1781712000,-2.582e-05,binance_BTCUSDT
1781740800,2.636e-05,binance_BTCUSDT
1781769600,1.896e-05,binance_BTCUSDT
1781798400,8.72e-06,binance_BTCUSDT
1781827200,6.039e-05,binance_BTCUSDT
1781856000,1.984e-05,binance_BTCUSDT
1781884800,2.823e-05,binance_BTCUSDT
1781913600,5.814e-05,binance_BTCUSDT
1781942400,2.633e-05,binance_BTCUSDT
1781971200,3.985e-05,binance_BTCUSDT
1782000000,7.78e-06,binance_BTCUSDT
1782028800,3.034e-05,binance_BTCUSDT
1782057600,4.189e-05,binance_BTCUSDT
1782086400,6.572e-05,binance_BTCUSDT
1782115200,1.514e-05,binance_BTCUSDT
1782144000,4.813e-05,binance_BTCUSDT
1782172800,4.041e-05,binance_BTCUSDT
1782201600,1.655e-05,binance_BTCUSDT
1782230400,-1.889e-05,binance_BTCUSDT
1782259200,2.154e-05,binance_BTCUSDT
1782288000,2.134e-05,binance_BTCUSDT
1782316800,2.7e-07,binance_BTCUSDT
1782345600,-1.423e-05,binance_BTCUSDT
1782374400,-1.803e-05,binance_BTCUSDT
1782403200,1.58e-05,binance_BTCUSDT
1782432000,5.298e-05,binance_BTCUSDT
1782460800,5.904e-05,binance_BTCUSDT
1782489600,7.308e-05,binance_BTCUSDT
1782518400,5.255e-05,binance_BTCUSDT
1782547200,4.284e-05,binance_BTCUSDT
1782576000,3.742e-05,binance_BTCUSDT
1782604800,4.258e-05,binance_BTCUSDT
1782633600,1.355e-05,binance_BTCUSDT
1782662400,4.43e-05,binance_BTCUSDT
1782691200,3.112e-05,binance_BTCUSDT
1782720000,7.444e-05,binance_BTCUSDT
1782748800,8.658e-05,binance_BTCUSDT
1782777600,6.175e-05,binance_BTCUSDT
1782806400,8.349e-05,binance_BTCUSDT
1782835200,3.327e-05,binance_BTCUSDT
1782864000,5.532e-05,binance_BTCUSDT
1782892800,1.853e-05,binance_BTCUSDT
1782921600,7.073e-05,binance_BTCUSDT
1782950400,8.001e-05,binance_BTCUSDT
1782979200,5.238e-05,binance_BTCUSDT
1783008000,5.261e-05,binance_BTCUSDT
1783036800,0.0001,binance_BTCUSDT
1783065600,0.0001,binance_BTCUSDT
1783094400,3.74e-05,binance_BTCUSDT
1783123200,0.0001,binance_BTCUSDT
1783152000,0.0001,binance_BTCUSDT
1783180800,9.48e-05,binance_BTCUSDT
1783209600,9.533e-05,binance_BTCUSDT
1783238400,8.873e-05,binance_BTCUSDT
1783267200,8.608e-05,binance_BTCUSDT
1783296000,7.7e-05,binance_BTCUSDT
1783324800,6.12e-05,binance_BTCUSDT
1783353600,0.0001,binance_BTCUSDT
1783382400,0.0001,binance_BTCUSDT
1783411200,5.792e-05,binance_BTCUSDT
1783440000,6.825e-05,binance_BTCUSDT
1783468800,4.846e-05,binance_BTCUSDT
1783497600,7.24e-06,binance_BTCUSDT
1783526400,7.171e-05,binance_BTCUSDT
1783555200,6.16e-05,binance_BTCUSDT
1783584000,6.615e-05,binance_BTCUSDT
1783612800,4.912e-05,binance_BTCUSDT
1783641600,9.058e-05,binance_BTCUSDT
1783670400,7.247e-05,binance_BTCUSDT
1783699200,9.508e-05,binance_BTCUSDT
1783728000,0.0001,binance_BTCUSDT
1783756800,9.42e-06,binance_BTCUSDT
1783785600,4.156e-05,binance_BTCUSDT
1783814400,4.651e-05,binance_BTCUSDT
1783843200,6.315e-05,binance_BTCUSDT
1783872000,7.578e-05,binance_BTCUSDT
1783900800,1.521e-05,binance_BTCUSDT
1783929600,4.856e-05,binance_BTCUSDT
1783958400,0.0001,binance_BTCUSDT
1783987200,8.256e-05,binance_BTCUSDT
1784016000,3.489e-05,binance_BTCUSDT
1784044800,5.59e-05,binance_BTCUSDT
1784073600,0.0001,binance_BTCUSDT
1784102400,0.0001,binance_BTCUSDT
1784131200,4.457e-05,binance_BTCUSDT
1784160000,2.426e-05,binance_BTCUSDT
1784188800,7.584e-05,binance_BTCUSDT
1784217600,6.102e-05,binance_BTCUSDT
1784246400,7.639e-05,binance_BTCUSDT
1784275200,1.52e-05,binance_BTCUSDT
1784304000,6.045e-05,binance_BTCUSDT
1784332800,3.074e-05,binance_BTCUSDT
1784361600,6.955e-05,binance_BTCUSDT
1784390400,3.326e-05,binance_BTCUSDT
1784419200,4.06e-06,binance_BTCUSDT
1784448000,6.905e-05,binance_BTCUSDT
1784476800,5.235e-05,binance_BTCUSDT
1784505600,4.89e-05,binance_BTCUSDT
1784534400,5.278e-05,binance_BTCUSDT
1784563200,6.518e-05,binance_BTCUSDT
1784592000,5.4e-05,binance_BTCUSDT
1784620800,8.926e-05,binance_BTCUSDT
1784649600,1.894e-05,binance_BTCUSDT
1784678400,3.928e-05,binance_BTCUSDT
1784707200,5.448e-05,binance_BTCUSDT
1784736000,1.443e-05,binance_BTCUSDT
1784764800,-3.43e-06,binance_BTCUSDT
1784793600,2.71e-06,binance_BTCUSDT
1784822400,8.458e-05,binance_BTCUSDT
1784851200,7.598e-05,binance_BTCUSDT
1784880000,5.149e-05,binance_BTCUSDT
1784908800,5.879e-05,binance_BTCUSDT
1784937600,6.074e-05,binance_BTCUSDT
1784966400,5.425e-05,binance_BTCUSDT
1784995200,7.29e-06,binance_BTCUSDT
1785024000,3.878e-05,binance_BTCUSDT
1785052800,5.884e-05,binance_BTCUSDT
1785081600,5.819e-05,binance_BTCUSDT
1785110400,6.147e-05,binance_BTCUSDT
1785139200,6.452e-05,binance_BTCUSDT
1785168000,5.04e-05,binance_BTCUSDT
1785196800,4.208e-05,binance_BTCUSDT
1785225600,1.25e-06,binance_BTCUSDT
1785254400,6.689e-05,binance_BTCUSDT
1785283200,0.0001,binance_BTCUSDT
1785312000,0.0001,binance_BTCUSDT
1785340800,3.665e-05,binance_BTCUSDT
1785369600,8.462e-05,binance_BTCUSDT
1785398400,7.278e-05,binance_BTCUSDT
1785427200,9.029e-05,binance_BTCUSDT
1785456000,0.0001,binance_BTCUSDT
1785484800,9.405e-05,binance_BTCUSDT
1785513600,5.664e-05,binance_BTCUSDT
1785542400,4.123e-05,binance_BTCUSDT
1785571200,3.163e-05,binance_BTCUSDT
1785600000,3.545e-05,binance_BTCUSDT
1785628800,4.53e-05,binance_BTCUSDT
1785657600,8.943e-05,binance_BTCUSDT
1785686400,7.707e-05,binance_BTCUSDT
1785715200,0.0001,binance_BTCUSDT
1785744000,6.364e-05,binance_BTCUSDT
1785772800,2.474e-05,binance_BTCUSDT
1785801600,3.081e-05,binance_BTCUSDT
1785830400,6.248e-05,binance_BTCUSDT
1785859200,7.684e-05,binance_BTCUSDT
1785888000,1.674e-05,binance_BTCUSDT
1785916800,1.015e-05,binance_BTCUSDT
1785945600,2.676e-05,binance_BTCUSDT
1785974400,6.595e-05,binance_BTCUSDT
